"splt_lg","Freq"
"LG",416
"기술",253
"경험",230
"사람",218
"생산",183
"공정",168
"목표",162
"프로젝트",162
"지식",160
"제품",149
"팀",141
"업무",134
"저의",134
"분야",128
"후",121
"생활",118
"고객",117
"개발",111
"능력",110
"시장",110
"시스템",102
"역량",102
"문제",99
"직무",99
"설계",98
"관리",97
"회사",97
"전공",95
"과정",92
"바탕",91
"수업",91
"공학",90
"팀원",87
"기업",82
"엔지니어",82
"결과",81
"관심",81
"데이터",81
"열정",80
"계획",78
"세계",77
"연구",76
"환경",76
"동아리",73
"방법",73
"건강",71
"활동",69
"도전",68
"생각",68
"최고",68
"자동차",66
"효율",66
"영업",65
"인턴",65
"도움",64
"미래",64
"전문가",63
"컴퓨터",63
"앞",60
"상황",59
"노력",58
"인재",58
"전문",57
"프로그램",57
"결",56
"과목",56
"서비스",56
"성공",56
"디스플레이",55
"통신",55
"관련",54
"차량",53
"처음",53
"공부",52
"기계",52
"소통",52
"친구",52
"기존",51
"대회",51
"성장",51
"기본",50
"학교",49
"현장",49
"산업",48
"입사",48
"꿈",47
"디스",47
"레",47
"성과",47
"최적",47
"대학",46
"부품",46
"프로그래밍",46
"가치",45
"발전",44
"품질",44
"향상",44
"사업",43
"학년",43
"삶",42
"이후",42
"점",42
"처리",42
"책임감",41
"마음",40
"성적",40
"학생",40
"함",40
"네트워크",39
"시절",39
"이해",39
"제어",39
"후에",39
"과제",38
"글로벌",38
"리그",38
"학점",38
"데",37
"이론",37
"교육",36
"마케팅",36
"부분",36
"분석",36
"국내",35
"반도체",35
"시대",35
"정보",35
"취득",35
"회로",35
"개선",34
"기간",34
"사원",34
"운영",34
"유",34
"전기",34
"정도",34
"모습",33
"부서",33
"중요",33
"학부",33
"협력",33
"기회",32
"빅",32
"실패",32
"이유",32
"개인",31
"기반",31
"문제점",31
"성격",31
"실제",31
"실험",31
"언어",31
"지금",31
"화학",31
"발표",30
"역할",30
"제작",30
"졸업",30
"흥미",30
"자세",29
"자신감",29
"재료",29
"최종",29
"가능",28
"과학",28
"교수",28
"기초",28
"솔루션",28
"스스로",28
"업체",28
"작품",28
"주제",28
"진행",28
"경쟁력",27
"논문",27
"사고",27
"시",27
"장비",27
"중국",27
"특허",27
"팀워크",27
"플러스",27
"해외",27
"협업",27
"대하",26
"센서",26
"아이디어",26
"에너지",26
"지속",26
"지원",26
"혁신",26
"공모전",25
"공장",25
"군",25
"긍정",25
"기술력",25
"문화",25
"요소",25
"의견",25
"작업",25
"한계",25
"관계",24
"구조",24
"눈",24
"방식",24
"비전",24
"선배",24
"스마트",24
"실무",24
"알고리즘",24
"앱",24
"영어",24
"자료",24
"준비",24
"해결",24
"당시",23
"마지막",23
"소프트웨어",23
"특성",23
"현재",23
"교내",22
"디자인",22
"브랜드",22
"인생",22
"자격증",22
"태양",22
"프로세스",22
"핵심",22
"회의",22
"강점",21
"곳",21
"기능",21
"기사",21
"서로",21
"속",21
"수강",21
"스마트폰",21
"실습",21
"필수",21
"그것",20
"내용",20
"매력",20
"비용",20
"생명",20
"설비",20
"자동",20
"장점",20
"전체",20
"직",20
"차",20
"필요",20
"개발자",19
"경쟁",19
"말",19
"모바일",19
"선택",19
"성취",19
"아르바이트",19
"안전",19
"일정",19
"전략",19
"조사",19
"가격",18
"계기",18
"고등학교",18
"기기",18
"단계",18
"동시",18
"뒤",18
"만족",18
"몸",18
"사업부",18
"상품",18
"신뢰",18
"운동",18
"원가",18
"인터넷",18
"일원",18
"자연",18
"전반",18
"전지",18
"창의",18
"최선",18
"평가",18
"끝",17
"니즈",17
"달성",17
"동기",17
"라인",17
"매출",17
"변화",17
"비즈니스",17
"상용",17
"소비자",17
"수준",17
"신입",17
"원",17
"이익",17
"자원",17
"정신",17
"주변",17
"책",17
"학습",17
"효과",17
"건축",16
"고가",16
"길",16
"내",16
"모듈",16
"사항",16
"사회",16
"성능",16
"세상",16
"소재",16
"실력",16
"여름",16
"연구실",16
"영향",16
"우수한",16
"위",16
"재무",16
"전력",16
"절감",16
"조직",16
"체력",16
"최근",16
"판단",16
"한국",16
"경우",15
"기준",15
"대학교",15
"분석력",15
"사용",15
"상",15
"성취감",15
"우수",15
"원리",15
"원인",15
"웨어러블",15
"인프라",15
"잡지",15
"재고",15
"전공과목",15
"점수",15
"주행",15
"차세대",15
"투자",15
"판매",15
"하기",15
"하드웨어",15
"현실",15
"활용",15
"후배",15
"흐름",15
"힘",15
"가지",14
"갈등",14
"공학도",14
"근무",14
"노하우",14
"디바",14
"물류",14
"방향",14
"봉사",14
"부모",14
"선행",14
"안드로이드",14
"연구원",14
"자율",14
"자재",14
"적극적",14
"전",14
"주도",14
"최대",14
"최소",14
"최신",14
"축구",14
"학기",14
"해당",14
"해석",14
"간의",13
"게임",13
"경제",13
"구체",13
"답",13
"덕분",13
"동료",13
"배",13
"소자",13
"웹",13
"의료",13
"인",13
"인간",13
"장치",13
"전국",13
"제약",13
"차별",13
"책임",13
"최초",13
"타입",13
"개개인",12
"경기",12
"담당자",12
"말씀",12
"보",12
"분자",12
"뷰티",12
"사용자",12
"생산량",12
"서적",12
"수요",12
"순간",12
"어려움",12
"업계",12
"예상",12
"이슈",12
"인식",12
"자리",12
"제조",12
"집",12
"트렌드",12
"피드백",12
"화장품",12
"간",11
"고객사",11
"공간",11
"단점",11
"담당",11
"대화",11
"도로",11
"동향",11
"방학",11
"보고서",11
"본부",11
"부문",11
"분위기",11
"상태",11
"손",11
"수",11
"수도",11
"수행",11
"신호",11
"어플리케이션",11
"예선",11
"오류",11
"올해",11
"용량",11
"위기",11
"융합",11
"음악",11
"의사소통",11
"이미지",11
"인포테인먼트",11
"작곡",11
"종합",11
"중심",11
"지능",11
"커뮤니케이션",11
"파트",11
"협력하",11
"가장",10
"가치관",10
"경영학",10
"고민",10
"교환",10
"구매",10
"구축",10
"규모",10
"기법",10
"기획",10
"깊이",10
"끈기",10
"단가",10
"대구",10
"대부분",10
"마인드",10
"매장",10
"무선",10
"물품",10
"반응",10
"밤",10
"방안",10
"보람",10
"샵",10
"서버",10
"시그마",10
"시작",10
"심사",10
"안",10
"여행",10
"영상",10
"이야기",10
"자부심",10
"장기",10
"장정",10
"재생",10
"적용",10
"조원",10
"주도하",10
"진출",10
"차이",10
"칭찬",10
"테스트",10
"팀장",10
"플랫폼",10
"회장",10
"훈련",10
"경영",9
"관점",9
"국내외",9
"노트",9
"대비",9
"대표",9
"대표자",9
"디어",9
"뜻",9
"로봇",9
"멘토링",9
"물질",9
"방",9
"변환",9
"불량",9
"불편",9
"사물",9
"상사",9
"세",9
"수율",9
"시도",9
"시험",9
"신경",9
"안정",9
"연습",9
"완성",9
"위해선",9
"의사",9
"인원",9
"임",9
"입장",9
"자전거",9
"자체",9
"작년",9
"작동",9
"제조업",9
"주파수",9
"즐거움",9
"질",9
"질문",9
"체제",9
"클라우드",9
"태도",9
"토대",9
"토론",9
"통계",9
"통찰력",9
"패커",9
"펜",9
"프로",9
"하루",9
"핸드폰",9
"향후",9
"형태",9
"확보",9
"결정",8
"경로",8
"경진",8
"구성하",8
"국제",8
"달",8
"대학생",8
"멘토",8
"명의",8
"박람회",8
"병",8
"복합",8
"본선",8
"볼",8
"사례",8
"사실",8
"사진",8
"상대",8
"센터",8
"속도",8
"수단",8
"수익",8
"시야",8
"실시간",8
"아버지",8
"완벽",8
"외국어",8
"요구",8
"요청",8
"욕심",8
"원동력",8
"이동",8
"이외",8
"인상",8
"인턴십",8
"제게",8
"제한",8
"조건",8
"조교",8
"증가",8
"지역",8
"참가",8
"창조",8
"창출",8
"추가",8
"충족",8
"코드",8
"타임",8
"테이블",8
"평소",8
"하나하나",8
"학",8
"해결책",8
"홍보",8
"황하",8
"회계",8
"가족",7
"간접",7
"거래",7
"고장",7
"고통",7
"공감",7
"공대",7
"관리자",7
"구성원",7
"극복",7
"기구",7
"내기",7
"누군가",7
"대외",7
"대형",7
"도",7
"동작",7
"디지털",7
"리더십",7
"마무리",7
"마스크",7
"마음가짐",7
"메모리",7
"명",7
"모델",7
"모임",7
"모터",7
"목소리",7
"방송",7
"사용법",7
"사장",7
"상승",7
"설명",7
"설문",7
"성",7
"순환",7
"습관",7
"시뮬레이션",7
"실",7
"실적",7
"실행",7
"어머니",7
"엘지",7
"역사",7
"예비군",7
"예측",7
"오차",7
"용품",7
"운전자",7
"위원회",7
"유기",7
"의미",7
"의식",7
"이로",7
"인기",7
"자금",7
"장애우",7
"적성",7
"제공",7
"제출",7
"조화",7
"주",7
"직책",7
"진동",7
"집적",7
"집중력",7
"첨단",7
"초등학교",7
"카메라",7
"카페",7
"콘텐츠",7
"탈",7
"파악",7
"페이스",7
"학술",7
"학업",7
"학회",7
"합창",7
"핵",7
"행동",7
"화면",7
"확신",7
"가동",6
"가운데",6
"값",6
"강의",6
"거버",6
"계약",6
"고급",6
"고속",6
"곡",6
"공사",6
"교체",6
"구현",6
"그동안",6
"그룹",6
"그중",6
"근무자",6
"글",6
"기관",6
"기숙사",6
"기억",6
"날",6
"날짜",6
"낭비",6
"능률",6
"단체",6
"대상",6
"대학원",6
"데이터베이스",6
"도중",6
"마우스",6
"맞춤",6
"목적",6
"발원지",6
"배려",6
"배치",6
"배터리",6
"보안",6
"보조",6
"보탬",6
"분",6
"산학",6
"상대방",6
"서신",6
"선",6
"세부",6
"소중한",6
"수입",6
"숫자",6
"습득",6
"시너지",6
"시선",6
"약속",6
"엘지전자",6
"예비",6
"오늘",6
"외부",6
"용어",6
"원격",6
"원의",6
"위원",6
"위원장",6
"위치",6
"유지",6
"유학",6
"인력",6
"인지도",6
"일의",6
"일주",6
"임무",6
"자산",6
"작성",6
"적응",6
"전원",6
"조언",6
"조장",6
"중간",6
"중점",6
"중학교",6
"지원금",6
"직원",6
"차례",6
"컨버전스",6
"키",6
"키워",6
"통신사",6
"투명",6
"패",6
"패키지",6
"패턴",6
"팩",6
"편의",6
"학문",6
"학창",6
"합숙",6
"현상",6
"화공",6
"확인",6
"환자",6
"히",6
"가공",5
"가르침",5
"가정",5
"간섭",5
"개념",5
"건설",5
"공동",5
"공연",5
"공자",5
"교통",5
"교훈",5
"구동",5
"국가",5
"궁극",5
"극대",5
"기쁨",5
"남",5
"납기",5
"내부",5
"단기",5
"단원",5
"대인",5
"대중",5
"동력",5
"동선",5
"등록",5
"라이딩",5
"량",5
"리",5
"리드",5
"리스크",5
"마루",5
"마른",5
"만족도",5
"망설임",5
"매뉴얼",5
"매니저",5
"메뉴",5
"면",5
"면접",5
"모델링",5
"목",5
"몸무게",5
"무기",5
"무대",5
"문",5
"문구",5
"미국",5
"반복",5
"발생",5
"방지",5
"번역",5
"법",5
"보안성",5
"본격",5
"부재",5
"부착",5
"블루",5
"사이",5
"생체",5
"석유",5
"선두",5
"선생",5
"세미나",5
"소음",5
"수능",5
"수상",5
"수차례",5
"순조",5
"스터디",5
"신규",5
"양산",5
"역학",5
"연결",5
"연구소",5
"영역",5
"오픈",5
"운송",5
"응용",5
"이벤트",5
"이해도",5
"인공",5
"인류",5
"인터페이스",5
"자격",5
"자발",5
"저장",5
"적극",5
"적외선",5
"전산",5
"전시회",5
"전통",5
"점유율",5
"정기",5
"제안",5
"제작비",5
"종류",5
"주문",5
"주요",5
"증대",5
"진로",5
"진취",5
"집중",5
"참석하",5
"참여",5
"창고",5
"창작물",5
"체계",5
"체험",5
"초",5
"추진력",5
"축",5
"충격",5
"취업",5
"측면",5
"커피",5
"컨설팅",5
"컴퓨팅",5
"크기",5
"탈락",5
"통합",5
"투표",5
"툴",5
"특징",5
"티",5
"평균",5
"폰",5
"해",5
"행사",5
"호기심",5
"화장실",5
"확대",5
"회원",5
"획득",5
"가스",4
"감축",4
"강",4
"강사",4
"검색",4
"결과물",4
"경력",4
"경제학",4
"경향",4
"계발",4
"고산병",4
"고유",4
"고집",4
"과거",4
"관련하",4
"광",4
"구성",4
"국문",4
"군대",4
"금액",4
"기획력",4
"낮",4
"논리",4
"농구",4
"다이어트",4
"단축",4
"대립",4
"대처",4
"데모",4
"도구",4
"도시",4
"독자",4
"돈",4
"드럼",4
"드론",4
"리스트",4
"마에스트로",4
"마찬가지",4
"마케터",4
"망",4
"머리",4
"먹거리",4
"메모",4
"메시지",4
"면적",4
"무게",4
"문서",4
"물",4
"물리",4
"물성",4
"믿음",4
"밑거름",4
"발걸음",4
"버스",4
"변수",4
"복무",4
"본인",4
"부스",4
"부족",4
"비",4
"비교",4
"사내",4
"사랑",4
"사무",4
"상담",4
"샘플",4
"선도",4
"선수",4
"설득",4
"설정",4
"성가대",4
"소양",4
"쇼핑몰",4
"수료",4
"수영",4
"수집",4
"스승",4
"스트리밍",4
"시기",4
"시설",4
"시퀀스",4
"신",4
"신문",4
"신약",4
"신체",4
"실수",4
"실현",4
"아쉬움",4
"안구",4
"애",4
"약점",4
"에너지원",4
"연계",4
"연료",4
"열",4
"열등감",4
"영문",4
"영화",4
"예산",4
"온라인",4
"완성도",4
"외국인",4
"요인",4
"우위",4
"운용",4
"월간",4
"유니버시아드",4
"유럽",4
"유사",4
"유통",4
"의문",4
"의욕",4
"이등병",4
"이름",4
"이바지",4
"이윤",4
"이전",4
"인근",4
"인문학",4
"인사이트",4
"인연",4
"인정",4
"임원",4
"입지",4
"입학",4
"자유",4
"장",4
"재경",4
"재무제표",4
"재미",4
"저가",4
"전공자",4
"전달",4
"전망",4
"전문성",4
"전송",4
"전역",4
"전화",4
"접목",4
"젤",4
"조작",4
"존재",4
"존중",4
"종이",4
"주력",4
"주체",4
"중국어",4
"중국인",4
"지연",4
"지표",4
"직관",4
"차단",4
"창",4
"창업",4
"창의력",4
"철저",4
"청계천",4
"청소년",4
"초기",4
"촬영",4
"추천",4
"출원",4
"충돌",4
"측정",4
"캠퍼스",4
"클럽",4
"토",4
"통계학",4
"통의",4
"특정",4
"패기",4
"패널",4
"펭귄",4
"포트",4
"폭발",4
"프레임",4
"필기",4
"학과",4
"학원",4
"한국사",4
"행복",4
"헬스",4
"현지",4
"형",4
"호텔",4
"화물",4
"회화",4
"후의",4
"휴지걸이",4
"가슴",3
"가입",3
"가전",3
"감독",3
"감쇠",3
"개척",3
"거울",3
"걸음",3
"검지",3
"검토",3
"겨울",3
"결제",3
"결함",3
"결합",3
"경쟁사",3
"계산",3
"계열사",3
"고",3
"고인",3
"공",3
"공급",3
"공학자",3
"과학부",3
"광고",3
"교류",3
"규격",3
"그날",3
"그만큼",3
"기대",3
"기록",3
"기말",3
"기술원",3
"긴급",3
"길거리",3
"나라",3
"남아",3
"남지",3
"납품",3
"내의",3
"내일",3
"노래",3
"노트북",3
"뉴스",3
"느",3
"느낌",3
"능동",3
"다이빙",3
"다짐",3
"다툼",3
"단",3
"단어",3
"단위",3
"단일",3
"단장",3
"당사",3
"대",3
"대감",3
"대신",3
"대안",3
"대체",3
"대한민국",3
"동경",3
"동종",3
"뒷받침",3
"등급",3
"디딤돌",3
"러",3
"로드",3
"로컬",3
"리더",3
"링",3
"마",3
"마이크로",3
"만남",3
"만물",3
"만점",3
"매일",3
"매출액",3
"맵",3
"메소드",3
"며칠",3
"모교",3
"목숨",3
"박스",3
"밖",3
"반",3
"반면",3
"반제품",3
"발달",3
"발상",3
"발전소",3
"밤낮",3
"방문",3
"버릇",3
"번도",3
"번의",3
"범위",3
"법칙",3
"베",3
"베트남",3
"벽화",3
"보증",3
"복수",3
"복지",3
"복학",3
"부",3
"부담",3
"부여",3
"부품업",3
"분산",3
"불만",3
"브레이크",3
"블라인드",3
"사건",3
"사무실",3
"사이트",3
"사출",3
"사회생활",3
"살",3
"생활공간",3
"서브",3
"서울",3
"설계도",3
"세분",3
"소리",3
"소비",3
"소설",3
"소형",3
"손실",3
"수소",3
"수식어",3
"수정",3
"수직",3
"숙소",3
"순이익",3
"술",3
"스쿨",3
"스피치",3
"시공",3
"시범",3
"시연",3
"시트",3
"시행착오",3
"신념",3
"신생",3
"신청",3
"실생활",3
"실전",3
"실천",3
"심리",3
"쌓기",3
"아래",3
"아침",3
"아파트",3
"안전사고",3
"안정화",3
"압",3
"압도",3
"압력",3
"애플리케이션",3
"액정",3
"약사",3
"양보",3
"양성",3
"언행",3
"얼굴",3
"엑셀",3
"여유",3
"역대",3
"연락",3
"연속",3
"연장선",3
"연주",3
"연주회",3
"영광",3
"영리",3
"영업력",3
"오션",3
"온도",3
"외모",3
"외적",3
"외형",3
"요람",3
"용기",3
"우리나라",3
"우선순위",3
"울산",3
"원료",3
"월급",3
"위주",3
"유관",3
"유연한",3
"유행",3
"은",3
"음료",3
"음성",3
"이견",3
"이목",3
"이사",3
"인간관계",3
"인성",3
"인식하",3
"인적",3
"인증",3
"인품",3
"일련",3
"일부",3
"일자리",3
"일주일",3
"임기",3
"입대",3
"입점",3
"자랑",3
"잠재력",3
"잡기",3
"잡지사",3
"장단점",3
"장애물",3
"장학",3
"장학금",3
"재",3
"재산",3
"재질",3
"재학",3
"적",3
"전공의",3
"전소",3
"절대",3
"점유",3
"정밀",3
"정직",3
"제대",3
"조도",3
"조절",3
"조직원",3
"주말",3
"주목",3
"주위",3
"주인",3
"주인공",3
"중앙",3
"증진",3
"지난해",3
"지닌",3
"지원군",3
"지원자",3
"지질",3
"지하철",3
"직업",3
"진입",3
"진학",3
"짐",3
"차원",3
"참가자",3
"척하",3
"첫날",3
"초점",3
"총무",3
"총학생회",3
"축제",3
"출발",3
"치의",3
"카드",3
"칼럼",3
"캐시",3
"커버",3
"컨셉",3
"컨퍼런스",3
"케어",3
"코딩",3
"키워드",3
"킹",3
"탈퇴",3
"테크노",3
"투스",3
"트랙",3
"트론",3
"파",3
"패러다임",3
"페이지",3
"포",3
"폼",3
"표",3
"플라스틱",3
"플레이어",3
"피해",3
"필리핀",3
"하반기",3
"하시",3
"학교생활",3
"한순간",3
"한편",3
"합격",3
"현금",3
"현대",3
"협조",3
"홈",3
"활력소",3
"회복",3
"획",3
"후원",3
"휴대",3
"휴대폰",3
"희망",3
"가게",2
"가면",2
"가상",2
"가장자리",2
"각도",2
"갈증",2
"감각",2
"감동",2
"감명",2
"강도",2
"강행군",2
"개막",2
"개의",2
"거동",2
"거리",2
"건설업",2
"걸림돌",2
"검사",2
"검수",2
"검정",2
"게임기",2
"격려",2
"격차",2
"결론",2
"결속력",2
"결심",2
"결점",2
"경사로",2
"경영진",2
"계곡",2
"계수",2
"계정",2
"계좌",2
"계층",2
"고등학생",2
"고산",2
"고향",2
"공공",2
"공급자",2
"공모",2
"공무",2
"공박",2
"공백",2
"공작",2
"과기대",2
"과수",2
"과외",2
"관객",2
"관계자",2
"관리사",2
"관심사",2
"관중",2
"광사",2
"광학",2
"교과목",2
"교육장",2
"구간",2
"구미",2
"구역",2
"구토",2
"국민",2
"국방",2
"국산",2
"귀성",2
"그간",2
"극장",2
"극한",2
"근본",2
"근성",2
"근처",2
"금융",2
"급여",2
"기계공",2
"기분",2
"기사도",2
"기술부",2
"기술인",2
"기술직",2
"기어",2
"기업인",2
"기여",2
"기장",2
"기지",2
"기획부",2
"기획자",2
"긴장",2
"길만",2
"깨달음",2
"꽃",2
"나무",2
"나중",2
"난관",2
"남성",2
"내역",2
"네일",2
"노이즈",2
"논쟁",2
"농도",2
"눈높이",2
"니",2
"다양",2
"다운",2
"다음날",2
"단순",2
"단역",2
"대관",2
"대만",2
"대비책",2
"대상자",2
"대여",2
"대응",2
"대전",2
"덕목",2
"덩어리",2
"도매",2
"도요타",2
"도전일",2
"독보",2
"동구",2
"동생",2
"동영상",2
"동적",2
"두려움",2
"두통",2
"등산",2
"디자이너",2
"딜레이",2
"땀",2
"라우",2
"레벨",2
"렌터카",2
"로고",2
"로드맵",2
"로또",2
"롤",2
"리조트",2
"리포트",2
"마사지",2
"마찰",2
"마크",2
"마트",2
"막판",2
"매쉬",2
"매체",2
"멀티",2
"메모지",2
"메인",2
"메카트로닉스",2
"모기",2
"모범",2
"모집",2
"목욕",2
"목적의식",2
"몫",2
"몸매",2
"무",2
"무용지물",2
"무한",2
"문구점",2
"문법",2
"문의",2
"물레방아",2
"뮤지컬",2
"미",2
"미모",2
"미션",2
"미장",2
"바다",2
"바우처",2
"박사",2
"반대",2
"반영한",2
"발",2
"발광",2
"발판",2
"발표력",2
"발표회",2
"밤길",2
"밥",2
"방면",2
"방문자",2
"배가",2
"배관",2
"배송",2
"백록담",2
"밴드",2
"버튼",2
"번호",2
"벽면",2
"변경",2
"변동",2
"별",2
"별명",2
"병목",2
"보상",2
"보완",2
"본질",2
"볼륨",2
"부상",2
"부장",2
"부탁",2
"분기",2
"불량품",2
"비결",2
"비중",2
"비판",2
"사고력",2
"사명감",2
"사업자",2
"사전",2
"사정",2
"산",2
"산화물",2
"삼성",2
"삼성전자",2
"상반기",2
"상영",2
"상의",2
"상점",2
"새로움",2
"새벽",2
"색",2
"생산자",2
"생산지",2
"생활신조",2
"서점",2
"서포터",2
"선봉장",2
"선임",2
"선점",2
"선정",2
"성공기",2
"성사",2
"성실",2
"세법",2
"세일즈",2
"센스",2
"소비량",2
"소식",2
"소장",2
"소지",2
"소질",2
"손잡이",2
"송수신",2
"쇠락",2
"수량",2
"수리",2
"수명",2
"수술",2
"수습",2
"수용",2
"수치",2
"수칙",2
"숙지",2
"스위치",2
"스케줄",2
"스쿠버",2
"스크랩",2
"스크린",2
"스타트",2
"스폰서",2
"스프레이",2
"스피커",2
"시나리오",2
"시내",2
"시민",2
"식사",2
"신경망",2
"신고",2
"신뢰도",2
"신서",2
"신청서",2
"신호등",2
"실사",2
"실용",2
"실질",2
"실행력",2
"실험실",2
"심",2
"심도",2
"아기",2
"아무것",2
"아카데미",2
"아픔",2
"악취",2
"안내",2
"안전장치",2
"암",2
"애완동물",2
"야간",2
"야근",2
"약국",2
"약지",2
"양상",2
"양이",2
"양질",2
"얘기",2
"어르신",2
"업장",2
"엉망",2
"엠티",2
"여가",2
"여건",2
"연간",2
"연골",2
"연구회",2
"연동",2
"연재",2
"열린",2
"영업인",2
"영예",2
"영향력",2
"예기",2
"예선전",2
"예정",2
"예행연습",2
"오답",2
"오타",2
"오프라인",2
"온몸",2
"외고",2
"외식",2
"외주",2
"요금",2
"요령",2
"요리",2
"용돈",2
"용접",2
"우",2
"운동장",2
"운전",2
"워크",2
"원목",2
"웨이터",2
"위로",2
"유동",2
"유전",2
"유체",2
"유치",2
"유혹",2
"응급",2
"의류",2
"의무",2
"의문점",2
"의존",2
"의지",2
"이고",2
"이물",2
"이상인",2
"이온",2
"이용",2
"이용자",2
"이음",2
"이의",2
"이하",2
"인도",2
"인물",2
"인사",2
"인터뷰",2
"인턴사원",2
"일등",2
"일례",2
"일반",2
"일반인",2
"일본어",2
"일부분",2
"일상",2
"일쑤",2
"일해",2
"임의",2
"입상",2
"입시",2
"자격시험",2
"자기학",2
"자문",2
"자연광",2
"자연주의",2
"자질",2
"작법",2
"작정",2
"작품전",2
"잠",2
"장기간",2
"장려상",2
"장식",2
"재수",2
"저녁",2
"저자",2
"저하",2
"저항",2
"적기",2
"적도",2
"적인",2
"전날",2
"전달력",2
"전장",2
"전파",2
"절",2
"절충안",2
"점주",2
"접근",2
"정",2
"정공법",2
"정규",2
"정보량",2
"정상",2
"정적",2
"정책",2
"정체",2
"정해진",2
"제도",2
"제목",2
"제시",2
"제자리",2
"제휴",2
"조가",2
"조립",2
"조율",2
"존경",2
"주도자",2
"주먹구구식",2
"주문량",2
"주민",2
"주자",2
"주차",2
"중소기업",2
"중요도",2
"중지",2
"즈",2
"증류",2
"지급",2
"지대",2
"지리",2
"지인",2
"지점",2
"지킬",2
"직업관",2
"진심",2
"질병",2
"질의",2
"차이점",2
"차질",2
"참고서",2
"참석",2
"채널",2
"채팅",2
"처치",2
"철학",2
"청춘",2
"체격",2
"체공",2
"체육",2
"체중",2
"초반",2
"초창기",2
"최고점",2
"최소한",2
"추세",2
"출장",2
"출전",2
"출판",2
"출하",2
"취미",2
"층",2
"친화력",2
"칩",2
"캠프",2
"커뮤니티",2
"커피숍",2
"컬",2
"컬렉터",2
"코스",2
"쾌거",2
"클라이언트",2
"타기",2
"타깃",2
"탐사",2
"태",2
"테니스",2
"토의",2
"통",2
"통로",2
"통신망",2
"통장",2
"통제",2
"통제하",2
"통찰",2
"퇴근",2
"퇴치",2
"투자가",2
"트랜드",2
"트랜지스터",2
"특수",2
"특전사",2
"틀",2
"파수",2
"파일",2
"파트타임",2
"파티",2
"판촉",2
"팔방미인",2
"패드",2
"퍼스트",2
"펌프",2
"편집",2
"평",2
"평상",2
"포스터",2
"포트폴리오",2
"폭우",2
"표면",2
"표본",2
"표시",2
"표창",2
"표현",2
"표현력",2
"풍력",2
"퓨쳐",2
"플랜트",2
"피부",2
"피아노",2
"픽셀",2
"핀",2
"핀테",2
"필터",2
"하나라",2
"하락",2
"하루하루",2
"하수도",2
"하이테크",2
"학급",2
"한글",2
"한동안",2
"한손",2
"한식",2
"한양대생",2
"한정",2
"한치",2
"할당",2
"합리",2
"항",2
"해발",2
"해상",2
"헌신",2
"현업",2
"현황",2
"형식",2
"형편",2
"혼란",2
"홍콩",2
"화상",2
"화질",2
"확률",2
"황금",2
"회",2
"회계사",2
"회계학",2
"효능",2
"훗날",2
"휴식",2
"히스토리",2
"MB",1
"USB",1
"가계",1
"가교",1
"가구",1
"가까이",1
"가독",1
"가방",1
"가성",1
"가식",1
"가열",1
"가요제",1
"가용",1
"가이드라인",1
"가전제품",1
"각계각층",1
"간소화",1
"간식",1
"간편",1
"갈망",1
"갈색",1
"감당",1
"감량",1
"감사",1
"감상",1
"감성",1
"감점",1
"강성",1
"강습",1
"강압",1
"강의실",1
"강해",1
"개구리",1
"개근상",1
"개량",1
"개발부",1
"개발실",1
"개별",1
"개선책",1
"개성",1
"개수",1
"개제",1
"개척자",1
"개헤엄",1
"객관적",1
"갤럭시",1
"거대",1
"거래처",1
"거리에서",1
"거부감",1
"거주",1
"거짓말",1
"거총",1
"건",1
"건의",1
"건자재",1
"건축장",1
"건축지",1
"건축학",1
"걸이",1
"검열",1
"겁",1
"게시물",1
"게시판",1
"게재",1
"견학",1
"결단",1
"결단력",1
"결산",1
"결속",1
"결승",1
"결승전",1
"결실",1
"경량",1
"경북",1
"경북대학교",1
"경연",1
"경쟁률",1
"경찰",1
"경청",1
"곁",1
"계",1
"계기판",1
"계단",1
"계속",1
"계약금",1
"계약부",1
"계전",1
"계절",1
"계측",1
"계통",1
"계피",1
"계획도",1
"고과",1
"고교",1
"고난",1
"고덕",1
"고든",1
"고려",1
"고령",1
"고무",1
"고민한",1
"고배",1
"고사",1
"고생",1
"고안",1
"고온",1
"고자",1
"고전",1
"고지",1
"고질",1
"고차",1
"고철",1
"고학",1
"공감대",1
"공개",1
"공고",1
"공과",1
"공군",1
"공급량",1
"공급처",1
"공기",1
"공기압",1
"공동체",1
"공략",1
"공법",1
"공상",1
"공식",1
"공업",1
"공익사업",1
"공통분모",1
"공학부",1
"공항",1
"과도",1
"과만",1
"과반",1
"과언",1
"과일",1
"관계사",1
"관람",1
"관리비",1
"관리실",1
"관의",1
"관절",1
"관절염",1
"관찰력",1
"관하",1
"관해",1
"광고판",1
"광저우",1
"괴리감",1
"교과",1
"교과서",1
"교구",1
"교내외",1
"교대",1
"교류전",1
"교사",1
"교양",1
"교외",1
"교재",1
"교차",1
"교토",1
"교회",1
"구글",1
"구독",1
"구동력",1
"구로",1
"구매비",1
"구미시",1
"구별",1
"구석구석",1
"구성해",1
"구유",1
"구장",1
"구전",1
"구절",1
"구조물",1
"구직",1
"국경",1
"국민은행",1
"국장",1
"군부대",1
"군전",1
"굴뚝",1
"궁금증",1
"권유",1
"권총",1
"궤적",1
"귀",1
"귀가",1
"귀감",1
"귀사",1
"그곳",1
"그다음",1
"그래프",1
"그리드",1
"그린",1
"극",1
"근거",1
"근력",1
"근로",1
"근면",1
"근무일",1
"근무지",1
"근시안",1
"글씨",1
"금",1
"금속",1
"금형",1
"기",1
"기계설",1
"기동",1
"기록부",1
"기상",1
"기수",1
"기술과",1
"기술사",1
"기술자",1
"기업관",1
"기운",1
"기울기",1
"기자",1
"기자재",1
"기적",1
"기정사실",1
"기준선",1
"기체",1
"기한",1
"기획부장",1
"기획서",1
"기후",1
"긴장감",1
"길일",1
"길지",1
"김태원",1
"까라",1
"꼭지",1
"꿀잼",1
"끝맺음",1
"끼니",1
"나머지",1
"나이",1
"나침반",1
"난",1
"난이도",1
"난제",1
"날다",1
"날씨",1
"남녀노소",1
"남이",1
"남자",1
"납땜",1
"내면",1
"내시",1
"내역서",1
"내외",1
"내장재",1
"내지",1
"냄비",1
"냄새",1
"냉매",1
"냉장고",1
"넓이",1
"네덜란드",1
"네이버",1
"네이처",1
"네티즌",1
"네팔",1
"노",1
"노광",1
"노드",1
"노잼",1
"녹스",1
"놀이",1
"높이",1
"뇌리",1
"누수",1
"눈보라",1
"닉네임",1
"다",1
"다각",1
"다국적",1
"다기능",1
"다남",1
"다량",1
"다름",1
"다리",1
"다방면",1
"다변",1
"다음번",1
"다중",1
"단과대",1
"단기간",1
"단말",1
"단열",1
"단체전",1
"단편",1
"단행본",1
"달라",1
"달리기",1
"담임",1
"답변",1
"당뇨병",1
"당위",1
"대기",1
"대내외",1
"대다수",1
"대등",1
"대로",1
"대리점",1
"대박",1
"대본",1
"대상물",1
"대세",1
"대역폭",1
"대우",1
"대의",1
"대지",1
"대처법",1
"대표부",1
"대학교수",1
"대학로",1
"대행",1
"대형마",1
"덕",1
"데드라인",1
"도급",1
"도넛",1
"도달",1
"도덕",1
"도매상",1
"도박",1
"도서관",1
"도안",1
"도어",1
"도입부",1
"도적",1
"도전자",1
"도출",1
"독거노인",1
"독려",1
"독서",1
"독서실",1
"독일",1
"독점",1
"독창",1
"독학",1
"독해",1
"돌다리",1
"돌발",1
"돌파구",1
"돗자리",1
"동력원",1
"동문",1
"동물",1
"동역학",1
"동의",1
"동일문",1
"동화",1
"되",1
"되새김",1
"두",1
"두각",1
"두부",1
"두산",1
"드라이기",1
"드로잉",1
"등록금",1
"등반",1
"디스크",1
"땅속",1
"라디오",1
"라이센스",1
"라이프",1
"라포",1
"랜덤",1
"램",1
"레고",1
"레귤레이터",1
"레드",1
"레스토랑",1
"레이",1
"렌탈",1
"로그인",1
"로우",1
"롯데",1
"롯데월드",1
"루",1
"루게릭",1
"루터",1
"륜",1
"리더쉽",1
"리듬",1
"리무진",1
"리서치",1
"리튬",1
"리허설",1
"링크",1
"마감",1
"마련",1
"마스터",1
"마이닝",1
"마이크",1
"마이크로프로세서",1
"마이티",1
"마주한",1
"마진",1
"마카오",1
"막",1
"만",1
"만감",1
"만병통치약",1
"만보계",1
"만성",1
"말레이시아",1
"맞벌이",1
"맡",1
"매니아",1
"매니지먼트",1
"매사",1
"매주",1
"맨",1
"머신",1
"먼지",1
"메",1
"메가",1
"메세지",1
"메신저",1
"메일",1
"메커니즘",1
"면담",1
"면도",1
"면목",1
"면세점",1
"명망",1
"명세",1
"명언",1
"명예",1
"명인",1
"명중",1
"모금",1
"모양",1
"모의고사",1
"모자",1
"모토",1
"목적지",1
"목포",1
"무궁무진",1
"무급",1
"무료",1
"무릎",1
"무리",1
"무산",1
"무역전",1
"무채색",1
"문과",1
"문명",1
"문외한",1
"문자",1
"물동량",1
"물량",1
"뭐",1
"미덕",1
"미술",1
"미스",1
"미안",1
"미용실",1
"미지",1
"미팅",1
"밀",1
"밀고",1
"밀도",1
"밑바탕",1
"바닥재",1
"박막",1
"박차",1
"반발심",1
"반석",1
"반전",1
"반품",1
"반항",1
"받아쓰기",1
"발견",1
"발급",1
"발명",1
"발자취",1
"발전기",1
"밝기",1
"방이",1
"방진",1
"방책",1
"방침",1
"방편",1
"방해",1
"배경",1
"배기가스",1
"배부",1
"배양",1
"배역",1
"배우자",1
"배향",1
"백색",1
"백신",1
"백전",1
"백화점",1
"버그",1
"버그만",1
"버전",1
"버크셔",1
"버핏",1
"번이",1
"벌이",1
"범용",1
"법인",1
"법학",1
"베어링",1
"벡터",1
"벤더",1
"벤처",1
"벤치",1
"벤터",1
"벨트",1
"벽",1
"변리사",1
"변신",1
"변혁",1
"병원",1
"보고자",1
"보고타",1
"보드",1
"보모",1
"보물",1
"보수",1
"보쉬",1
"보인",1
"보일",1
"보장",1
"보전",1
"보충",1
"보컬",1
"보통",1
"복",1
"복귀",1
"복싱",1
"복용",1
"복원",1
"복제",1
"본격화",1
"본대회",1
"본래",1
"본분",1
"볼트",1
"볼펜",1
"봉",1
"봉합",1
"부담감",1
"부동",1
"부르기",1
"부산",1
"부서원",1
"부속품",1
"부위",1
"부정",1
"부하",1
"부호",1
"북구",1
"북극곰",1
"분담",1
"분리",1
"분명",1
"분배",1
"분식",1
"분업",1
"분포",1
"불",1
"불가능",1
"불산",1
"불안",1
"불우",1
"붙임성",1
"뷔페",1
"뷰",1
"브로셔",1
"블로그",1
"블루스",1
"비난",1
"비명",1
"비서",1
"비선",1
"비율",1
"비지니스",1
"비품",1
"빈곤",1
"빈도",1
"빈손",1
"빌",1
"빙판",1
"뿌리",1
"사각지대",1
"사격",1
"사고방식",1
"사교",1
"사기",1
"사다리",1
"사드",1
"사롱",1
"사명",1
"사무소",1
"사안",1
"사업장",1
"사우디아라비아",1
"사의",1
"사이드",1
"사이사이",1
"사저",1
"삭제",1
"산출",1
"산학연",1
"살길",1
"삶이",1
"삼촌",1
"상권",1
"상법",1
"상상",1
"상식",1
"상실",1
"상처",1
"상품군",1
"상호",1
"새내기",1
"색감",1
"색깔",1
"색상",1
"생산기",1
"생산력",1
"생산업",1
"생산일",1
"생선",1
"생성",1
"생애",1
"생존",1
"생활비",1
"샤프트",1
"서",1
"서기",1
"서류",1
"서문",1
"서비스업",1
"서울외곽순환도로",1
"석사",1
"석탄",1
"선견지명",1
"선명",1
"선재",1
"선진",1
"선출",1
"선풍기",1
"선후배",1
"설",1
"설계과",1
"설득력",1
"설립",1
"설명회",1
"설문지",1
"설치",1
"설치비",1
"섬유",1
"섭씨",1
"성과물",1
"성분",1
"성숙",1
"성시",1
"성인",1
"성장세",1
"성향",1
"성형",1
"성황",1
"세계인",1
"세무서",1
"세월",1
"세트",1
"세팅",1
"세포",1
"셀",1
"셀링",1
"소",1
"소개",1
"소극적",1
"소낙비",1
"소량",1
"소방차",1
"소속",1
"소속감",1
"소수",1
"소요",1
"소프트",1
"소홀",1
"속담",1
"손님",1
"손자병법",1
"손전등",1
"손질",1
"손짓",1
"솔로",1
"솔선수범",1
"쇼",1
"쇼트",1
"숍",1
"수고비",1
"수금",1
"수급",1
"수련회",1
"수립",1
"수변",1
"수부",1
"수석",1
"수성",1
"수성구",1
"수신기",1
"수신호",1
"수요량",1
"수조",1
"수주",1
"수출",1
"수평",1
"수학",1
"숙련",1
"숙명",1
"숙박",1
"숙제",1
"순발력",1
"순식간",1
"순위",1
"숨",1
"숫기",1
"스크립트",1
"스토리지",1
"스톤",1
"스트레스",1
"스트립",1
"스티브",1
"스페셜리스트",1
"스포츠",1
"스폰서십",1
"스폰지",1
"슬로건",1
"승",1
"승강장",1
"승리자",1
"승인",1
"승차권",1
"승패",1
"시간대",1
"시간표",1
"시계열",1
"시너",1
"시바",1
"시상식",1
"시시각각",1
"시안",1
"시연회",1
"시제품",1
"시중",1
"시표",1
"시합",1
"시행",1
"시험공부",1
"식단",1
"식도",1
"식사량",1
"식스",1
"식재",1
"식품",1
"신경질",1
"신도림",1
"신뢰감",1
"신분",1
"신성",1
"신속",1
"신이",1
"신조",1
"신청자",1
"신학기",1
"신화",1
"실기",1
"실리콘",1
"실망",1
"실망감",1
"실무자",1
"실외",1
"실용신안",1
"실의",1
"실장",1
"실정",1
"실측",1
"심박수",1
"싹",1
"쓰임새",1
"아시아",1
"아웃",1
"아이템",1
"아키오",1
"아키텍처",1
"아토피",1
"아파치",1
"악기",1
"악성",1
"악세사리",1
"악순환",1
"악조건",1
"안개",1
"안건",1
"안목",1
"안심",1
"안착",1
"암호",1
"압박",1
"압축기",1
"앞날",1
"앞줄",1
"애견",1
"애드리브",1
"애로",1
"애사심",1
"애정",1
"애착",1
"액",1
"액셀",1
"액션",1
"액자",1
"액체",1
"앤드",1
"약이",1
"약품",1
"양도",1
"양의",1
"양측",1
"양판점",1
"어깨",1
"어린이",1
"어학",1
"어학연수",1
"어휘",1
"얼음",1
"업그레이드",1
"에반게리온",1
"에스테",1
"에어백",1
"에이스",1
"에피소드",1
"엑스트라",1
"엔시",1
"엔지니어링",1
"여야",1
"여유란",1
"여자",1
"여타",1
"역",1
"역기",1
"역전승",1
"역지사지",1
"연",1
"연관",1
"연극사",1
"연기",1
"연령대",1
"연산",1
"연예인",1
"열등",1
"열망",1
"열쇠",1
"열역학",1
"열의",1
"열풍",1
"열흘",1
"염두",1
"영감",1
"영국",1
"영수증",1
"영업점",1
"영웅",1
"영하",1
"영화배우",1
"영훈",1
"옆",1
"예방",1
"예배",1
"예산안",1
"예상하",1
"예술전",1
"예약",1
"예의",1
"예전",1
"예제",1
"오기",1
"오염",1
"오작동",1
"오전",1
"오케스트라",1
"오해",1
"오후",1
"오휘",1
"옥외",1
"온수",1
"온실",1
"온종일",1
"옷",1
"와이",1
"와일드",1
"와중",1
"완구",1
"완료",1
"완판",1
"왕",1
"왕따",1
"왜인",1
"외국",1
"외길",1
"외동딸",1
"요원",1
"욕구",1
"용",1
"용도",1
"용산전자상가",1
"용자",1
"우노",1
"우등",1
"우물",1
"우산",1
"우수생",1
"우수작",1
"우승",1
"우정",1
"우즈베키스탄",1
"운반",1
"운영비",1
"운영자",1
"움직임",1
"웃음",1
"워",1
"워렌",1
"워킹",1
"웍스",1
"원생",1
"원서",1
"원어민",1
"원유",1
"원장",1
"원천",1
"월드",1
"웨이퍼",1
"웹진",1
"위험",1
"위협",1
"유가",1
"유네스코",1
"유년",1
"유니버시티",1
"유도기",1
"유리",1
"유머",1
"유무",1
"유비쿼터스",1
"유소년",1
"유수",1
"유연성",1
"유일",1
"유저",1
"유출",1
"유치원",1
"유통업",1
"유한",1
"윤리",1
"융통",1
"은행",1
"음계",1
"음료수",1
"음향",1
"응시",1
"응집력",1
"의공학",1
"의도",1
"의뢰",1
"의무감",1
"의식주",1
"의약품",1
"의용",1
"의원",1
"의정서",1
"의족",1
"의학",1
"이과",1
"이기",1
"이날",1
"이득",1
"이력",1
"이물질",1
"이색",1
"이수한",1
"이식",1
"이용법",1
"이웃",1
"이자",1
"이제",1
"이집트",1
"이해관계자",1
"인기상",1
"인내",1
"인내심",1
"인맥",1
"인원수",1
"인텔",1
"일거양득",1
"일기",1
"일도",1
"일사량",1
"일상생활",1
"일손",1
"일인자",1
"일차",1
"일체",1
"일치",1
"일터",1
"임상",1
"입",1
"입력",1
"입맛",1
"입문",1
"입주",1
"입출",1
"자가",1
"자가운전",1
"자극",1
"자녀",1
"자리매김",1
"자립심",1
"자만",1
"자만심",1
"자아",1
"자양분",1
"자연어",1
"자연환경",1
"자작곡",1
"자존심",1
"자진",1
"자취방",1
"자투리",1
"자형",1
"자회사",1
"작사",1
"작업왕",1
"작업장",1
"잔고",1
"잘못",1
"잠재",1
"잡",1
"잡스",1
"장거리",1
"장남",1
"장님",1
"장부",1
"장사",1
"장사꾼",1
"장소",1
"장신구",1
"장애",1
"장의",1
"재고품",1
"재단",1
"재료비",1
"재무과",1
"재정",1
"재직",1
"재치",1
"재화",1
"저감",1
"저널",1
"저분",1
"저소득",1
"저조",1
"적립",1
"적부",1
"적용력",1
"적자",1
"적재적소",1
"적정량",1
"전극",1
"전기공학과",1
"전동기",1
"전등사",1
"전력량",1
"전류",1
"전문대",1
"전문점",1
"전문화",1
"전방",1
"전보",1
"전북",1
"전산원",1
"전산학",1
"전설",1
"전압",1
"전액",1
"전용",1
"전율",1
"전자기",1
"전쟁",1
"전조등",1
"전패",1
"절망",1
"절반",1
"절차",1
"점도",1
"접두사",1
"접점",1
"접촉",1
"접합",1
"정돈",1
"정리",1
"정반대",1
"정부",1
"정비",1
"정서",1
"정성",1
"정시",1
"정의",1
"정장",1
"정정",1
"정치",1
"정치색",1
"정합",1
"정해준",1
"정형",1
"정화기",1
"정확도",1
"정훈",1
"제거",1
"제고",1
"제반",1
"제약사",1
"제약업",1
"제어기",1
"제작자",1
"제조사",1
"제주도",1
"제지",1
"제철소",1
"조건이",1
"조기",1
"조명",1
"조성",1
"조합",1
"조형",1
"족",1
"족보",1
"존재감",1
"졸음",1
"좀비",1
"종교",1
"종로",1
"종합반",1
"좌절",1
"주거비",1
"주관",1
"주관하",1
"주도권",1
"주류",1
"주역",1
"주장",1
"주재원",1
"주점",1
"주주",1
"주차장",1
"주최",1
"주축",1
"주춧돌",1
"준공",1
"줄기",1
"줄넘기",1
"중간고사",1
"중개자",1
"중견",1
"중공업",1
"중남미",1
"중동",1
"중력",1
"중반",1
"중복",1
"중소기업청",1
"중요시",1
"중저가",1
"중학생",1
"증권",1
"증폭기",1
"지",1
"지각",1
"지구",1
"지난날",1
"지배",1
"지역구",1
"지적",1
"지정",1
"지체",1
"지침",1
"지피지기",1
"지하",1
"지하수",1
"지향",1
"지혜",1
"지휘하",1
"직면",1
"직장",1
"직종",1
"직후",1
"진가",1
"진단",1
"진동수",1
"진열",1
"진짜",1
"진화",1
"질환",1
"집어",1
"집지",1
"집합체",1
"집행",1
"징검다리",1
"찌개",1
"차선",1
"차액",1
"착오",1
"창문",1
"창업자",1
"창작",1
"채택",1
"책상",1
"책임자",1
"처",1
"처방",1
"처지",1
"척도",1
"천진",1
"천호식품",1
"철강",1
"첫손",1
"청년",1
"청소기",1
"청중",1
"청천벽력",1
"체",1
"체중계",1
"체크",1
"초과",1
"초년",1
"초반부",1
"초심",1
"초안",1
"촉매제",1
"총",1
"총기",1
"총책임자",1
"총학생회장",1
"최",1
"최단",1
"최대한",1
"최상",1
"최선인",1
"추",1
"추구",1
"추리",1
"추억",1
"추진",1
"축구팀",1
"축복",1
"출력",1
"출신",1
"출연",1
"충고",1
"취지",1
"취직",1
"측정기",1
"치료",1
"치료제",1
"치명",1
"치열",1
"친숙",1
"친화",1
"칠성",1
"침체",1
"카탈로그",1
"카투사",1
"카피",1
"캡",1
"커리큘럼",1
"커브",1
"컨설턴트",1
"컨텍스트",1
"컨티넨탈",1
"컬러",1
"컬렉션",1
"케이스",1
"코멘트",1
"코어",1
"코엑스",1
"콘셉트",1
"콘크리트",1
"콜라",1
"콜롬비아",1
"콤플렉스",1
"크로스",1
"크롤",1
"크리틱",1
"크린",1
"클레임",1
"클릭",1
"킥",1
"타격",1
"타당",1
"타사",1
"타설",1
"타워",1
"타의",1
"타이틀",1
"탈골",1
"탑",1
"탑승자",1
"탑재",1
"탓",1
"태블릿",1
"택배",1
"택시",1
"탱크",1
"터치",1
"테스",1
"테스터",1
"텍스",1
"텔레",1
"톈진",1
"토끼",1
"토론식",1
"토양",1
"토익",1
"토큰",1
"토폴로지",1
"통계청",1
"통관",1
"통상",1
"통역",1
"통화",1
"퇴사",1
"튜닝",1
"트래픽",1
"트레이너",1
"트레인",1
"트리",1
"특",1
"특권",1
"특근",1
"특별",1
"특유",1
"특이",1
"특전",1
"틱",1
"팀플레이",1
"파라미터",1
"파워",1
"파이프라인",1
"판",1
"판도",1
"판매상",1
"판매원",1
"판매자",1
"판별",1
"판정",1
"판촉물",1
"패션",1
"패스",1
"팩토리",1
"팬",1
"팸플릿",1
"퍼",1
"퍼스널",1
"퍼즐",1
"펄",1
"페달",1
"페스티벌",1
"페이스북",1
"페인트",1
"편광",1
"편리",1
"편성",1
"편의점",1
"편지",1
"편집장",1
"평생",1
"평택",1
"평화",1
"포기",1
"포장",1
"포장재",1
"포항",1
"포화",1
"폭설",1
"폭풍",1
"표의",1
"품목",1
"풍요",1
"프레젠테이션",1
"프로모션",1
"프리랜서",1
"프린터",1
"플래너",1
"플래시",1
"피트니스",1
"필기시험",1
"필두",1
"필드",1
"필터링",1
"핑계",1
"하계",1
"하다라",1
"하위",1
"하이",1
"하이브리드",1
"하중",1
"하차",1
"학내",1
"학사",1
"학생회",1
"학습반",1
"학우",1
"학위",1
"한걸음",1
"한국어",1
"한나절",1
"한라산",1
"한사람",1
"한양대",1
"한자",1
"한잔",1
"한주",1
"한지",1
"할인",1
"합",1
"합성",1
"합의",1
"합의점",1
"합주",1
"항암",1
"해결력",1
"해결사",1
"해달",1
"해답",1
"해서웨이",1
"해석력",1
"핸들링",1
"행동력",1
"행사인",1
"행운",1
"행정병",1
"향수",1
"허울",1
"헤드라이트",1
"헤어",1
"현관문",1
"현대인",1
"현시대",1
"현직",1
"혈압계",1
"협동",1
"협동심",1
"협연",1
"형광",1
"형상",1
"형성",1
"호감",1
"호주",1
"호칭",1
"호평",1
"호프",1
"호흡",1
"호흡기",1
"혼합",1
"홈페이지",1
"홍",1
"홍보물",1
"화",1
"화석",1
"화성",1
"화성악",1
"화장",1
"화주",1
"화학제품",1
"화형식",1
"확장",1
"확정",1
"환기",1
"환불",1
"활",1
"활로",1
"황의",1
"회피",1
"효",1
"후반부",1
"후보자",1
"후부",1
"후속",1
"후손",1
"후원금",1
"후인",1
"후처리",1
"후회",1
"훈",1
"훈련일",1
"휴게실",1
"휴머노이드",1
"휴지",1
"휴학",1
"흑자",1
"흠",1
"흡수",1
"흡연자",1
"히말라야",1
"히트",1
"힐링",1
