"splt_hy","Freq"
"저",674
"제",337
"업무",316
"경험",299
"현대",279
"자동차",256
"회사",256
"고객",246
"사람",210
"기업",207
"저의",206
"팀",194
"목표",191
"물류",186
"직무",164
"프로젝트",164
"능력",163
"관리",161
"역량",157
"때",156
"기술",154
"지식",154
"도전",151
"활동",151
"일",149
"후",146
"문제",142
"이",142
"설계",140
"과정",139
"분야",135
"현대모비스",135
"부품",133
"시간",132
"시장",132
"바탕",131
"환경",129
"생산",128
"인턴",121
"소통",117
"공학",116
"인재",116
"개발",115
"나",109
"글",108
"팀원",108
"비스",107
"함",101
"현대자동차",101
"열정",99
"글로벌",98
"산업",97
"생활",97
"생각",96
"역할",96
"제품",96
"전공",94
"점",90
"효율",90
"가치",89
"사업",88
"그",85
"관심",84
"동아리",84
"성장",84
"방법",83
"시스템",81
"동안",80
"전자",79
"결",78
"의견",78
"프로그램",78
"학생",78
"이후",77
"노력",76
"세계",76
"영업",76
"현장",76
"품질",75
"연구",74
"친구",73
"계획",72
"시절",72
"자신",71
"최고",70
"대학",68
"문화",68
"상황",68
"서비스",68
"앞",68
"차량",68
"정보",67
"협력",67
"분석",66
"과목",65
"수업",65
"차",65
"책임감",65
"서로",64
"하",64
"등",63
"부분",63
"업체",63
"기계",62
"모습",62
"미래",62
"부서",62
"엔지니어",62
"교육",61
"발전",61
"사회",61
"자세",61
"공부",60
"성공",59
"신뢰",59
"중요",59
"대회",58
"도움",58
"재무",58
"운영",57
"입사",57
"전문",57
"처음",57
"플랜트",56
"적극적",55
"지원",55
"직원",55
"전문가",54
"회로",54
"관련",53
"해외",53
"꿈",52
"사원",52
"저희",52
"결과",51
"공정",51
"기본",51
"아이디어",51
"조직",51
"곳",50
"성격",50
"경영",48
"스스로",48
"안전",48
"어려움",48
"장점",48
"정신",47
"핵심",47
"국내",46
"다음",46
"이해",46
"지속",46
"데이터",45
"무엇",45
"이상",45
"관계",44
"기존",44
"향상",44
"개선",43
"기회",43
"마음",43
"가능",42
"이유",42
"자신감",42
"엔지니어링",41
"지금",41
"기초",40
"말",40
"봉사",40
"실무",40
"영어",40
"위",40
"자료",40
"제작",40
"당시",39
"비용",39
"자격증",39
"과",38
"군",38
"삶",38
"데",37
"실패",37
"아르바이트",37
"의사소통",37
"작업",37
"전기",37
"조사",37
"종합",37
"한국",37
"기간",36
"뒤",36
"모델링",36
"방식",36
"변화",36
"시험",36
"처리",36
"개인",35
"대학교",35
"동료",35
"제철",35
"주제",35
"학교",35
"제게",34
"학년",34
"해결",34
"협업",34
"경쟁력",33
"기사",33
"리더",33
"센서",33
"직",33
"창의",33
"컴퓨터",33
"혁신",33
"과제",32
"구성원",32
"국제",32
"마케팅",32
"의식",32
"책임",32
"간의",31
"기준",31
"기획",31
"끝",31
"전략",31
"필요",31
"근무",30
"금융",30
"성과",30
"시",30
"여행",30
"지역",30
"최선",30
"최종",30
"태도",30
"홍보",30
"가",29
"경우",29
"구매",29
"기반",29
"단계",29
"만족",29
"무역",29
"브랜드",29
"상대방",29
"선배",29
"원",29
"회계",29
"가족",28
"가치관",28
"계기",28
"공장",28
"교수",28
"그것",28
"긍정",28
"부모",28
"분",28
"상품",28
"이익",28
"조원",28
"고객사",27
"단점",27
"매출",27
"모두",27
"방향",27
"손님",27
"음식",27
"이론",27
"인사",27
"일정",27
"입장",27
"전반",27
"주변",27
"간",26
"내용",26
"동시",26
"마지막",26
"문제점",26
"진행",26
"흐름",26
"대화",25
"리그",25
"속",25
"수익",25
"신입",25
"실제",25
"아버지",25
"정도",25
"중심",25
"필수",25
"학부",25
"행사",25
"효과",25
"경제",24
"단체",24
"모터",24
"미국",24
"시작",24
"알고리즘",24
"완성",24
"준비",24
"커뮤니케이션",24
"통신",24
"평가",24
"프로세스",24
"행동",24
"강점",23
"달",23
"매력",23
"발표",23
"비전",23
"안정",23
"자원",23
"정비",23
"투자",23
"학",23
"현재",23
"각종",22
"건설",22
"계약",22
"내",22
"네트워크",22
"누구",22
"대외",22
"대학생",22
"성적",22
"아이",22
"재경",22
"창출",22
"타인",22
"학업",22
"한계",22
"현대중공업",22
"회의",22
"관점",21
"규모",21
"모스",21
"사고",21
"설비",21
"소비자",21
"순간",21
"언어",21
"여기",21
"운동",21
"임",21
"전체",21
"토대",21
"혼자",21
"힘",21
"가장",20
"고등학교",20
"고민",20
"공모전",20
"기능",20
"도면",20
"로봇",20
"사항",20
"실수",20
"우선",20
"운송",20
"의지",20
"일원",20
"자연",20
"졸업",20
"책",20
"최적",20
"축구",20
"팀장",20
"하루",20
"학기",20
"흥미",20
"결정",19
"근로자",19
"방안",19
"보람",19
"실험",19
"에너지",19
"엔진",19
"영상",19
"외국인",19
"요소",19
"위치",19
"인",19
"자격",19
"자동",19
"주인",19
"특성",19
"갈등",18
"교환",18
"구조",18
"구체",18
"끈기",18
"논문",18
"대상",18
"덕분",18
"두려움",18
"마인드",18
"몸",18
"미군",18
"보",18
"상",18
"수행",18
"습관",18
"오늘",18
"일반",18
"장치",18
"제어",18
"판단",18
"프로그래밍",18
"학점",18
"후에",18
"공학도",17
"대하",17
"법",17
"보고서",17
"복무",17
"본사",17
"상대",17
"수",17
"시각",17
"시대",17
"약속",17
"유통",17
"인생",17
"자금",17
"자리",17
"자부심",17
"자율",17
"주행",17
"최초",17
"취득",17
"현대건설",17
"가격",16
"동기",16
"라인",16
"말씀",16
"모듈",16
"모임",16
"무대",16
"반응",16
"부원",16
"선택",16
"성취감",16
"시공",16
"시너지",16
"실력",16
"안",16
"연구실",16
"요구",16
"재료",16
"중국",16
"직업",16
"판매",16
"평소",16
"하기",16
"향후",16
"현실",16
"회원",16
"회장",16
"거래",15
"교내",15
"기관",15
"기술력",15
"동력",15
"로드",15
"믿음",15
"빅",15
"선",15
"스마트폰",15
"실습",15
"우수한",15
"원가",15
"원동력",15
"의미",15
"이때",15
"자기",15
"전역",15
"카드",15
"팀워크",15
"학습",15
"학창",15
"결과물",14
"공연",14
"눈",14
"분위기",14
"사이",14
"선생",14
"연합",14
"우선순위",14
"위기",14
"의사",14
"이미지",14
"이번",14
"인상",14
"인턴십",14
"장",14
"정직",14
"조장",14
"주",14
"집",14
"체계",14
"최근",14
"편의",14
"피드백",14
"해당",14
"호기심",14
"후배",14
"국가",13
"내부",13
"달성",13
"대표",13
"사장",13
"성능",13
"소재",13
"수요",13
"시기",13
"신념",13
"업계",13
"연료",13
"영향",13
"외국",13
"우리",13
"융합",13
"인력",13
"자산",13
"절감",13
"조금",13
"지사",13
"채용",13
"초기",13
"최대",13
"축제",13
"측면",13
"컨설팅",13
"티",13
"학생회",13
"현대오일뱅크",13
"현대카드",13
"현대해상",13
"확보",13
"가정",12
"간접",12
"거리",12
"경기",12
"과학",12
"교류",12
"국내외",12
"그곳",12
"그룹",12
"그린",12
"기법",12
"길",12
"날",12
"논리",12
"대부분",12
"로",12
"명의",12
"반복",12
"부문",12
"부품업",12
"분석력",12
"불량",12
"브레이크",12
"성실",12
"세상",12
"셀",12
"올해",12
"우리나라",12
"유럽",12
"유지",12
"윤리",12
"이야기",12
"자체",12
"작년",12
"조건",12
"주도",12
"지점",12
"진출",12
"집중",12
"참여",12
"취업",12
"카페",12
"키워",12
"학회",12
"호주",12
"가슴",11
"감각",11
"값",11
"거시",11
"경쟁",11
"구동",11
"군대",11
"그때",11
"대안",11
"돈",11
"만족도",11
"모비스",11
"번의",11
"복합",11
"부담",11
"부스",11
"사내",11
"사막",11
"산타",11
"상태",11
"속도",11
"수단",11
"식당",11
"열린",11
"영화",11
"예",11
"예산",11
"오토",11
"육성",11
"이로",11
"이외",11
"이전",11
"인터넷",11
"자재",11
"전",11
"제조",11
"즐거움",11
"직장",11
"진로",11
"철강",11
"통합",11
"학문",11
"해석",11
"행복",11
"협동",11
"협력하",11
"감동",10
"강도",10
"개발자",10
"경제학",10
"공동",10
"국토",10
"기기",10
"기여",10
"남",10
"너",10
"다수",10
"단어",10
"담당",10
"담당자",10
"대학원",10
"동향",10
"디자인",10
"디지털",10
"말레이시아",10
"멘토링",10
"문서",10
"물건",10
"방",10
"배터리",10
"본인",10
"사실",10
"사업부",10
"선두",10
"설명",10
"설문",10
"수도",10
"순환",10
"스마트",10
"식사",10
"실적",10
"어머니",10
"역지사지",10
"운전자",10
"원리",10
"원인",10
"이것",10
"인식하",10
"장정",10
"적극",10
"적용",10
"전공과목",10
"전국",10
"전력",10
"제안",10
"증가",10
"최신",10
"충돌",10
"카메라",10
"카투사",10
"파악",10
"패션",10
"학원",10
"해",10
"해운",10
"강연",9
"경진",9
"공급",9
"공사",9
"교통",9
"교훈",9
"극복",9
"나라",9
"대",9
"대한민국",9
"도로",9
"도시",9
"매장",9
"모델",9
"물품",9
"반도체",9
"보탬",9
"볼",9
"불만",9
"불편",9
"비",9
"사용",9
"삼호",9
"석유",9
"센터",9
"손",9
"수주",9
"수준",9
"수학",9
"숫자",9
"신용",9
"실무자",9
"실행",9
"실현",9
"아침",9
"애정",9
"여름",9
"예방",9
"외국어",9
"움직임",9
"이슈",9
"이해도",9
"인문학",9
"입학",9
"작품",9
"잘못",9
"제도",9
"존중",9
"중간",9
"지원자",9
"진심",9
"차별",9
"차이",9
"청소",9
"체력",9
"초",9
"촬영",9
"코드",9
"통계",9
"퇴근",9
"푸드",9
"히",9
"가지",8
"강판",8
"검사",8
"결실",8
"경영학",8
"계산",8
"공간",8
"공조",8
"광고",8
"구성하",8
"그중",8
"기본기",8
"기억",8
"난관",8
"내수",8
"내연",8
"노하우",8
"니즈",8
"다각",8
"대신",8
"대인",8
"덕목",8
"도",8
"도약",8
"독일",8
"독자",8
"동반",8
"리더쉽",8
"리바트",8
"리스트",8
"마무리",8
"마트",8
"매뉴얼",8
"멘토",8
"면",8
"무선",8
"바퀴",8
"발생",8
"배",8
"배달",8
"병",8
"보조",8
"부족",8
"부회장",8
"비중",8
"사전",8
"상사",8
"선물",8
"성",8
"수강",8
"시뮬레이션",8
"시선",8
"신규",8
"신라면",8
"실전",8
"안목",8
"언제",8
"에버",8
"엠",8
"여유",8
"연구원",8
"연비",8
"영역",8
"온라인",8
"우수",8
"유",8
"음악",8
"의욕",8
"이윤",8
"인원",8
"일의",8
"임무",8
"임원",8
"자질",8
"작도",8
"작업자",8
"재무제표",8
"적",8
"적응",8
"전달",8
"점유율",8
"조언",8
"주도하",8
"주요",8
"중",8
"중공업",8
"지게차",8
"질",8
"차질",8
"창조",8
"트렌드",8
"파일",8
"파트",8
"하나하나",8
"한마디",8
"항",8
"해독",8
"활용",8
"후원",8
"훈련",8
"훈련병",8
"걱정",7
"건축",7
"경력",7
"경영진",7
"고장",7
"공",7
"공헌",7
"과거",7
"관해",7
"궁극",7
"기계설",7
"기대",7
"기록",7
"기분",7
"나이",7
"노사",7
"농구",7
"능률",7
"다리",7
"다운사이징",7
"단축",7
"도서관",7
"동영상",7
"마음가짐",7
"망",7
"맥주",7
"메인",7
"목",7
"목적",7
"무",7
"문가",7
"반면",7
"발전기",7
"방학",7
"배경",7
"범위",7
"변경",7
"보상",7
"본부",7
"부대",7
"사랑",7
"사례",7
"사양",7
"사이트",7
"상권",7
"서",7
"서적",7
"선수",7
"선정",7
"세",7
"소외",7
"소중한",7
"소프트",7
"손잡이",7
"수소",7
"수정",7
"수치",7
"순위",7
"스타트",7
"스포츠",7
"시행착오",7
"실",7
"실시간",7
"쌓기",7
"아동",7
"아래",7
"아무것",7
"아이템",7
"아카데미",7
"압력",7
"연구소",7
"연락",7
"오류",7
"용기",7
"위해선",7
"인턴사원",7
"자극",7
"자발",7
"작성",7
"장기",7
"재고",7
"적성",7
"전시회",7
"전지",7
"전화",7
"정리",7
"제대",7
"제조업",7
"조정",7
"조화",7
"주말",7
"주위",7
"주차",7
"중학교",7
"지각",7
"지능",7
"지적",7
"지향",7
"질문",7
"창업",7
"청년",7
"취미",7
"칭찬",7
"캠페인",7
"컨텐츠",7
"토론회",7
"통계학",7
"통제하",7
"특정",7
"특허",7
"페이지",7
"편집",7
"평",7
"프레스",7
"프레임",7
"하시",7
"한",7
"합리",7
"현지",7
"화",7
"화학",7
"가운데",6
"감정",6
"강의",6
"강인한",6
"개개인",6
"개척",6
"거버",6
"거의",6
"겨울",6
"계층",6
"고급",6
"과장",6
"구축",6
"그동안",6
"근본",6
"금전",6
"금형",6
"깊이",6
"남자",6
"내일",6
"년",6
"다방면",6
"단기",6
"독서",6
"등대",6
"리더십",6
"마찰",6
"만",6
"맛",6
"매니저",6
"먼저",6
"무인",6
"물",6
"물량",6
"물질",6
"바꾸기",6
"반",6
"발로",6
"발판",6
"밤",6
"방면",6
"번도",6
"법인",6
"법학",6
"베짱이",6
"변속기",6
"별명",6
"보수",6
"보험",6
"봉사단",6
"부산",6
"비교",6
"비즈니스",6
"빛",6
"사건",6
"사용자",6
"생활신조",6
"서신",6
"석사",6
"설득",6
"설치",6
"성현",6
"소대장",6
"소프트웨어",6
"수립",6
"수출입",6
"스트레스",6
"습득",6
"신뢰감",6
"실천",6
"약점",6
"어제",6
"업종",6
"연계",6
"예상",6
"예측",6
"오해",6
"운용",6
"위험",6
"유모차",6
"의족",6
"이동",6
"인간",6
"인류",6
"일주일",6
"자랑",6
"자립심",6
"자유로",6
"작전",6
"장학",6
"재정",6
"적도",6
"전문성",6
"전선",6
"전장",6
"절대",6
"접점",6
"제약",6
"제작물",6
"조달",6
"조리",6
"존재",6
"주장",6
"주점",6
"주체",6
"증권",6
"직업관",6
"진학",6
"철학",6
"체",6
"추세",6
"캐릭터",6
"클라우드",6
"클러치",6
"탑",6
"테스트",6
"통제",6
"투자가",6
"트럭",6
"특징",6
"판단력",6
"플랫폼",6
"필름",6
"하나",6
"학과",6
"합",6
"형편",6
"확대",6
"회",6
"회계학",6
"훗날",6
"희망",6
"가게",5
"가계부",5
"각자",5
"감소",5
"거짓",5
"계단",5
"계열사",5
"공작",5
"공통",5
"관",5
"관리자",5
"구현",5
"국민",5
"국제통",5
"그만큼",5
"그해",5
"극대",5
"금액",5
"기구",5
"기말",5
"나머지",5
"내재",5
"네",5
"노무",5
"누군가",5
"다툼",5
"단원",5
"당일",5
"대책",5
"대형",5
"동반자",5
"동선",5
"동의",5
"등급",5
"등록",5
"땅",5
"란",5
"륜",5
"리",5
"리조트",5
"마감",5
"마라톤",5
"머리",5
"메뉴",5
"명",5
"문",5
"밑거름",5
"밖",5
"발",5
"배려",5
"백",5
"버스",5
"변동",5
"병원",5
"보증",5
"복수",5
"부",5
"부가",5
"사고방식",5
"사명감",5
"산학",5
"상승",5
"상하",5
"성향",5
"센스",5
"소리",5
"소속",5
"솔루션",5
"술",5
"스틸",5
"시도",5
"시야",5
"신체",5
"심도",5
"심리",5
"심사",5
"심장",5
"아들",5
"안전띠",5
"애",5
"양산",5
"양성",5
"어디",5
"어학",5
"역학",5
"연간",5
"연결",5
"연습",5
"예매",5
"오차",5
"옷",5
"완성도",5
"외부",5
"외주",5
"요원",5
"욕심",5
"운전",5
"워",5
"원격",5
"원의",5
"위상",5
"위원회",5
"위주",5
"유가",5
"유기",5
"유연한",5
"유학",5
"은",5
"의",5
"의지력",5
"인기",5
"인식",5
"인정",5
"인터뷰",5
"인프라",5
"일류",5
"일부",5
"일한",5
"자",5
"자유",5
"자전거",5
"잠재",5
"장비",5
"재생",5
"재학",5
"전산",5
"점검",5
"점수",5
"점장",5
"접근",5
"정기",5
"제동",5
"조치",5
"종류",5
"중동",5
"중재하",5
"즈",5
"지도",5
"지출",5
"집념",5
"집단",5
"집안",5
"집중력",5
"차세대",5
"참여율",5
"채널",5
"처지",5
"첫인상",5
"청소년",5
"체중",5
"초점",5
"추진",5
"출발",5
"출하",5
"충족",5
"카트",5
"커뮤니티",5
"커피",5
"키",5
"타입",5
"탐지",5
"터미널",5
"테이블",5
"통의",5
"통찰력",5
"편견",5
"포",5
"폭",5
"풍력",5
"프로모션",5
"하락",5
"하중",5
"한국군",5
"해결책",5
"행정",5
"현금",5
"현대상선",5
"현대자동차그룹",5
"현업",5
"형태",5
"혜택",5
"화면",5
"화물",5
"화합",5
"회전",5
"휴학",5
"흡착",5
"희생",5
"LG",4
"가구",4
"가르침",4
"각국",4
"간부",4
"갈증",4
"감독",4
"강연회",4
"강화",4
"개념",4
"개최",4
"객관적",4
"거기",4
"거래처",4
"거점",4
"건강",4
"검증",4
"겁",4
"결론",4
"결석",4
"경량",4
"계열",4
"계획표",4
"고속도로",4
"곳곳",4
"공대",4
"공유",4
"관련하",4
"교로",4
"교사",4
"구상",4
"구성",4
"국문",4
"국산",4
"귀",4
"규율",4
"규제",4
"그날",4
"금속",4
"급",4
"기쁨",4
"기업인",4
"기획서",4
"김구",4
"꽃",4
"날짜",4
"납기",4
"내구",4
"내역",4
"내의",4
"다양",4
"다이",4
"다이어리",4
"단위",4
"단조",4
"단지",4
"답",4
"대전",4
"동생",4
"두",4
"듣기",4
"디자이너",4
"디테일",4
"땀",4
"라",4
"량",4
"럭비",4
"리스크",4
"리포트",4
"리프트",4
"링",4
"마감일",4
"마음속",4
"마케터",4
"말다툼",4
"매체",4
"면담",4
"무료",4
"문구",4
"문자",4
"문제의식",4
"뮤지컬",4
"미션",4
"미소",4
"바",4
"발굴",4
"발주",4
"방문",4
"배드민턴",4
"백화점",4
"버그",4
"버킷",4
"번역",4
"보급",4
"보직",4
"부정",4
"부지",4
"불가능",4
"불굴",4
"불안감",4
"블루",4
"비판",4
"사령관",4
"사무",4
"사무실",4
"사업장",4
"사태",4
"상생",4
"생산지",4
"섀시",4
"서류",4
"서포터",4
"선도",4
"선박",4
"설득력",4
"성취",4
"세부",4
"션",4
"소수",4
"소양",4
"소자",4
"수상",4
"수입",4
"수평",4
"순서",4
"순조",4
"스터디",4
"시설",4
"신경",4
"신문",4
"신발",4
"신성",4
"신호",4
"실질",4
"썰매장",4
"애사심",4
"앱",4
"야전",4
"양질",4
"어로",4
"얼굴",4
"업주",4
"에이전트",4
"엑셀",4
"엘리베이터",4
"여성",4
"역사",4
"연관",4
"연극사",4
"연속",4
"연수",4
"엽서",4
"영문",4
"오트",4
"오피스",4
"요청",4
"용접",4
"우유부단",4
"웃음",4
"원칙",4
"유관",4
"은행",4
"음료",4
"응대",4
"의무",4
"이름",4
"이물질",4
"이벤트",4
"인맥",4
"인수",4
"일본",4
"일해",4
"임직원",4
"입지",4
"작정",4
"장벽",4
"장소",4
"재단",4
"재산",4
"저가",4
"적부",4
"적응력",4
"전개",4
"전공의",4
"전방",4
"전자기",4
"점포",4
"정상",4
"제시",4
"조선",4
"조작",4
"조절",4
"조직원",4
"졸음",4
"주문",4
"주민",4
"주방",4
"주자",4
"주축",4
"중추",4
"지구",4
"진취",4
"차례",4
"차이점",4
"차종",4
"창고",4
"채찍",4
"체육",4
"초등학교",4
"추가",4
"추억",4
"축",4
"출원",4
"충격",4
"측정",4
"친밀감",4
"캡",4
"커리어",4
"컨셉",4
"콘텐츠",4
"크리스마스",4
"토",4
"토론",4
"통",4
"통신장",4
"투스",4
"특수",4
"특수강",4
"특유",4
"파트너",4
"편리",4
"편안",4
"평생",4
"포탈",4
"프레젠테이션",4
"프로",4
"프린팅",4
"피스",4
"피해",4
"하프",4
"한국생산성본부",4
"한편",4
"합격",4
"해상",4
"해양",4
"해운대",4
"행위",4
"행정병",4
"향",4
"헌혈",4
"현상",4
"현직",4
"협의",4
"형",4
"형상",4
"형성",4
"홍보물",4
"화공",4
"화주",4
"확신",4
"회화",4
"횟수",4
"후원금",4
"후임",4
"희열",4
"SK",3
"가공",3
"가동",3
"가스",3
"가입",3
"가입자",3
"각각",3
"감",3
"강사",3
"강의실",3
"개구리",3
"건",3
"건설업",3
"건조",3
"걸음",3
"검색",3
"검토",3
"견",3
"견해",3
"견해차",3
"결함",3
"경비",3
"경찰관",3
"경향",3
"계량",3
"계획서",3
"고",3
"고난",3
"고충",3
"공감",3
"공급사",3
"공기",3
"공법",3
"공통점",3
"과중",3
"관람객",3
"관심사",3
"교과서",3
"국외",3
"군인",3
"궁금증",3
"권유",3
"권한",3
"귀사",3
"균형",3
"그림",3
"근성",3
"급식",3
"기량",3
"기획단",3
"기획력",3
"나중",3
"날씨",3
"내비",3
"냉동기",3
"냉연",3
"노트",3
"노트북",3
"농민",3
"느낌",3
"능동",3
"님",3
"다변",3
"다운",3
"다이어트",3
"단순",3
"대륙",3
"대리",3
"대비",3
"대여비",3
"대처",3
"도매",3
"도메인",3
"도어",3
"도장",3
"도중",3
"도출",3
"동계",3
"동남아시아",3
"동양인",3
"두발",3
"뒷바퀴",3
"드론",3
"디스플레이",3
"뜻",3
"레고",3
"롬",3
"루마니아",3
"마",3
"마찬가지",3
"말투",3
"말해",3
"맞춤",3
"매료",3
"맥도날드",3
"머릿속",3
"머신",3
"먼지",3
"멤버",3
"명단",3
"명령",3
"모공",3
"모교",3
"모범",3
"무게",3
"무역학",3
"문명",3
"문외한",3
"문의",3
"문장",3
"물고",3
"물론",3
"미국인",3
"미담",3
"미팅",3
"반대",3
"반장",3
"발급",3
"발달",3
"발대식",3
"발상",3
"방송",3
"배기가스",3
"배분",3
"배치",3
"백전백승",3
"밴드",3
"벌",3
"법규",3
"베이스",3
"벤처",3
"벽",3
"변속",3
"별로",3
"보름",3
"보인",3
"보일",3
"보호",3
"봄",3
"부동산",3
"부재",3
"분기",3
"분자",3
"분쟁",3
"불화",3
"불황",3
"블로그",3
"사",3
"사고력",3
"사기",3
"사물",3
"사의",3
"사회생활",3
"산정",3
"살",3
"상반기",3
"상용",3
"상자",3
"생산량",3
"생협",3
"서울",3
"선임",3
"선행",3
"섭",3
"성의",3
"성장세",3
"세기",3
"세법",3
"세정",3
"소대원",3
"소비재",3
"소속감",3
"속의",3
"손가락",3
"손실",3
"손짓",3
"손해",3
"솔선수범",3
"쇼",3
"쇼핑",3
"수동",3
"수송",3
"수술",3
"수식",3
"수영",3
"수직",3
"수집",3
"수첩",3
"수칙",3
"스케줄",3
"스크립트",3
"스타일",3
"스톤",3
"승객",3
"승부욕",3
"시트",3
"신",3
"신경망",3
"신병",3
"신임",3
"신중한",3
"신한카드",3
"쏘나타",3
"아시아",3
"아파트",3
"안드로이드",3
"안전사고",3
"압",3
"압박감",3
"애플리케이션",3
"야근",3
"양의",3
"언행",3
"에스코트",3
"여",3
"여력",3
"여부",3
"여행지",3
"연장선",3
"열쇠",3
"열역학",3
"열연",3
"옆",3
"예비",3
"예선",3
"예시",3
"예의",3
"예전",3
"예정",3
"오랫동안",3
"오케스트라",3
"오타",3
"오픈",3
"요령",3
"요리",3
"용돈",3
"용량",3
"우물",3
"우위",3
"운동장",3
"운영부",3
"운전병",3
"위원장",3
"유년",3
"유도",3
"유인물",3
"유통망",3
"음료수",3
"이기",3
"이메일",3
"인간관계",3
"인공",3
"인내심",3
"인도",3
"인적",3
"인테리어",3
"일도",3
"일례",3
"일화",3
"입",3
"입대",3
"자국",3
"자긍심",3
"자본금",3
"자석",3
"자아",3
"잡지",3
"장면",3
"장애물",3
"재",3
"재질",3
"저장",3
"적기",3
"전공자",3
"전망",3
"전부",3
"전사",3
"전화번호",3
"절약",3
"점주",3
"접목",3
"정부",3
"정시",3
"정치",3
"제공",3
"제너럴",3
"제로",3
"제안서",3
"제의",3
"제출",3
"조심",3
"조율",3
"조합",3
"종업원",3
"좌석",3
"좌우",3
"좌우명",3
"주거",3
"주류",3
"주유소",3
"주재원",3
"중간고사",3
"중국어",3
"중국인",3
"중단",3
"중량",3
"중점",3
"증",3
"증권업",3
"증대",3
"지방",3
"지우개",3
"지인",3
"지하",3
"직책",3
"직후",3
"진입",3
"질병",3
"질서",3
"차량부",3
"착용",3
"창구",3
"창작물",3
"천",3
"천막",3
"첨단",3
"초심",3
"최상",3
"추진력",3
"추후",3
"출력",3
"충전기",3
"친분",3
"칠판",3
"캠프",3
"케이블",3
"코",3
"코닥",3
"코딩",3
"코스",3
"코일",3
"콘센트",3
"클럽",3
"타임",3
"탈",3
"탈락",3
"터치",3
"텀",3
"툴",3
"트레이딩",3
"특색",3
"틀",3
"파워",3
"파트너십",3
"판",3
"팔로우",3
"패",3
"패널",3
"페달",3
"페스티벌",3
"평균",3
"포기",3
"포럼",3
"포스터",3
"포인트",3
"표면",3
"표현",3
"플래너",3
"피",3
"하이",3
"학자금",3
"한눈",3
"항공",3
"항목",3
"해드",3
"핸들",3
"행보",3
"허수아비",3
"현대엘리베이터",3
"현대종합상사",3
"현지인",3
"협력사",3
"화두",3
"확인",3
"환율",3
"회계사",3
"회복",3
"회식",3
"흡연",3
"희생정신",3
"가교",2
"가까이",2
"가도",2
"가면",2
"각",2
"각도",2
"각오",2
"감량",2
"강릉",2
"강성",2
"개별",2
"개의",2
"거리감",2
"거주지",2
"거짓말",2
"건물",2
"검수",2
"게임",2
"겨",2
"격",2
"격변기",2
"격차",2
"견문",2
"견적",2
"견학",2
"결국",2
"결제",2
"결합",2
"경계",2
"경로",2
"경마",2
"경연",2
"경영인",2
"경쟁사",2
"곁",2
"계",2
"계발",2
"계측",2
"고가",2
"고교",2
"고사",2
"고인",2
"고집",2
"고체",2
"고통",2
"고향",2
"곡",2
"골대",2
"공개",2
"공격",2
"공관",2
"공학자",2
"과외",2
"과학부",2
"관객",2
"관광객",2
"관람",2
"관리소",2
"관하",2
"교두보",2
"교량",2
"교육대",2
"교육부",2
"교집합",2
"구",2
"구간",2
"구글",2
"구매자",2
"구분",2
"구실",2
"구청",2
"국도",2
"국사",2
"국유지",2
"국회의원",2
"궂은일",2
"귤",2
"그분",2
"극장",2
"근거",2
"근로",2
"근무자",2
"근속",2
"근처",2
"금메달",2
"금수",2
"기",2
"기대감",2
"기수",2
"기숙사",2
"기술과",2
"기술사",2
"기술자",2
"기아",2
"기업체",2
"기자단",2
"기적",2
"기지",2
"기타",2
"기판",2
"기한",2
"기후",2
"긴장감",2
"깨달음",2
"끼",2
"나침반",2
"난이도",2
"남아",2
"낯설음",2
"내면",2
"네거티브",2
"네덜란드",2
"녀",2
"노동",2
"노래자랑",2
"녹색",2
"놀이",2
"높낮이",2
"눈높이",2
"뉴스",2
"뉴질랜드",2
"늑대",2
"니켈",2
"다각도",2
"다름",2
"다면",2
"다음날",2
"다이오드",2
"다재",2
"다짐",2
"단",2
"단장",2
"담배",2
"답장",2
"당사",2
"대감",2
"대다수",2
"대응",2
"대응력",2
"대의",2
"대체",2
"대출",2
"대표자",2
"댓글",2
"데이터베이스",2
"도구",2
"독",2
"독단",2
"동경",2
"동네",2
"동력원",2
"동문",2
"동아시아",2
"동작",2
"동창회장",2
"동학",2
"동화",2
"둔산",2
"드라마",2
"또래",2
"라이선스",2
"런",2
"레스토랑",2
"레이션",2
"레일",2
"로고",2
"로직",2
"록",2
"루",2
"ㅁ",2
"마작",2
"마켓",2
"만남",2
"만족감",2
"말자",2
"말하기",2
"매니아",2
"매일",2
"맥",2
"맥스",2
"맥주병",2
"먹거리",2
"멀티",2
"메모",2
"메이저",2
"메카",2
"명세",2
"모",2
"모바일",2
"모션",2
"모양",2
"모형",2
"목록",2
"목별",2
"목소리",2
"목적지",2
"몫",2
"무례",2
"무리",2
"무서움",2
"무시",2
"무역업",2
"무전여행",2
"무지개",2
"무한",2
"문법",2
"물동량",2
"물리",2
"물체",2
"미",2
"미디어",2
"미련",2
"민족",2
"밑바탕",2
"바디",2
"박람회",2
"박스",2
"박지성",2
"발걸음",2
"발목",2
"발전도",2
"발제",2
"발휘",2
"밥",2
"방문객",2
"방송국",2
"방어",2
"방지",2
"배부",2
"배우",2
"배차",2
"배출량",2
"버그만",2
"번이",2
"법률",2
"벤터",2
"변수",2
"변형",2
"별도",2
"병실",2
"병역",2
"보관",2
"보장",2
"보통",2
"복지",2
"복학",2
"본격",2
"본선",2
"본체",2
"부각",2
"부담감",2
"부사관",2
"부여",2
"부위",2
"부장",2
"부채",2
"북미",2
"분대장",2
"분리",2
"분배",2
"분업",2
"분할",2
"불",2
"불도저",2
"불모",2
"불신",2
"브랜치",2
"비결",2
"비율",2
"사냥감",2
"사병",2
"사안",2
"사업체",2
"사용법",2
"사우",2
"사정",2
"사춘기",2
"사출",2
"살림",2
"삼성전자",2
"상가",2
"상권과",2
"상담",2
"상세",2
"상용차",2
"상처",2
"상표",2
"상품권",2
"상환",2
"새",2
"새벽",2
"샘플",2
"생명",2
"생산자",2
"생성",2
"생애",2
"생활비",2
"서기",2
"서머",2
"서빙",2
"선로",2
"선물비",2
"선입",2
"선입견",2
"선제",2
"선출",2
"선후배",2
"설",2
"성인",2
"세계인",2
"세분",2
"세차",2
"세탁소",2
"소개",2
"소량",2
"소비",2
"소셜",2
"소식",2
"소요",2
"소유한",2
"소형",2
"속담",2
"속마음",2
"손길",2
"솔리드",2
"쇼핑몰",2
"수능",2
"수명",2
"수주액",2
"순이익",2
"술자리",2
"슈퍼",2
"스위치",2
"스크루",2
"스타터",2
"스태프",2
"스페셜리스트",2
"슬로우",2
"승강기",2
"승용차",2
"승인",2
"시간대",2
"시금석",2
"시내",2
"시범",2
"시점",2
"시험공부",2
"식단표",2
"신장",2
"신조",2
"신중",2
"신진",2
"신촌",2
"신형",2
"실상",2
"실용",2
"심",2
"심판",2
"심호흡",2
"싱가포르",2
"싸움",2
"썰매",2
"아마추어",2
"아웃",2
"아이덴티티",2
"아이티",2
"악화",2
"압연",2
"앞바퀴",2
"애로",2
"애착",2
"양측",2
"어깨",2
"어느날",2
"어린",2
"어학연수",2
"어학원",2
"언쟁",2
"얼마",2
"업데이트",2
"엑스포",2
"여자",2
"여정",2
"여학생",2
"역경",2
"역전",2
"연구장",2
"연극",2
"연령",2
"연말",2
"연장",2
"연주",2
"연탄",2
"연평균",2
"연혁",2
"열",2
"열망",2
"열의",2
"열효율",2
"열흘",2
"영",2
"영광",2
"영리",2
"영속",2
"영업망",2
"영업인",2
"예약",2
"오염",2
"오프라인",2
"온난",2
"완벽",2
"완수",2
"왕따",2
"왕복",2
"외모",2
"외벽",2
"외식",2
"외적",2
"외환",2
"요인",2
"요즘",2
"용산전자상가",2
"용어",2
"우",2
"운",2
"운송업",2
"운행",2
"움",2
"원생",2
"원서",2
"원석",2
"원자력",2
"원재료",2
"웨이트",2
"웹",2
"위생",2
"위원",2
"위임",2
"위탁",2
"유동",2
"유비쿼터스",2
"유인",2
"유정",2
"유창한",2
"유체",2
"유통업",2
"유한",2
"유행",2
"유혹",2
"육",2
"육군사관학교",2
"윤석철",2
"융화",2
"은퇴",2
"음식점",2
"음향",2
"의도",2
"의료",2
"의문",2
"의존도",2
"이견",2
"이고",2
"이곳",2
"이념",2
"이마",2
"이분",2
"이불",2
"이성",2
"이송",2
"이자",2
"이해관계",2
"이해관계자",2
"인구",2
"인내",2
"인도네시아",2
"인쇄",2
"인연",2
"인종",2
"인증",2
"일관",2
"일로",2
"일상생활",2
"일손",2
"일자리",2
"일지",2
"임시회",2
"임의",2
"입상",2
"입찰",2
"잇몸",2
"자네",2
"자본",2
"자사",2
"자살",2
"자이로",2
"자정",2
"자존감",2
"자형",2
"잠",2
"장교",2
"장기간",2
"장단점",2
"장인",2
"장학회",2
"재경부",2
"재무부",2
"재수",2
"재해",2
"저성장",2
"저소득",2
"저하",2
"적재적소",2
"적재함",2
"적지",2
"전날",2
"전단지",2
"전임",2
"전통",2
"전투",2
"전하진",2
"전환",2
"절",2
"젊은층",2
"젊음",2
"점도",2
"점심시간",2
"접촉",2
"정신력",2
"정전",2
"정확",2
"정확도",2
"제고",2
"제때",2
"제명",2
"제조사",2
"제조품",2
"제휴",2
"조가",2
"조기",2
"조종",2
"조직력",2
"주력",2
"주변인",2
"주시",2
"주의",2
"주인공",2
"주제가",2
"주조",2
"줄",2
"중급",2
"중대장",2
"중상위",2
"중소기업",2
"중앙",2
"중요시",2
"중의",2
"중전기",2
"즉시",2
"증진",2
"증폭기",2
"지",2
"지연",2
"지원금",2
"지장",2
"지표",2
"지피지기",2
"지혜",2
"지휘자",2
"지휘하",2
"직류",2
"직속상관",2
"진보",2
"짐",2
"집합체",2
"징계",2
"차원",2
"차트",2
"참가",2
"창립",2
"철",2
"첫걸음",2
"첫해",2
"청춘",2
"체육학",2
"체코",2
"체화",2
"초등학생",2
"초반",2
"초석",2
"초안",2
"초음파",2
"총비용",2
"최단",2
"최소",2
"추구",2
"추월",2
"출국",2
"출시",2
"출신",2
"출입문",2
"출전",2
"충전",2
"취급",2
"층",2
"치명",2
"치열",2
"친근감",2
"칩",2
"캠핑",2
"커버",2
"컴퍼니",2
"컵",2
"코너",2
"콘서트",2
"콘티",2
"쾌거",2
"쿠웨이트",2
"퀄리티",2
"큐",2
"크기",2
"큰물",2
"클라이언트",2
"클레임",2
"키스",2
"키워드",2
"킹",2
"타겟",2
"타워",2
"탄소",2
"탐구",2
"탓",2
"태",2
"태권도",2
"택배",2
"텃밭",2
"테마",2
"테스터",2
"테슬라",2
"토너먼트",2
"토익",2
"통신사",2
"통장",2
"통화",2
"튜닝",2
"튜브",2
"트레",2
"트레이닝",2
"트리",2
"특강",2
"특기",2
"파견",2
"파라미터",2
"파티",2
"패스트푸드점",2
"패턴",2
"퍼",2
"펌프",2
"페이스북",2
"펴기",2
"편익",2
"편입",2
"편집자",2
"폐",2
"포스",2
"폰",2
"폴더",2
"표",2
"풍요",2
"프로페셔널",2
"프리미엄",2
"프린트",2
"필터",2
"하나라",2
"하루하루",2
"하울",2
"하이브리드",2
"하지",2
"학우",2
"한가지",2
"한국사",2
"한국인",2
"한미",2
"한자",2
"한지",2
"합병",2
"항만",2
"해결력",2
"해답",2
"해커",2
"해킹",2
"행사인",2
"행운",2
"현대기아차",2
"현대증권",2
"현대차",2
"현대해상화재",2
"현황",2
"혈액",2
"협상",2
"협의하",2
"협찬",2
"협회",2
"형식",2
"호평",2
"혹평",2
"혼란",2
"혼선",2
"홍콩",2
"화투",2
"환상",2
"회계원",2
"후발",2
"휴가",2
"가독",1
"가량",1
"가방",1
"가상",1
"가상현실",1
"가솔린",1
"가슴속",1
"가이드",1
"가정환경",1
"간섭",1
"간트",1
"간판",1
"간편",1
"감상",1
"감자",1
"감축",1
"갓길",1
"강",1
"강국",1
"강남",1
"강령",1
"강세",1
"강수",1
"강요",1
"강자",1
"강좌",1
"강철",1
"갖가지",1
"개개",1
"개교",1
"개발도상국",1
"개발실",1
"개방",1
"개선책",1
"개성",1
"개수",1
"거로",1
"거부",1
"거울",1
"거주",1
"걱정거리",1
"건물주",1
"건성",1
"건의",1
"건전지",1
"걸림돌",1
"검진",1
"겉",1
"견적서",1
"결근",1
"결단력",1
"결속",1
"결속력",1
"결승선",1
"결승점",1
"결여",1
"결재",1
"결점",1
"경기장",1
"경보",1
"경사로",1
"경위",1
"경쟁의식",1
"경제사",1
"경제학사",1
"계산력",1
"계실",1
"계원",1
"계장",1
"계정",1
"계획법",1
"고뇌",1
"고도",1
"고등학생",1
"고려",1
"고령",1
"고리",1
"고민한",1
"고속버스",1
"고심",1
"고아원",1
"고안",1
"고액",1
"고용",1
"고유",1
"고취",1
"곡성",1
"골머리",1
"골프공",1
"공감대",1
"공강",1
"공고",1
"공공",1
"공구",1
"공기업",1
"공동체",1
"공략",1
"공무",1
"공병",1
"공부방",1
"공사장",1
"공세",1
"공업",1
"공업사",1
"공원",1
"공유기",1
"공인",1
"공정위",1
"공정인",1
"공정한",1
"공직",1
"공터",1
"공포",1
"공항",1
"공해",1
"과대",1
"과로",1
"과반수",1
"과유불급",1
"과일",1
"관건",1
"관광",1
"관광지",1
"관리부",1
"관리회",1
"관용",1
"관찰",1
"광",1
"광고주",1
"광구",1
"광둥",1
"광안리",1
"광학",1
"교",1
"교과목",1
"교관",1
"교류회",1
"교섭력",1
"교수법",1
"교습",1
"교실",1
"교안",1
"교양",1
"교재",1
"교차로",1
"교체",1
"교환기",1
"구독",1
"구매비",1
"구역",1
"구절",1
"구조물",1
"구호",1
"구호품",1
"국방",1
"국비",1
"군단",1
"군단장",1
"군대식",1
"군사",1
"군산",1
"군수",1
"군포",1
"굳",1
"굴착",1
"권",1
"권면",1
"권위",1
"귀가",1
"귀감",1
"귀국",1
"귀기",1
"규격",1
"규정",1
"균열",1
"그간",1
"그다음",1
"그룹장",1
"그림자",1
"극세사",1
"근간",1
"근사치",1
"근원",1
"글쓰기",1
"금리",1
"금물",1
"급락",1
"급여",1
"기견",1
"기계공",1
"기계학",1
"기둥",1
"기복",1
"기부",1
"기부금",1
"기소",1
"기술인",1
"기어",1
"기인한",1
"기자",1
"기자재",1
"기장",1
"기조",1
"기질",1
"기폭제",1
"기합",1
"기호",1
"기획부",1
"기획부장",1
"긴급",1
"길거리",1
"길지",1
"김장",1
"껍데기",1
"꼬리",1
"꼬리표",1
"끼니",1
"나라와",1
"나마스테",1
"나태",1
"나트륨",1
"난간",1
"난점",1
"난항",1
"날개",1
"남미",1
"남성",1
"남이",1
"남지",1
"남학생",1
"납기일",1
"납땜",1
"납품업체",1
"낭비",1
"낮",1
"낯",1
"낯가림",1
"내구력",1
"내규",1
"내기",1
"내부자",1
"내서",1
"내성",1
"내야",1
"냉",1
"냉각",1
"냉대",1
"너와",1
"넝마주이",1
"네트워킹",1
"노동법",1
"노드",1
"노무사",1
"노인정",1
"노출",1
"논스톱",1
"논쟁",1
"논제",1
"농사",1
"농장",1
"뇌",1
"뇌리",1
"눈썰미",1
"눈초리",1
"눈치",1
"능력자",1
"다",1
"다다",1
"다림질",1
"다문화",1
"다소",1
"다이빙",1
"다자간",1
"단가",1
"단결",1
"단골",1
"단골손님",1
"단기간",1
"단독",1
"단시간",1
"단언",1
"단절",1
"단추",1
"단편",1
"달러",1
"달리기",1
"달인",1
"담임선생",1
"당사자",1
"당장",1
"당학",1
"대가",1
"대가로",1
"대각선",1
"대국",1
"대답",1
"대대",1
"대만",1
"대면",1
"대명사",1
"대민",1
"대박이",1
"대비책",1
"대사",1
"대여",1
"대역",1
"대열",1
"대응책",1
"대입",1
"대주",1
"대중",1
"대통령",1
"대학가",1
"대학로",1
"대한축구협회",1
"대항",1
"대행",1
"대형마",1
"더블",1
"덕",1
"덤",1
"덤핑",1
"덩치",1
"도덕",1
"도래",1
"도로변",1
"도박",1
"도서",1
"도요타",1
"도우미",1
"도입",1
"도장공",1
"독거노인",1
"독기",1
"독려",1
"독립",1
"독립운동",1
"독보",1
"독서실",1
"독선",1
"독일어",1
"독학",1
"돌",1
"돌발",1
"돌부처",1
"돌파구",1
"동고동락",1
"동남아",1
"동대문",1
"동료애",1
"동문회",1
"동물",1
"동전",1
"두개",1
"둑",1
"뒷받침",1
"뒷짐",1
"드럼",1
"드릴",1
"등기",1
"등록금",1
"등장",1
"디스",1
"디젤",1
"뜰",1
"ㄹ",1
"라스베이거스",1
"라스트",1
"라오스",1
"라이",1
"라이브러리",1
"라이프",1
"라일락",1
"랜",1
"랜드",1
"랩",1
"랭귀지",1
"랭킹",1
"러",1
"럼",1
"레",1
"레벨",1
"레크리에이션",1
"례",1
"로드맵",1
"로보",1
"로터리",1
"롤",1
"롯데",1
"루키",1
"루프",1
"룸",1
"룸메이트",1
"류",1
"리가",1
"리듬",1
"리빙",1
"리서치",1
"리스",1
"리콜",1
"린",1
"릴",1
"릴레이",1
"립",1
"마그네슘",1
"마디",1
"마리나",1
"마린",1
"마사회",1
"마실",1
"마에스트로",1
"마을",1
"마이닝",1
"마이크로",1
"마진",1
"마크",1
"막내",1
"막노동",1
"막바지",1
"만능",1
"만류",1
"만반",1
"만점",1
"만주",1
"말동무",1
"망설임",1
"맞벌이",1
"매달",1
"매드",1
"매사",1
"매쉬",1
"매월",1
"매출액",1
"매크로",1
"매트",1
"맥락",1
"맥킨지",1
"맨",1
"멀티미디어",1
"메가트렌드",1
"메모리",1
"메세지",1
"메신저",1
"메이커",1
"메커니즘",1
"며칠",1
"면대",1
"면도",1
"면허",1
"명상",1
"명성",1
"명성황후",1
"명소",1
"명언",1
"명예",1
"명절",1
"명품",1
"모금",1
"모노",1
"모빌리티",1
"모순",1
"모악산",1
"모의",1
"모토",1
"모험",1
"모험심",1
"목적항",1
"목표물",1
"몰락",1
"몸통",1
"몽골",1
"무궁무진",1
"무급",1
"무릎",1
"무산",1
"무슬림",1
"무식",1
"무역전",1
"무용지물",1
"무형",1
"물리학",1
"물성",1
"뭐",1
"뮤직",1
"미관",1
"미니",1
"미덕",1
"미생",1
"미세",1
"미술사",1
"미안",1
"미주",1
"미지",1
"미학",1
"미흡",1
"민",1
"민간",1
"민법",1
"민소",1
"민원인",1
"밀도",1
"밀링",1
"밀착",1
"바깥",1
"바나나",1
"바다",1
"바닥",1
"바닷",1
"바라지",1
"바람",1
"바이",1
"바이너",1
"박",1
"박사",1
"반동",1
"반송",1
"반전",1
"발견",1
"발명",1
"발전소",1
"발표회",1
"밤잠",1
"방산",1
"방패",1
"방황",1
"배낭여행",1
"배달원",1
"배선",1
"배출",1
"배출로",1
"배포",1
"배후",1
"백지장",1
"뱀",1
"버금",1
"버전",1
"버터",1
"버튼",1
"버팀목",1
"번영",1
"벌금",1
"벌레",1
"벌크선",1
"법리",1
"법칙",1
"베트남",1
"벡터",1
"벤치",1
"벨로",1
"벼락",1
"변환",1
"별",1
"병력",1
"병마",1
"병문안",1
"병합",1
"보관대",1
"보급품",1
"보기",1
"보드",1
"보라매",1
"보신",1
"보안",1
"보안등",1
"보완",1
"보유",1
"보존",1
"보편",1
"복구도",1
"복도",1
"복면",1
"복판",1
"본교",1
"본래",1
"본보기",1
"본전",1
"본질",1
"볼펜",1
"봉사단장",1
"봉사인",1
"봉사자",1
"부과",1
"부근",1
"부다페스트",1
"부단장",1
"부당",1
"부상",1
"부서원",1
"부속품",1
"부진",1
"부탁",1
"부하",1
"북",1
"북극",1
"북창동",1
"분노",1
"분담",1
"분류",1
"분석법",1
"분포",1
"분필",1
"불균형",1
"불량품",1
"불미",1
"불상사",1
"불씨",1
"붕괴",1
"뷰티",1
"브라질",1
"브레드",1
"브레인",1
"브레인스토밍",1
"브리핑",1
"블레이드",1
"비누",1
"비만",1
"비상",1
"비선",1
"비수",1
"비수기",1
"비약",1
"비자",1
"빈부",1
"빌딩",1
"뼈",1
"사고사",1
"사단",1
"사령부",1
"사범",1
"사보",1
"사상",1
"사슬",1
"사심",1
"사옥",1
"사외",1
"사우스",1
"사유지",1
"사이드",1
"사이즈",1
"사적",1
"사형",1
"사후",1
"산",1
"산발",1
"산출",1
"산출물",1
"산하",1
"삶이",1
"삼겹살",1
"삼삼오오",1
"삼성",1
"삼성동",1
"삼수",1
"삼시",1
"삼위일체",1
"삼척",1
"상거래",1
"상경",1
"상급자",1
"상담원",1
"상당",1
"상대측",1
"상부",1
"상비군",1
"상상",1
"상영",1
"상영회",1
"상인",1
"상점",1
"상층",1
"상학",1
"상해",1
"상호",1
"새것",1
"새로움",1
"새해",1
"색상",1
"샛별",1
"생",1
"생계",1
"생도",1
"생리",1
"생산부",1
"생시",1
"생태계",1
"생활도",1
"서고",1
"서브",1
"서초",1
"석",1
"선고",1
"선례",1
"선반",1
"선별",1
"선봉",1
"선우",1
"선입관",1
"선점",1
"선진국",1
"선호도",1
"설계과",1
"설립",1
"설명서",1
"설문지",1
"설상가상",1
"섬유",1
"섭취",1
"성과물",1
"성균관대학교",1
"성립",1
"성별",1
"성보",1
"성사",1
"성장도",1
"성찰",1
"성폭력",1
"세가",1
"세끼",1
"세미나",1
"세월호",1
"세트",1
"셋트",1
"셰어",1
"소관",1
"소극적",1
"소나타",1
"소년",1
"소대",1
"소득",1
"소매점",1
"소문",1
"소사",1
"소상",1
"소속하",1
"소요량",1
"소지",1
"소품",1
"소홀",1
"속앓이",1
"손거울",1
"손재주",1
"송출",1
"쇳물",1
"쇼트",1
"수기",1
"수냉식",1
"수두",1
"수락",1
"수량",1
"수렴",1
"수로",1
"수료식",1
"수배",1
"수배송",1
"수변",1
"수비",1
"수석",1
"수선",1
"수수료",1
"수시",1
"수신",1
"수영구",1
"수영장",1
"수요일",1
"수요처",1
"수용",1
"수줍음",1
"수차례",1
"수혜자",1
"숙련",1
"숙련도",1
"숙박",1
"순두부",1
"순수",1
"순정",1
"순찰",1
"순찰차",1
"순천",1
"숟가락",1
"술집",1
"숨",1
"쉬",1
"스승",1
"스위스",1
"스카이",1
"스케쥴",1
"스쿠버",1
"스쿨",1
"스크랩북",1
"스크린",1
"스킨",1
"스타",1
"스테이크",1
"스템",1
"스트리밍",1
"스트림",1
"스팀",1
"스페이스",1
"스페인어",1
"스펙트럼",1
"스포티지",1
"슬픔",1
"슬하",1
"승",1
"승려",1
"승현",1
"승화",1
"시가지",1
"시간가량",1
"시거",1
"시계열",1
"시급",1
"시련",1
"시마",1
"시민",1
"시발점",1
"시설물",1
"시승기",1
"시시각각",1
"시안",1
"시의",1
"시작점",1
"시티",1
"시한",1
"시행",1
"시황",1
"식문화",1
"식사문",1
"식생활",1
"식용유",1
"식음료",1
"식이",1
"식자재",1
"식재료",1
"식품",1
"신고",1
"신뢰도",1
"신민회",1
"신분",1
"신사",1
"신설",1
"신속",1
"신식",1
"신용장",1
"신의",1
"신인",1
"신청",1
"신흥",1
"실기",1
"실내",1
"실례",1
"실무역",1
"실무진",1
"실생활",1
"실시",1
"실용신안",1
"실정",1
"실행력",1
"심부름",1
"심신",1
"심정",1
"심층",1
"심화",1
"싸이월드",1
"쓰기",1
"쓰레기",1
"쓰임새",1
"아담",1
"아들러",1
"아랫부분",1
"아로",1
"아세안",1
"아쉬움",1
"아우",1
"아저씨",1
"아주머니",1
"아키",1
"아프리카",1
"아픔",1
"악순환",1
"악영향",1
"악재",1
"안건",1
"안동대학",1
"안보",1
"안시",1
"안전도",1
"안하무인",1
"알라딘",1
"암",1
"압축",1
"애니메이션",1
"애프터",1
"애플",1
"액",1
"액수",1
"액정",1
"야간",1
"야구",1
"야구팀",1
"약대",1
"약학",1
"약해",1
"약화",1
"양면",1
"양면성",1
"양식",1
"양심",1
"양이",1
"어르신",1
"어린이날",1
"어머님",1
"어플리케이션",1
"언니",1
"언지",1
"엄마",1
"엄지손가락",1
"업그레이드",1
"업화",1
"에반게리온",1
"에탄올",1
"여가",1
"여건",1
"여수",1
"여주",1
"여타",1
"역",1
"역대",1
"역동",1
"연대장",1
"연동",1
"연등",1
"연락처",1
"연령대",1
"연식",1
"연주회",1
"연합대",1
"연회",1
"열공",1
"열기",1
"열매",1
"열전달",1
"열처리",1
"열풍",1
"영감",1
"영구",1
"영등포",1
"영세",1
"영양제",1
"영업과",1
"영업력",1
"영예",1
"영재",1
"영향력",1
"예기",1
"예리",1
"예산안",1
"예술",1
"예절",1
"예정자",1
"예치",1
"오른쪽",1
"오명",1
"오수",1
"오토바이",1
"오퍼",1
"오프",1
"옥",1
"온고지신",1
"온도",1
"온몸",1
"온배수",1
"온실",1
"온천수",1
"와이셔츠",1
"와이파이",1
"와중",1
"완료",1
"완보",1
"완성품",1
"완주",1
"완판",1
"완화",1
"왕도",1
"외관",1
"외교학",1
"외로움",1
"외면",1
"외의",1
"외향",1
"외형",1
"왼쪽",1
"요건",1
"요법",1
"요행",1
"용역",1
"용전",1
"용평",1
"용품",1
"우려",1
"우산",1
"우성산업",1
"우수로",1
"우수작",1
"우스갯소리",1
"우승",1
"운동량",1
"운동부",1
"운동선수",1
"운명",1
"운반",1
"운송망",1
"운송비",1
"운영자",1
"운용사",1
"운전대",1
"운항",1
"움직",1
"웃음꽃",1
"워크",1
"워크숍",1
"워킹",1
"웍스",1
"원고",1
"원수",1
"원숭이",1
"원스톱",1
"원전",1
"원점",1
"원천",1
"월",1
"월드컵",1
"웨이퍼",1
"위축",1
"위험물",1
"위협",1
"유공",1
"유니폼",1
"유대",1
"유량",1
"유로",1
"유류",1
"유리",1
"유머",1
"유명",1
"유무",1
"유발",1
"유방암",1
"유사",1
"유선",1
"유스",1
"유연성",1
"유용",1
"유일",1
"유입",1
"유자",1
"유전",1
"유치",1
"유해",1
"유형",1
"육군",1
"육체",1
"윤",1
"윤형",1
"율",1
"융",1
"융복",1
"으뜸",1
"은사",1
"은수저",1
"은일",1
"은하수",1
"음원",1
"음주",1
"응급",1
"응시자",1
"응용",1
"응원",1
"응집력",1
"의구심",1
"의뢰",1
"의류",1
"의리",1
"의병",1
"의외",1
"의의",1
"의자",1
"이날",1
"이레",1
"이례",1
"이로움",1
"이론학",1
"이면",1
"이목",1
"이바지",1
"이상일",1
"이서",1
"이수",1
"이슬람",1
"이용",1
"이용자",1
"이의",1
"이인삼각",1
"이정표",1
"이중",1
"이중고",1
"이즈",1
"이질감",1
"이집트",1
"이타",1
"이탈",1
"이하",1
"인간미",1
"인계",1
"인고",1
"인명",1
"인물",1
"인사계",1
"인생관",1
"인시",1
"인지",1
"인지도",1
"인체",1
"인터",1
"인터라켄",1
"인터페이스",1
"인화",1
"일감",1
"일견",1
"일련",1
"일명",1
"일반직",1
"일방",1
"일본군",1
"일사천리",1
"일상",1
"일선",1
"일시",1
"일쑤",1
"일인",1
"일종",1
"일차",1
"일처",1
"일치",1
"일함",1
"일환",1
"임관",1
"임진각",1
"임해",1
"입가",1
"입맛",1
"입문",1
"입버릇",1
"입시",1
"입출력",1
"입학시험",1
"입힐",1
"자가용",1
"자대",1
"자동차인",1
"자로",1
"자만",1
"자문",1
"자바",1
"자분",1
"자생력",1
"자양분",1
"자영업",1
"자유형",1
"자의",1
"자제력",1
"자조",1
"자책",1
"자취방",1
"자투리",1
"작고",1
"작동",1
"작법",1
"작업량",1
"작업장",1
"작용",1
"잔병",1
"잔뼈",1
"잠재력",1
"잡식",1
"잣대",1
"장도",1
"장래",1
"장롱",1
"장부",1
"장악하",1
"장애",1
"장애인",1
"장이",1
"장일",1
"장학금",1
"재가",1
"재개",1
"재능",1
"재미",1
"재치",1
"재화",1
"잭",1
"쟁점",1
"저감",1
"저금",1
"저널",1
"저녁",1
"저력",1
"저부",1
"저온",1
"저지",1
"저항",1
"적면",1
"적외선",1
"적임자",1
"적정",1
"전과",1
"전남",1
"전년도",1
"전단",1
"전담",1
"전도",1
"전동차",1
"전라북도",1
"전류",1
"전보",1
"전북",1
"전속력",1
"전시",1
"전압",1
"전열",1
"전용차",1
"전유물",1
"전율",1
"전이",1
"전입",1
"전자식",1
"전자파",1
"전쟁",1
"전제",1
"전주",1
"전폭",1
"전형",1
"전화위복",1
"전환점",1
"전후방",1
"절반",1
"절차",1
"절충안",1
"점심",1
"점유",1
"접시",1
"접지",1
"정",1
"정란",1
"정량",1
"정밀",1
"정산",1
"정상권",1
"정성",1
"정세",1
"정수",1
"정원",1
"정유",1
"정의",1
"정장",1
"정적",1
"정지",1
"정찰",1
"정책",1
"정치학",1
"정해진",1
"제거",1
"제스",1
"제어기",1
"제원",1
"제일주의",1
"제작사",1
"제재",1
"제전",1
"제철소",1
"제한",1
"젤리",1
"조",1
"조력자",1
"조립",1
"조명",1
"조바심",1
"조사원",1
"조선소",1
"조성",1
"조약",1
"조연",1
"조종사",1
"조직가",1
"조직도",1
"조퇴",1
"조형",1
"조회",1
"족",1
"존",1
"졸업식",1
"종",1
"종교",1
"종신형",1
"종일",1
"종전",1
"주관식",1
"주관하",1
"주눅",1
"주니어",1
"주도권",1
"주범",1
"주부",1
"주산",1
"주소",1
"주역",1
"주요한",1
"주최",1
"주한",1
"준비물",1
"중간보고",1
"중구난방",1
"중대",1
"중도",1
"중순",1
"중심부",1
"중앙아시아",1
"중앙일보",1
"중위",1
"중장비",1
"중재",1
"중책",1
"즉석",1
"증강",1
"증거",1
"지갑",1
"지급",1
"지난해",1
"지닌",1
"지대인",1
"지도하",1
"지름길",1
"지리",1
"지명도",1
"지배",1
"지불",1
"지수",1
"지시",1
"지지",1
"지지도",1
"지평",1
"지휘관",1
"직관",1
"직구",1
"직급",1
"직렬",1
"직선",1
"직속",1
"진급",1
"진동",1
"진실",1
"진전",1
"진척",1
"진천",1
"진흥원",1
"질책",1
"집계",1
"쯤",1
"차내",1
"차선",1
"차선책",1
"차시",1
"차체",1
"차후",1
"찬성",1
"참",1
"참가자",1
"참뜻",1
"참모",1
"참모장",1
"참석",1
"참석하",1
"창단",1
"창문",1
"창살",1
"창의력",1
"채소",1
"채택",1
"채팅",1
"책임자",1
"책자",1
"챌린저",1
"챌린지",1
"챕터",1
"척도",1
"천장",1
"천차만별",1
"철강업",1
"철거",1
"철야",1
"철칙",1
"철회",1
"첫번",1
"청",1
"청각",1
"청결",1
"청사진",1
"청소년기",1
"체격",1
"체결",1
"체구",1
"체대",1
"체류",1
"체제",1
"체질",1
"초년",1
"초대",1
"초록",1
"초면",1
"초지",1
"초창기",1
"촉망",1
"촉수",1
"총",1
"총감독",1
"총량",1
"총력",1
"총책임자",1
"최",1
"최소한",1
"최악",1
"추상",1
"추이",1
"추천",1
"축구팀",1
"축소판",1
"축적",1
"춘계",1
"출범",1
"출장지",1
"충당",1
"충주",1
"취지",1
"취직",1
"취항",1
"치",1
"치료",1
"치수",1
"치의",1
"친목",1
"친절",1
"친화",1
"친화력",1
"카리스마",1
"카본블랙",1
"카테고리",1
"칵테일",1
"칼리",1
"칼리지",1
"캄보디아",1
"캐나다",1
"캐피탈",1
"캔",1
"캠코더",1
"캡틴",1
"커뮤니케이션스",1
"커브",1
"커피숍",1
"커피포트",1
"컨설턴트",1
"컨트롤",1
"컴",1
"컴퓨팅",1
"코더",1
"코스피",1
"코엑스",1
"콜",1
"콜라",1
"콤",1
"쾌감",1
"쿠폰",1
"크롤",1
"크루즈",1
"클라리넷",1
"클래스",1
"클래식",1
"클러스터",1
"타",1
"타기",1
"타당",1
"타박",1
"타부",1
"타운",1
"타이어",1
"타이틀",1
"탄생",1
"탈수",1
"탈출기",1
"탈퇴",1
"탐구열",1
"탐방",1
"탐사",1
"태국",1
"태만",1
"태산",1
"태양",1
"택배업",1
"택시",1
"탱크",1
"터전",1
"털이",1
"텍스트",1
"토양",1
"톱",1
"통과",1
"통관",1
"통근",1
"통보",1
"통솔력",1
"통신원",1
"통역",1
"통할",1
"투명",1
"투수",1
"투자액",1
"트렌디",1
"틀림",1
"티끌",1
"티비",1
"팀웍",1
"팀플레이",1
"팁",1
"파",1
"파괴",1
"파리",1
"파업",1
"파이낸스",1
"파종",1
"파충류",1
"파킹",1
"판넬",1
"판독",1
"판로",1
"판매량",1
"판매원",1
"판매처",1
"판정",1
"판촉",1
"팔자",1
"팜플렛",1
"패기",1
"패니",1
"패러다임",1
"패션쇼",1
"펀딩",1
"평점",1
"평행",1
"폐암",1
"폐열",1
"포부",1
"포상",1
"포장",1
"포지션",1
"포착",1
"포커스",1
"포트폴리오",1
"폭발",1
"폭발물",1
"폴",1
"폴리머",1
"표상",1
"표시",1
"표정",1
"표창",1
"표출",1
"풀이",1
"품격",1
"품목",1
"품질력",1
"풍경",1
"풍습",1
"퓨전",1
"프랑스",1
"프랑스어",1
"프리미어",1
"플라스틱",1
"플레인",1
"피땀",1
"피력",1
"피복",1
"피부",1
"필두",1
"하계",1
"하늘",1
"하도급",1
"하드웨어",1
"하부",1
"하역",1
"하우스",1
"하월곡동",1
"하이닉스",1
"하이트",1
"하자",1
"하차",1
"하청",1
"하층",1
"하향",1
"학계",1
"학교생활",1
"학급",1
"학내",1
"학력",1
"학문인",1
"학번",1
"학벌",1
"학사",1
"학생과",1
"학술",1
"학술제",1
"학습량",1
"학습자",1
"학적",1
"학회장",1
"한가",1
"한곳",1
"한국능률협회",1
"한국말",1
"한국무역협회",1
"한국어",1
"한국형",1
"한꺼번",1
"한도",1
"한동대",1
"한동안",1
"한마음",1
"한반도",1
"한순간",1
"한인",1
"한전",1
"한진해운",1
"한학",1
"할당량",1
"할로윈",1
"할머니",1
"할인",1
"함보",1
"함성",1
"함수로",1
"함양",1
"합금",1
"합숙",1
"합인",1
"합주",1
"항공권",1
"항공모함",1
"항공사",1
"항로",1
"항법",1
"항암",1
"해라",1
"해무",1
"해병대",1
"해소",1
"해수욕장",1
"해주",1
"해피",1
"핵",1
"햄버거",1
"햇볕",1
"행",1
"행동력",1
"행정학",1
"향기",1
"향수",1
"허브",1
"허울",1
"헌병",1
"헤더",1
"헤드",1
"헬스",1
"혁신가",1
"현",1
"현대아산",1
"현대인",1
"현대하이스코",1
"현대해상화재보험",1
"현물",1
"혈소판",1
"혈안",1
"혈혈단신",1
"협약",1
"협조",1
"협조하",1
"형평",1
"혜화역",1
"호스텔",1
"호응",1
"호흡",1
"혼",1
"혼쭐",1
"홈",1
"홈스테이",1
"홈페이지",1
"홍보학",1
"화력",1
"화룡점정",1
"화상",1
"화석",1
"화초",1
"화학제품",1
"화해",1
"확장",1
"확정",1
"확충",1
"환경오염",1
"환불",1
"환아",1
"환원",1
"환자",1
"환호",1
"활기",1
"활력소",1
"활성",1
"회귀",1
"회생",1
"회장단",1
"횡단",1
"횡재",1
"효",1
"후각",1
"후보",1
"후부",1
"후속",1
"후회",1
"훈",1
"훈제",1
"휴가철",1
"휴대",1
"휴대폰",1
"휴식",1
"휴일",1
"흉",1
"흐름도",1
"흑자",1
"흡수",1
"힐",1
