"","x"
"1","도전하고 경험하자저의 신념은 도전하고 경험하자입니다. 남들이 수능 공부에 목맬 고등학교 1학년 시절, 저는 새로운 경험을 위해 혼자 중국으로 출국하였습니다. 처음 중국에 도착해 천진 공항 밖으로 나왔을 때, 이해할 수 없는 중국어로만 가득해 겁이 났던 기억은 아직도 잊혀지지 않습니다. 하지만 어느 정도 적응 후에는 혼자 택시를 타고 돌아다니며 새로운 사람, 문화를 접할 수 있었습니다. 이 새로운 환경으로의 도전은 삶을 환기 시켰습니다. 이후 새로운 환경에 도전하여 경험하고 배우는 것을 주도적으로 즐길 수 있게 되었습니다. 뷔페나 택배 아르바이트부터 생선 손질도 해봤고 과일 판매도 해봤습니다. 이번에는 LG하우시스의 일원이 되기 위해 도전하겠습니다. 또한 입사 후에도 언제나 더 높은 목표의 공정개선 프로젝트에 도전하고 많은 것을 경험하겠습니다. 이런 도전과 경험을 바탕으로 넓은 시야를 통해 폭넓게 아는 파이형 인재가 되어 LG하우시스의 핵심 엔지니어가 되겠습니다.                         504자859                    "
"2","저는 영업 직무를 수행하고 싶습니다. 영업직에 필요한 역량은 절대로 포기하지 않는 ""끈기""와, 다양한 관계 속에서 ""설득""하고 관계를 ""유지""해 나가는 능력이라고 생각합니다.“비즈니스 커뮤니케이션과 퍼스널 브랜드” 수업에서의 조별 과제 중 있었던 일입니다. 이 강의의 과제는 한 학기 동안 조별 과제를 매주 성취해나가는 것이었습니다. 그러나 문제는 여섯 명 모두 자신들의 의견과 주장이 뚜렷한 사람들이었습니다. 매주논쟁으로 얼굴 붉히기 일쑤였습니다. 주제를 정하는 것부터, 역할을 분담하는 것까지 시간이 오래 걸렸고 일의 능률도 오르지 않았습니다. 급기야 중간 평가 때는 8조 중에 7등을 하였고, 그 이후로 조장은 수업을 포기하였습니다. 그러나 저는 이 수업을 절대로 포기하고 싶지가 않았습니다. 중간 평가는 중간 평가 일 뿐, 마지막에는 꼭 반전의 결과를 만들어 내고 싶었기 때문입니다.저는 조별 모임 내 문제를 해결하기 위하여, 한 사람 한 사람 약속을 잡고 밥을 먹으며, 커피를 마시며 사람들의 개인적인 불만과 의견을 들어주었습니다. 이 수업을 통해서 얻을 수 있는 것들도 강조하였습니다. 포기한 조장은 설득했습니다. 이후 조원들의 갈등이 줄어들었고, 조별 모임의 분위기가 바뀌었습니다. 분위기가 좋아지니 능률도 올라, 기말 평가에서는 8조 중에 2등을 하였고 성적은 A+를 받았습니다.저는 이 사건을 통해서 포기 하지 않는 ""끈기""와, 개개인을 이해하는 ""공감""의 힘을 보았습니다. 그리고 조장이 아닌 사람도, 개개인의 마음을 이해하려고 노력한다면 언제나 ""조용한 리더""가 될 수 있다는 것을 깨달았습니다. 이러한 공감의 힘과 한 사람 한 사람을 이해하려는 마음은 다양한 사람을 설득하는 데 꼭 필요하며, 특히 관계를 유지하는데 꼭 필요합니다. 따라서 영업직군에서 꼭 필요한 덕목이라고 생각합니다. 이렇듯 조용하게 상대를 움직일 수 있는 힘으로, LG전자에서 영업 직무를 성공적으로 수행하고 싶습니다.                         997자1,680                    "
"3","제가 연구한 분야는 지능형차량입니다. 연구실에 들어오자마자 연구실에서 진행하고 있던 자율주행경진대회를 준비하였습니다. 대회 시작까지 10개월이라는 길지 않은 기간으로 인하여 마지막 3달 동안은 팀원들과 합숙을 하며 연구를 하였습니다. 합숙하며 실제 차량을 움직이는 것은 이론과는 많이 다르다는 것을 느꼈습니다. 예상치도 못했던 하드웨어 성능부족이나 갑작스러운 고장 등은 정해놓았던 계획을 지키기 힘들게 하였고, 센서노이즈와 하드웨어 지연은 기본적인 차량동역학뿐만 아니라 통신과 액추에이터 특성 등을 고려하지 않으면 제대로 된 제어를 하기 힘들다는 것을 알게 해주었습니다.또한, 이러한 큰 프로젝트를 진행하면서 팀원들과의 원활한 소통의 중요성을 느꼈습니다. 넘겨주는 데이터의 단위나 부호가 맞지 않거나 각자 만든 알고리즘을 통합할 때 이로 인한 문제점을 찾기 힘든 것을 겪으며 확실한 의사소통을 하였고 이후 이런 문제들이 발생하지 않았습니다.이러한 과정을 거치면서 자율주행경진대회를 진행하면서 데이터를 받아서 최종 제어까지 진행하는 데 필요한 알고리즘들을 공부해보고 싶다는 생각을 하였습니다. 먼저 센서를 통해 받은 데이터의 노이즈를 제거하기 위해 파티클필터를 공부하였습니다. 그리고 필터링 된 데이터를 사용하여 제어하기 위해 LQR을 공부하였습니다. 또한, 제어에 필요한 파라미터를 찾거나 비선형성이 강한 시스템을 제어하기 위하여 유전 알고리즘과 인공신경망 알고리즘을 공부하였습니다.파티클필터는 연구실에서 공부해 본 사람이 없어 모르는 것이 있을 때 그것을 해결하는 것이 어려웠지만 그렇기에 더욱 열심히 찾아보고 알 수 있도록 노력하였습니다. 또한, 생소한 분야였던 유전 알고리즘을 공부하기 위해 타과수업을 청강하여 공부하였고 졸업논문에 졸음판단이 필요하여 인공신경망 알고리즘을 공부하여 알고리즘을 만들어보기도 하였습니다.많은 방법을 사용할 수 있는 것은 많은 해결방법을 가진 것으로 생각합니다. 입사 후에도 더 깊게 공부하여 성장하는 LG전자에 도움이 되도록 노력하겠습니다.                         1,018자1,773                    "
"4","저는 어렸을 때 조용한 성격이었습니다. 책 읽는 것을 좋아하고 체육 시간에는 친구들과 어울려 농구도 하며 평범하게 학교에 다니는 학생이었습니다. 그러다가 초등학교 4학년 때 저를 싫어하는 친구를 만나게 되었습니다. 이유는 왜인지는 모르겠지만, 저를 좋아하지 않았고 형이 같은 학교의 6학년이어서 아이들을 괴롭히며 다니던 친구였습니다. 조용한 성격이었던 저는 그냥 잘 지내다 보면 괜찮아질 것으로 생각했습니다. 그러다가 결국 그 친구에게 심하게 맞게 되었습니다. 큰 충격을 받고 그 이후 저는 가만히 있으면 안 되겠다고 생각하였고 그 친구가 괴롭힐 때 반항을 하였습니다. 반항하면서 저를 괴롭히는 친구는 줄어들었지만 언제나 나쁜 친구들은 있었고 그러다 보니 자주 싸우고 성격이 나빠지게 되었습니다. 5학년이 되어서는 저를 괴롭히는 친구는 없었지만 4학년 때 그 친구와 같이 저를 괴롭혔던 다른 한 친구는 계속해서 저와 마찰이 있었고 제 인생에서 가장 많이 싸운 1년을 보냈습니다. 그렇게 힘든 2년을 보내고 나니 성격이 거칠어졌었고 신경질적인 사람이 되었습니다. 그러다가 6학년이 되면서 담임 선생님을 만나게 되었습니다. 그 선생님은 제가 어디가 그렇게 좋으신지 책을 읽을 때나 발표를 할 때 제 번호를 부르기 위해 날짜를 더하고 빼며 어떻게든 제가 발표하게 하였고 언제나 관심을 가지고 저를 대해주셨고 일기를 써서 제출하면 그 날 있었던 일에 대해 코멘트를 달아주시고 제가 더 좋은 방향으로 갈 수 있게 지도해주셨습니다. 그러다 보니 점점 선생님과 아이들에게 좋은 모습을 보여주고 싶었고 저의 거칠었던 성격은 점점 순해지고 다른 아이들과 마찰이 없는 학생이 되었습니다. 중학교를 먼 곳으로 가게 되면서 선생님을 다시 뵙진 못했습니다. 한번의 아픔이 있었지만 이는 다른 사람의 아픔을 이해하는 계기가 되었고 그 이후 더 많은 친구들과 잘 지낼 수 있었습니다. 이러한 저의 장점은 LG화학에서 팀워크를 끌어올리는 데 도움이 될 것입니다. 이러한 팀워크로 LG화학의 발전에 앞장서겠습니다.                         1,022자1,747                    "
"5","[끊임없는 투자로 발전하는 LG생명과학에서 고객의 기억에 남는 영업 사원이 되겠습니다]LG 생명과학은 지속적이며 과감한 R&D 투자를 통해 신약을 개발하며 회사의 가치를 높여왔습니다. 이를 통해 생산한 ‘제미글로’는 현재 가파른 매출 상승을 이어가고 있으며 글로벌 대형 신약의 자리까지 오를 것이라는 예측을 받고 있는 LG생명과학의 자랑스러운 제품입니다. 이러한 성공 사례는 R&D 투자와 더불어 취약했던 영업력의 상승이 한 몫 했다고 생각합니다. 꾸준한 투자를 통한 국내외 시장공략으로 현재 업계 TOP 자리를 노리는 LG생명과학에서 영업 활동을 하며 꾸준히 개발되는 신약을 국민들이 처방받아 건강과 삶의 질 향상에 도움이 되도록 만들고자 이렇게 MR에 지원하게 되었습니다.제가 지원하는 직무 MR은 다른 말로 영업 사원입니다. 저는 영업이 두렵기 보단 1 제가 즐겁게 일 할 수 있는 분야라 생각합니다. 대학교 1학년 때부터 지금까지 많은 유통업계 아르바이트를 경험하면서 배운 것은 고객의 마음을 사로잡아 영업을 하는 법이였습니다. 처음 했던 편의점에서는 하나의 매장을 관리한다는 책임감 아래 고객들이 주로 구매하는 인기 상품은 무엇인지, 인기 없는 상품은 어떤 점이 부족한지, 상품의 진열이 어떻게 소비자의 구매로 연결되는지 등 다양한 관점에서 바라보며 일했습니다. 이후 대형마트에서 완구 판매 아르바이트를 하면서 고객은 제가 제품에 대해 철저한 지식으로 무장되어있고 이를 알기 쉽게 설명 해줄 때 저의 정보를 신뢰하고 구매한다는 것을 깨달았습니다.  영업은 단순히 제품을 파는 일이 아닌 내가 고객이라면 어떤 상품을 고를까라는 생각과 ‘나’ 자신을 파는 것처럼 고객에게 진심으로 다가가서 소통해야 한다는 것을 배웠습니다. 이런 경험을 통해 고객이 저를 오래 기억하고 필요할 때 찾는 멋진 영업 사원이 되겠다는 생각을 갖게 되었습니다. 저를 파는 것처럼, 저에 대한 호감을 먼저 사서 단기적인 거래가 아닌 꾸준한 거래가 이루어지도록 노력하는 사원이 되겠습니다.                         1,029자1,742                    "
"6","[세상과의 통로를 만드는 사람]어린 시절 기억 중 TV 속으로 들어가고 싶다는 생각에 끌어당기다가 TV를 안고 넘어진 기억이 있습니다. 어릴 적 TV 속으로 들어가고 싶다는 생각이 디스플레이에 대한 호기심을 불러일으켰습니다. 디스플레이에 대한 호기심은 공상영화를 보며 더욱 발전했습니다. 특히 투명 디스플레이, 플랙시블 디스플레이를 보며 디스플레이의 관심은 더욱 커져만 갔습니다. 계속된 관심은 ‘디스플레이 제조의 일인자가 되겠다.’라는 목표로 발전하였습니다. 목표를 위한 조사를 계속하면서 차세대 디스플레이에서는 OLED가 핵심이 될 것 이라고 판단했습니다. 자연스럽게 OLED 업계 1위인 LG디스플레이에 대해 조사해보게 되었습니다. 이러한 조사 끝에 LG디스플레이의 ‘1등 정신’에 매료되었고 LG와 함께 세계 최고에 도전하겠다는 다짐을 하였습니다.LG디스플레이와 함께 차세대 디스플레이의 최고가 되고자 지원하게 되었습니다.[디스플레이 공정에 맞는 옷 입기]디스플레이 전문가가 되고자 하는 목표를 이루기 위해 많은 노력을 하였습니다. 첫째, 물리 전자, 전자소자, 집적 공정 회로 등 반도체 공정과 관련된 수업을 들으며 기본 개념을 습득했습니다. 둘째, IMID 디스플레이 전시회에 참가하여 자동차 디스플레이, POLED 등 다양한 디스플레이들을 경험해보았습니다. 셋째, 공정에 대한 경험을 위해 생산 공장에서 3개월 정도 근무를 하였습니다. 어느 날 불량품이 발생한 적이 있었는데 알고 보니 볼트에 낀 조그마한 이물질에 의한 볼팅 불량이었습니다. 이러한 경험을 통해 제조공정에서 청결함이 얼마나 중요한지에 대해 생각해보는 기회가 되었습니다.[패기와 전문성을 가진 LG인]디스플레이는 곧 세상의 통로라고 생각했고 그러한 눈을 만드는 사람이 되고 싶습니다. 특히나 지원한 분야인 공정에서 새로운 공정을 빠르게 안정화 시키고 또한 과거 공장에서의 경험을 바탕으로 현재 LG디스플레이의 목표인 UHD OLED 수율 85% 도달에 일조하는 LG인이 되겠습니다.                         1,041자1,733                    "
"7","""책임감""초등학교 때 1년간 필리핀으로 어학연수를 갔습니다. 가족과 떨어져서 혼자 필리핀에서 살게 되면서, 제 일을 제대로 해내지 못하면 대신 해결해줄 사람이 없다고 생각했기 때문에 맡은 일을 철저히 해내기 위해 노력했습니다. 이러한 성장과정으로 저는 어려서부터 ‘책임감’을 키울 수 있었습니다. 그래서 대학 시절, 성가대의 연습부장을 맡았을 당시 성가대의 실력 향상이라는 목표에 책임감을 갖고, 연습구조를 개편하였습니다. 그리고 파트간의 피드백을 통해 실력을 크게 향상시켜, 경연대회에서 우승하는 결과를 얻었습니다.""긍정""제 성격의 장점은 긍정적인 것입니다. 그래서 어려운 상황도 모두 저의 발전에 도움이 된다는 생각으로 이겨내곤 합니다. 2014년에 ‘캠퍼스 oo전략 유니버시아드’ 공모전에 도전하였을 때, 특허에 대한 지식이 전혀 없어 포기할 뻔한 적이 있습니다. 하지만 긍정적인 생각을 바탕으로 다시 도전하였고, 150여명중 상위 3명에게 주어지는 상을 수상하였습니다.                         502자857                    "
"8","[공정 이해+팀워크+체력]LG디스플레이의 Oxide TFT 공정에 기여할 수 있는 세 가지 역량을 갖추고 있습니다.첫째, TFT 공정 관련 높은 이해도입니다. ‘반도체 공정 공학(A+)’, ‘디스플레이 공학(A0)’을 수강하며 TFT 공정의 이론을 확실하게 익혔습니다. 이론을 바탕으로 2015년 여름방학 때 실험실에 있는 장비들로 직접 sputtering과 etching을 해보면서, RF power와 etching gas의 비율과 농도에 따른 etching 표면의 변화를 관찰하였습니다. 전공과목 수강과 손으로 익힌 TFT 공정에 대한 확실한 이해를 바탕으로 공정의 문제 해결에 기여하겠습니다.둘째, 합창을 통해 배운 팀워크입니다. 학교 근처 성가대에서 2년간 활동해오면서 합창을 통해 개개인의 열정과 함께 조화를 이루어야 하는 팀워크의 중요성을 깨달았습니다. 공정 엔지니어로서 생산 라인과 여러 부서 간 협력에서 저만의 팀워크를 발휘하겠습니다.셋째, 튼튼한 체력입니다. 고등학교 때부터 수영을 하며 체력을 길러, 2015년에 참여한 하계 특전사 캠프에서는 150여 명의 교육생 중에서 5명에게 주어지는 우수 수료생의 표창을 받았습니다. 입사 후에도 꾸준한 체력 관리를 통해 생산 라인의 활력소가 되겠습니다.[작은 메모들로부터 앞당길 OLED의 미래]제 목표는 차세대 대형 OLED 패널에 필요한 Oxide TFT 공정의 전문가가 되는 것입니다. 이는 제가 세계 유일의 대형 OLED 패널 양산기술을 가진 LG디스플레이에 지원한 이유입니다. 현재 Oxide TFT 공정에는 산화물 반도체 채널 층이 후속 공정에서 손상되거나, 광차단막에서 발생하는 수소이온이 산화물 반도체층으로 확산되는 등의 불량 요인들을 가지고 있습니다. 이를 해결하기 위해, 항상 손에 펜과 메모지를 들고 다니며 공정과 장치의 문제점, 해결 방안을 빠짐없이 기록한 저만의 노트를 만들겠습니다. 그리고 이를 팀원들과 공유하며 함께 ‘불량률 zero 공정’을 목표로 OLED의 미래를 앞당기겠습니다.                         1,018자1,648                    "
"9","여자라면 누구나 뷰티에 대한 관심과 욕심을 가지고 있기 마련입니다. 용돈을 아껴 모은 네일 컬러가 100개를 넘어 기숙사 방이 친구들이 즐겨 찾는 네일 사롱이 되고, 뷰티 유튜버와 블로거들의 콘텐츠를 매일 같이 챙겨보던 관심과 욕심은 에스테틱 뷰티 브랜드 ooo에서 수행통역으로 일하며 점차 동경과 열정으로 번지게 되었습니다. 사장님의 비즈니스 미팅에 동행하여 뷰티 브랜드의 중국 내 비즈니스 방식, 마케팅 수단 등을 직접 보고 배웠고, 커뮤니케이션 분야의 폭넓은 지식을 쌓을 수 있었던 전공 수업에서, 또 5년간의 프리랜서 번역 아르바이트로 다분야의 사업 문서를 번역하며 한 줄의 글, 한 장의 사진으로도 사람의 마음을 움직이는 마케팅의 매력에 빠지게 되었습니다.  이렇게 뷰티 마케팅에 대한 꿈을 키워온 저는 13년의 중국 유학생활 1이 바탕이 된 중국 시장에 대한 이해, 그리고 뷰티 마케팅에 대한 열정으로 LG 생활건강의 브랜드를 널리 알리는 일에 동참하고자 지원하게 되었습니다.                         501자853                    "
"10","[주파수 통신과 그 한계의 극복, VLC]저는 VLC기술 상용화의 선두주자에 LG전자와 함께 하고 싶습니다. 최근 2.1 및 2.6GHz의 황금주파수의 할당을 놓고, 방송 및 통신사간의 치열한 대립이 있었습니다. 첨예한 갈등이 일어나는 이유는 무선통신에서 한정된 주파수가 가지는 한계 때문이라고 생각합니다. 저는 주파수의 한계의 극복을 위해, 미래의 기술인 VLC가 상용화되어야 한다고 생각합니다. VLC는 RF무선과 다르게 인증이 필요 없으며, 주파수가 가지는 간섭도 없습니다. 또한 고속 스위칭의 LED의 사용으로, LTE-A보다 60배나 빨라 점점 더 고속화 되어가는 통신 시대에 적합하다고 판단되며, 그 보안성 또한 뛰어납니다. 어쩌면 신기술 상용화에 앞장선다는 것은 리스크가 큰 도전일 수도 있습니다. 하지만 도전을 꺼리는 것은 세계적인 LG전자의 입지를 다지는데 걸림돌이 될 것입니다. 저는 VLC기술의 상용화에 앞장서서 새로운 시대를 여는 LG전자의 선봉장이 되고 싶습니다.                         508자836                    "
"11","저는 새로운 것을 접하고 그것을 통해 제 주변에 도움을 주는 것을 좋아합니다.저는 어릴 때부터 다양한 전자제품을 사용하는 것을 좋아했습니다. 주변에 있는 기계를 만져 보고, 새로운 걸 발견하면 가족에게 알려 주고는 하였습니다. 기능이 있음에도 아무도 몰랐던 것들을 발견하며 보람을 느꼈습니다. 학창시절에는 컴퓨터 관리를 맡아서 하였고, 주변에서 MP3 플레이어같은 작은 전자제품을 사용하다가 모르는 게 있으면 제게 찾아와서 물어보기도 했습니다. 또한 다양한 전자제품을 사고 팔면서 새로운 것들을 접하는 즐거움을 느꼈습니다. 1대학교에 진학해서는 고전음악 감상 동아리에서 활동하였습니다. 현재까지 활동하며 음향 장비 조작을 가르쳐 주는 역할을 했고 동아리방의 환경을 개선하는 데도 항상 관심을 가졌습니다.한편 저는 2년간 공군에서 정훈병으로 복무했습니다. 새로운 것을 배우는 보람과 다른 사람을 도와 주는 즐거움으로 군 생활을 보냈습니다. 영화 상영, 영상 촬영과 편집 등 많은 새로운 일을 배우면서 보람을 느꼈고, 새로운 장비가 들어오면 가장 먼저 배워서 알려주고, 자전거를 도맡아서 수리해 주기도 했습니다.전역 이후에는 제 전공과 관련이 깊은 데이터 처리와 분석에 대해 관심을 가져 빅데이터 동아리에 가입하였습니다. 데이터 처리를 위해 통계패키지인 R과 프로그래밍 언어인 PYTHON을 배웠습니다. 동아리에서 활동하면서 프로그래밍을 배우는 것에 즐거움을 느꼈고, 데이터를 처리하고 분석하는 것에 대한 흥미를 가지게 되었습니다. 한편 동아리원들과 엠티를 갔었는데, 개인적으로 재료를 더 사와서 끓여 준 찌개가 반응이 매우 좋았던 것이 동아리에서 가장 보람 있는 일이었습니다. 올해 여름에 롯데멤버스에서 했던 인턴 프로그램에서는 SAS를 사용하여 데이터 분석 경험을 쌓았습니다. 1작년 10월 부터는 여러 방면에서 도움을 받았던 교내 커뮤니티에 보탬이 되고자 게시판 관리자를 맡아 불량 게시물을 삭제하고 유저와 소통하는 일을 맡고 있습니다.                         979자1,689                    "
"12","저는 프로그래밍을 배우고 평소에 관심이 많았던 IT 업계에서 일하기 위해 IT OO Academy에 지원하였습니다.제가 어릴 땐 시내버스에 토큰이라는 것이 있었고, 지하철을 탈 땐 종이로 된 승차권을 사용했습니다. 하지만 지금은 휴대폰으로 직접 결제를 하는 세상이 되었습니다. 최근 20년간 IT 기술의 우리 삶의 모습을 완전히 바꿔 놓았고, 저는 어릴 때 부터 새로운 기술에 관심을 많이 가져 왔고, IT가 앞으로 어떻게 삶을 바꿔 나갈지에 대해 알고 싶습니다. 1통계학과에 재학하며 다양한 수업을 들었지만, 제가 가장 관심이 있었던 것은 통계 프로그래밍 수업이었습니다. R이나 SQL 코드를 짜서 결과를 도출하는 것은 정말 흥미로운 일이었습니다. 빅데이터 동아리에서 학회를 할 때도 통계 프로그래밍을 공부했습니다. R과 PYTHON을 이용해 내부 과제를 수행했습니다. 코딩에 관심이 있어 개인적으로 C와 PYTHON을 공부하기도 하였습니다. 1                         474자787                    "
"13","담당 지역의 양판점/대리점이 최고의 판매 역량을 갖추게 함으로써 상권 내 최대 효율의 경쟁력을 발휘할 수 있게 만들겠습니다. 목표 달성을 위해 다음과 같은 구체적 계획을 설정했으며, 반드시 목표를 이행하겠습니다.1년, 관리자의 자격제품과 시장에 대해 열의를 가지고 공부하여 입사 1년 내에 한 사람 몫 그 이상을 할 수 있는 영업관리자가 되겠습니다.3년, Channel Booster현장을 통찰력있는 시각으로 조망하며 매장 환경 및 판매 방식의 문제점을 개선해 나가겠습니다. 이를 통해 담당 지역 내 모든 매장이 최대의 매출/영업이익 상의 성과를 낼 수 있게 하겠습니다.5년, 현장의 마에스트로고객을 누구보다 잘 알고, 고객에게 사랑받는 매장을 조성하고 판매원을 양성하는 영업관리자로 자리 잡겠습니다.10년, Supporting Leader신 성장동력을 모색하며, 후배들이 더욱 효율적으로 기분좋게 일할 수 있는 환경을 조성하는 리더로 성장하겠습니다.                         500자820                    "
"14","‘도전의 가치를 알고 있는지’, ‘삶 속에 얼마나 녹아있는지’ 이 두 가지가 제가 회사를 선택하는 기준입니다. 그 기업의 발전 가능성을 보여주는 지표가 도전이라고 생각합니다. 도전은 움직이게 합니다. 그리고 도전은 혁신과 발전을 가져옵니다. 실패하더라고 배울 수 있는 점을 만들어내고 미래의 모습을 그리게 합니다. 그리고 기업은 사람의 삶 속에 녹아있어야 합니다. 같이 살아가며 사람들의 원동력이 되어야 하고 잊혀지면 안됩니다. 그리고 LG디스플레이는 이것의 가치를 알고 있습니다.LG디스플레이는 도전의 가치를 알고 있습니다. 그리고 제가 보는 LG디스플레이는 도전을 최고의 미덕으로 삼고 있습니다. IPS, AIT, 3D와 같은 기술분야 그리고 세계최고의 디스플레이 제품을 생산해냈고 투명 플렉서블 디스플레이와 같은 새로운 방향으로 또 다시 도전하고 있습니다. 한 명의 LG디스플레이 직원으로서 단기적으로는 업무의 전문성을 갖고 멀게는 생산기술 분야의 전문가가 되어 LG디스플레이의 도전에 함께하고 싶습니다.LG디스플레이는 우리의 삶 속에 녹아있습니다. 지금도 많은 사람들의 곁에 LG디스플레이의 제품이 자리잡아 삶의 질을 높여줍니다. 저는 제가 가진 가치를 사람들의 삶에 녹아 들도록 하고 싶고 LG디스플레이에서 완벽한 제품을 생산해내는 생산기술 직무를 통해 실현하고 싶습니다.산학협력인턴으로 OO사에서 근무를 한 경험이 있습니다. 근무기간 동안 일관되며 정확한 동작을 수행하는 기기를 보면서 그것에 매료되는 저를 발견할 수 있었고 또한 생산기기의 작동오류와 이에 따른 작업의 지연 및 생산량의 하락을 볼 수 있었습니다. 이는 정밀한 동작수행과 높은 안정도를 통해 양질의 제품 생산 및 생산량 증대를 가능하게 하는 자동화 설비 시스템 설계를 진행하고 싶다는 생각으로 바뀌었고 이를 실현하기 위해서 역량을 키워왔습니다. 완벽한 생산과 품질개선을 위한 새로운 시스템개발에 제가 같이 있고 싶습니다. 제 세부전공인 제어로봇공학의 전공적 지식과 걸어온 길은 이곳에서 꽃을 피울 수 있을 것 입니다.                         1,046자1,789                    "
"15","지원 회사 선택 시 제 자신에게 묻는 질문은 두 개입니다. 첫 번째 질문은 ‘끊임없이 도전하고 혁신하는 회사인가?’이고 두 번째 질문은 ‘내가 그 회사에 기여할 수 있는가?’입니다. 이 두 질문에 제가 자신 있게 대답할 수 있는 회사가 LG상사였습니다. [도전의 가치를 알고 있습니다]저의 인생의 중요한 순간에 도전하는 것을 주저하지 않았습니다. 고등학교 선택 시 전통이 있는 외국어 고등학교 대신에 개교한지 1년이 되는 외고를 선택했고, 대학교도 새로 개설된 학과를 선택했습니다. 이러한 도전을 통해 저는 한 단계 더 성장할 수 있었습니다.제가 진학한 고등학교는 기숙사학교였습니다. 아직 미성숙했던 시절 저는 기숙사 생활을 통해 커뮤니케이션 능력과 적극적인 대인관계 능력을 기를 수 있었습니다. 대학교에서는 저의 과만의 수강선택 정책으로 인해 전문성을 가진 Generalist로서의 역량을 키울 수 있었습니다. 도전은 저의 발전과 성장의 원동력입니다.[LG상사는 고인 물이 아닙니다] 고인 물은 썩는다는 속담에서 알 수 있듯 발전 없는 사람은 남보다 뒤떨어지게 됩니다. 저는 도전을 한 경험을 통해 사람처럼 기업도 도전과 혁신을 하지 않는다면 고인 물이 되어 성장하지 못 할 것이고 위기에 빠질 것이라는 것을 알게 되었습니다.                          652자1,098                    "
"16","재무는 숫자와 한순간의 실수로 회사에 손실을 끼칠 수 있는 돈을 다루기 때문에 직무지식과 더불어 분석력과 꼼꼼함이 필요하다고 생각합니다.[재무에 열정을 쏟았습니다]XXX 프로젝트를 수행했습니다. 재무를 담당한 저는 재무팀의 업무를 간접 체험했습니다. 재무적 접근을 통해 회사를 종합적으로 지원하는 역할이 매력적이었습니다. 재무의 중요함을 느꼈고 흥미를 가졌습니다. 전공학점의 약 50%를 재무 관련 과목으로 수강했고 평균 4.0 이상의 학점을 받았습니다 재무와 관련된 진로를 고민했고 회계사에 도전했습니다. 1차만 통과하고 최종 합격은 하지 못했지만 재무, 회계학 그리고 세법과 관련하여 심화된 지식을 습득했습니다. [꼼꼼함]1년여 동안 XXX에서 영문과 국문 서신 번역 검수 업무를 했습니다. 매주 10여 통의 국문과 영문으로 번역된 서신이 배정되었고, 잘못된 번역이나 오타가 없는지 꼼꼼히 확인했습니다. 1년여간 약 500여 통의 서신을 검수하였고 자연스럽게 꼼꼼함이 몸에 배었습니다.[분석력]XXX 인턴 당시 새롭게 도입되는 ERP에 대한 분석 지원 업무를 맡았습니다. ERP에 대한 지식이 없던 저는 전산부서에서 자료를 받아 공부했습니다. 기존 사용 ERP 매뉴얼과 도입되는 ERP 매뉴얼을 분석하여 차이점을 자료로 가공해서 팀원들에게 제공했습니다.[프로그램 활용 능력]복잡한 재무 데이터의 효율적 처리를 위해 필요한 엑셀과 같은 프로그램의 활용능력이 부족합니다. 실무활용도가 높은 컴퓨터 활용능력 1급 시험공부를 하여 프로그램 활용 능력을 기르겠습니다.심화된 직무지식과 역량을 갖췄습니다. 데이터 처리 활용 능력을 보완하여 재무 상황에 대한 정확한 분석을 제공하고 꼼꼼하게 현금흐름을 관리하여 LG전자에 기여하겠습니다.                         895자1,503                    "
"17","소통을 통한 팀워크의 중요성을 알고 있습니다. XXX 학회에서 활동했습니다. 5명이 한 팀으로 구성되었는데, 모두 전공이 달랐습니다.서로 다른 전공과 성향을 가졌고 관심 분야가 달랐기에 의견 충돌이 계속되었고 업무 진행은 제자리였습니다. 팀원들과 대화의 장을 마련했습니다. 서로에게 가진 불만을 들었고, 업장 방문 전과 후에 지속적으로 대화의 시간을 갖기로 했습니다. 협력을 통해 일을 하니 시너지가 창출되었습니다. 서로의 강점은 강화되었고 약점은 보완이 되었습니다. 컨설팅은 잘 진행되어 저희가 맡은 업장은 월 100만 원의 적자에서 50만 원의 흑자로 전환되었습니다.경험을 통해 소통을 통한 팀워크의 필요성을 느꼈습니다. 경험을 바탕으로 부서 내 소통은 물론 타 부서와의 소통도 소홀히 하지 않겠습니다. 소통과 협력으로 행복한 직장공간을 만들고 효율적으로 업무를 수행하여 LG하우시스에 기여하겠습니다.                         464자790                    "
"18","[환자를 위한 만병통치약, MR ooo]무궁무진한 성장 가능성을 지닌 LG생명과학에서 'Sales Specialist'로 성장하기 위해 LG생명과학의 문을 두드립니다.급속하게 진행되고 있는 고령화의 추세로 제약업이 신성장동력으로 급부상하고 있습니다. 많은 헬스케어 기업 중에서도 LG생명과학은 당뇨병 치료제 제미글로, 5가 혼합백신 유펜타를 비롯하여 관절염, 필러 등 많은 부문에서 탄탄한 파이프라인을 보유하고 있습니다. 하지만 현실에 안주하지 않고 신약 개발을 위해 지속적으로 R&D에 투자하는 모습에서 LG생명과학의 밝은 내일을 엿볼 수 있었습니다.제약 영업은 타 영업과 달리 의약품 정보를 습득하며 전문성을 기를 수 있는 분야입니다. 이에 더해, 누군가에게 건강한 삶을 선물한다는 점도 제약 영업이 가진 매력 중 하나입니다. 기술력과 경쟁력을 갖춘 LG생명과학의 제품에 저의 적극적인 영업력을 더하여 환자의 밝은 내일을 열어가는 신입 MR ooo가 되겠습니다.[Top Performer, 기동 준비 완료!]LG생명과학의 탑 퍼포머 MR이 되기 위해 첫째, 세일즈 노하우를 체득했습니다. 백화점과 마트 등에서 세일즈 경험을 쌓으며 느낀 것은 '고객의 입장'에서 생각하는 것이 무엇보다 중요하다는 것이었습니다. 이 깨달음을 바탕으로 영업 실무에 뛰어든 결과, 마트에서 전통차 800세트 완판, oooooo 'oo사회' 잡지 구독 전국 2위라는 성과를 달성하였습니다.둘째, 제약사 MR 선배들의 멘토링 프로그램에 참여했습니다. 사소하게는 ETC와 OTC의 차이부터, 제약 영업의 노하우까지 살아있는 현장의 소리를 들을 수 있었습니다. 또한, 선배들과 제약 영업에 대해 깊이 있는 대화를 나누며 저의 적성이 제약 영업에 부합할지 알아보는 시간을 가지기도 했습니다.이런 과정을 통해 제가 잘 할 수 있으며 좋아할 수 있는 일이 바로 '제약 영업'이라는 확신을 가졌습니다. 일을 즐기면서 동시에 최고의 성과를 창출하는 '1등 LG'의 '1등 MR'이 되겠습니다.                         1,011자1,656                    "
"19","이제는 태블릿 PC로 직접 주문과 적립을 하는 시대입니다. Display는 더 이상 출력이 전부가 아니며 IoT 성장에 따라 OLED는 더욱 주목받을 것입니다. 이러한 성장 가능성을 통해 OLED에 관심을 키웠습니다. LG Display는 POLED를 차량용 CID에 탑재하는 등 차별화된 노력으로 지속적인 성장을 하고 있습니다. 이러한 OLED 시장 지배에는 높은 수율과 가격 경쟁력 확보가 필수라고 생각합니다. 효율적인 공정관리를 통해 최고 경쟁력 생산체제를 구축하겠습니다. 이로써 Global No.1 LG Display를 이끌어 나가겠습니다.[OTFT 제작 경험]‘Insulator 종류에 따른 Flexible TFT 제작 및 특성연구‘ 프로젝트는 Display 연구를 넘어 실제 공정운영까지 이해하는 데 큰 도움이 됐습니다. 저는 소자 제작과 장비 운용을 하며 발생 가능한 공정오류를 고려했습니다. 특히 이물에 의한 특성저하 때문에 실험을 수차례 반복하며 공정운영이 품질과 수율에 큰 영향을 주는 것을 확인했습니다. 또, HP4145B로 특성측정을 하고 ORIGIN으로 Data 분석을 하며 해석력과 문제해결력을 키울 수 있었습니다. 이러한 경험을 살려 세밀한 공정관리를 통해 품질 향상과 단위 공정의 최적화를 이뤄내겠습니다.[소통과 협력의 리그위원장]중앙축구동아리 oo의 리그위원장으로서 교내 14개 축구동아리가 참가하는 1년제 대회를 직접 운영했습니다. 원활한 대회운영을 위해 학교와 참가팀과 충분한 소통을 했고 경기일정, 운동장 대관, 물품구매 등을 리그위원회와 분담하여 주체적으로 계획했습니다. 개막 후 경기일정에서 갈등이 생겼지만, 지속적인 대표자회의를 통해 개선하여 상호 협력적 관계를 만들었습니다. 또 더 큰 소통과 관심을 위해 페이스북에 ‘르풋리그’ 페이지를 개설하여 경기결과와 각종 이벤트를 홍보했습니다. 그 결과, 대회 스폰서를 얻어 대회운영비를 절감하여 축구동아리들로부터 신뢰와 인정을 받았고 결과적으로 대회가 성공적으로 마무리 될 수 있었습니다.                         1,022자1,667                    "
"20","이제는 태블릿 PC로 직접 주문과 적립을 하는 시대입니다. Display는 더 이상 출력이 전부가 아니며 IoT 성장에 따라 OLED는 더욱 주목받을 것입니다. 이러한 성장 가능성을 통해 OLED에 관심을 키웠습니다. LG Display는 POLED를 차량용 CID에 탑재하는 등 차별화된 노력으로 지속적인 성장을 하고 있습니다. 이러한 OLED 시장 지배에는 높은 수율과 가격 경쟁력 확보가 필수라고 생각합니다. 효율적인 공정관리를 통해 최고 경쟁력 생산체제를 구축하겠습니다. 이로써 Global No.1 LG Display를 이끌어 나가겠습니다.[OTFT 제작 경험]‘Insulator 종류에 따른 Flexible TFT 제작 및 특성연구‘ 프로젝트는 Display 연구를 넘어 실제 공정운영까지 이해하는 데 큰 도움이 됐습니다. 저는 소자 제작과 장비 운용을 하며 발생 가능한 공정오류를 고려했습니다. 특히 이물에 의한 특성저하 때문에 실험을 수차례 반복하며 공정운영이 품질과 수율에 큰 영향을 주는 것을 확인했습니다. 또, HP4145B로 특성측정을 하고 ORIGIN으로 Data 분석을 하며 해석력과 문제해결력을 키울 수 있었습니다. 이러한 경험을 살려 세밀한 공정관리를 통해 품질 향상과 단위 공정의 최적화를 이뤄내겠습니다.[소통과 협력의 리그위원장]중앙축구동아리 oo의 리그위원장으로서 교내 14개 축구동아리가 참가하는 1년제 대회를 직접 운영했습니다. 원활한 대회운영을 위해 학교와 참가팀과 충분한 소통을 했고 경기일정, 운동장 대관, 물품구매 등을 리그위원회와 분담하여 주체적으로 계획했습니다. 개막 후 경기일정에서 갈등이 생겼지만, 지속적인 대표자회의를 통해 개선하여 상호 협력적 관계를 만들었습니다. 또 더 큰 소통과 관심을 위해 페이스북에 ‘르풋리그’ 페이지를 개설하여 경기결과와 각종 이벤트를 홍보했습니다. 그 결과, 대회 스폰서를 얻어 대회운영비를 절감하여 축구동아리들로부터 신뢰와 인정을 받았고 결과적으로 대회가 성공적으로 마무리 될 수 있었습니다.                         1,022자1,667                    "
"21","[공학도로서의 가치 실현]시바타 아키오의 ‘자원전쟁‘을 읽으며 공학도로서의 가치에 대해 깊은 고민을 해본 적이 있습니다. 공학도는 많은 사람이 더욱 편하고 우수한 생활을 누릴 수 있게 만드는 사람이라고 생각합니다. 우수한 제품을 생산하기 위해서는, 최적의 생산시스템을 통해 원가절감과 완벽한 품질을 이뤄내는 것이 최우선 과제입니다. 이에 차별화된 시스템 개발과 적재적소에 맞는 소재의 지원으로 제품의 가치를 최대로 끌어내는 LG전자 생산기술원 연구원은 제가 생각하는 공학도의 모습입니다.소재가 생산기술에 미치는 영향은 점점 커지고 있습니다. 반도체 연구실 CO-OP 기간, 설비 내 이물에 의한 특성저하 때문에 실험을 수차례 반복하며 생산방식과 장비가 생산성에 큰 영향을 주는 것을 확인했습니다. 두 번의 인턴실습으로 전공인 고분자뿐만 아니라, 금속에 대한 역량을 쌓았고, OSP, ENIG 등 PCB 표면처리 기술과 전자재료 실장기술의 고성능, 집적화 및 친환경화 동향을 직접 보고 분석했습니다. 이러한 역량을 바탕으로 LG전자 고유의 생산시스템으로서 생산성 향상과 전자 생산기술의 혁신을 이끄는 생산기술원 연구원이 되겠습니다.[소통과 협력의 리그위원장]생산기술원 연구원은 설계, 공정 등의 유관부서뿐만 아니라, 고객사의 요구를 정확히 이해하고 최대의 효과를 내기 위해 소통과 협력이 필요합니다.중앙축구동아리 르풋의 리그위원장으로 교내 14개 축구동아리가 참가하는 1년제 대회를 직접 운영했습니다. 원활한 운영을 위해 학교, 리그위원회와 충분한 소통을 하면서 경기일정, 구장대여, 물품구매를 분담하고 계획했습니다. 개막 후 참가팀과 경기일정에서 갈등이 생겼지만, 지속적인 대표자 회의로 개선하여 상호 협력적인 관계를 만들었습니다. 또한, 리그 개선을 위해 시행한 설문조사로 홍보가 부족함을 알게 됐고 SNS에 ‘르풋리그‘ 페이지를 개설하여 경기결과, 각종 이벤트를 공유했습니다. 그 결과 대회 스폰서를 얻어 운영비를 절감했고 결국 성공적인 대회로 마칠 수 있었습니다.                         1,022자1,741                    "
"22","B2B영업은 기업들에게 필요한 서비스의 제공 및 환경 구축에 필요한 솔루션을 제안합니다. 따라서 문제상황에 적절한 ‘솔루션 제시’, 고객의 만족을 위한 ‘책임감’이 필요합니다.문제상황에 있어 가장 최적화된 솔루션을 생각하기 위해 노력하는 사람입니다. 한 번은 oo이란 학교 소모임의 후원금 확보를 위해 ‘비영리 임의단체 조직’승인을 받아 동아리 명의의 통장을 개설하여 정기적 후원과 재정의 투명성을 확보하는 데 성공하였습니다.기존의 후원방식은 회장 개인 계좌를 통해 이루어졌습니다. 하지만 정기적 후원이 불가능했으며 회계자료를 작성하기 어려워 투명성을 증명하기 어려웠습니다. 문제에 대해 고민하던 중 다수의 비영리 단체들이 그들 조직명의로 통장을 개설하여 지원받는다는 사실을 착안하였습니다. 이와 같은 방식이라면 문제가 해결될 수 있다 생각해 건의하였습니다. 세무서에 들려 ‘비영리 임의단체 고유번호’를 발급받고 은행에 제시해 동아리 명의의 계좌를 만들 수 있었습니다. 문제상황에 대해 깊이 사고한 결과, 최적의 대안을 제시할 수 있었습니다. LG전자에서도 고객의 상황을 고려하여 최적의 전자 솔루션을 제공하는데 주력하겠습니다.또한, 고객 만족을 위해 책임감을 가지고 최선을 다하는 사람입니다. ooo에서 일을 할 당시 매니아층을 보유한 ‘에반게리온’이라는 영화가 상영 중이었습니다. 관련 포스터를 배부하였는데 특성상 이를 위해 온 고객들이 대다수였습니다. 한번은 재고가 부족하여 클레임을 받게 되었습니다. 방책을 찾지 못하던 중 근처 신도림ooo에 전화를 해 재고를 확인하고 협조를 요청하였습니다. 충분한 재고가 있음을 확인하고 해당 관객들에게 관람 후 포스터 배부를 약속하였습니다. 아르바이트 신분에서 단순히 넘어갈 수 있는 사안이었으나 책임감을 느끼고 해결에 힘쓴 결과, 고객만족을 실현할 수 있었습니다. 서비스를 제공하는 B2B영업의 평가는 고객만족도로 이루어질 것입니다. 고객이 만족할 수 있을 때까지 B2B영업사원으로서 책임감을 가진 자세로 임하겠습니다.                         1,008자1,741                    "
"23","[‘S-리그’ 운영, 값진 경험]누군가 제게 대학생활 동안 가장 열정적으로 임했던 일을 물어본다면 저는 한치의 망설임도 없이 ‘S-리그’ 운영이라 대답할 것입니다. ‘S-리그’는 학교의 지원 없이 저희 동아리에서 10년 넘게 운영해온 교내 축구 리그로서 14개의 팀, 500명 정도의 선수가 등록 된 전통과 규모를 자랑하는 행사입니다. 막중한 책임감과 부담감에 고민도 많았지만, ‘Lefoot’의 역사와 자부심인 ‘S-리그’에 애착이 있는 만큼 리그를 성공적으로 운영하고 싶었기에 ‘2014년 S-리그’ 운영을 맡았습니다.제가 리그를 운영하고 기획하면서 얻은 수많은 배움 중 하나는 소통과 협업입니다. 여러 팀들이 참여하는 만큼 리그를 운영함에 있어 다양한 애로사항이 나타났습니다. 특히 경기 일정을 조율함에 있어 소규모 과 동아리의 경우 수업 등의 이유로 경기 진행이 되지 않는 경우도 있었습니다. 저는 각 동아리의 대표자들과 수시로 연락하며 이를 조율하였고, 소규모 동아리들도 리그에 적극적으로 참여할 수 있는 환경을 만들고자 정기적으로 대표자회의를 열어 소통할 수 있는 여건을 만들었습니다. 또한 규모가 큰 행사인 만큼, 리그 위원회 구성을 통해 리그 운영에 필요한 업무를 세부적으로 분담하여 효율성을 높이고 부담을 덜어냈습니다. 이외에도 지역 프로축구팀과의 협조를 통해 리그 운영에 필요한 축구용품을 지원받는 성과를 거두었습니다.저는 리그 운영을 통해 다양한 사람들과 소통하며 의견을 조율하고 협업하는 자세를 배웠습니다. 또한 1년 동안 100경기가 넘는 빡빡한 리그 일정을 소화하기 위해 날씨, 운동장 대여 여부, 시험기간, 학교행사 등 다양한 변수들을 고려하며 일정을 계획했습니다. 이를 통해 실제 생산 프로세스 내에선 더 많은 제약과 변수가 존재하므로 생산계획을 수립함에 있어 모든 경우의 수를 철저히 대비해야 함을 배웠습니다. 이 소중한 경험과 배움을 자산으로 삼아 LG전자 생산기술원에서 최적의 생산계획으로 LG전자의 생산성 향상에 기여하는 인재가 되겠습니다.                         1,020자1,730                    "
"24","[My Dream, I Will Display]올해 5월 코엑스에서 진행된 WIS에 참관했습니다. 그 곳에서 본 LG의 기술력은 정말 압도적이었습니다. 다른 대기업들과 같은 넓이의 부스임에도 훌륭한 제품이 많아 상당히 좁게 느껴졌습니다. 그 중 77인치 LG SIGNATURE TV, 4m가 넘는 LG SIGNAGE 등 LG디스플레이 관련 제품은 제 발걸음을 한동안 멈추게 했습니다. 그 후로 제 관심사는 온통 LG디스플레이였고 관련 자료를 찾아보던 중 5분짜리 OLED광고를 보게 되었습니다. 전율이 흘렀습니다. 머지않은 미래에 구현될 이 기술들을 제가 양산하는 OLED로 만들겠다고 다짐했습니다.[공정 전문가를 꿈꾸며]전자공학과에서 4년간 강의를 들으며 반도체와 회로에 대한 지식을 다졌습니다. Tunneling, P-N Junction, BJT, MOS-FET 등을 배웠고, 실험을 통해 직접 회로를 구현해 보며 엔지니어의 꿈을 키웠습니다. OLED 공정 전문가가 되기 위해 LG디스플레이 입사를 목표로 많은 공부를 했습니다. LG디스플레이를 업계 1위로 만들어 준 IPS는 액정 분자를 수평으로 정렬하여 시야각이 넓어졌고 단점으로 지적되던 것들을 UV 배향, 편광판, HDR 기술로 극복하고 있습니다. 또한, Advanced In-Cell touch에 유리해 앞으로의 시장에서도 우위에 있습니다. 그 외에도 RGB 발광물질을 수직 적층한 WRGB기술, 대형화에 유리한 Oxide TFT 등 많은 기술들을 미리 알아보았습니다,                         765자1,180                    "
"25","인턴 경험으로 얻은 나의 목표저는 인턴 활동을 통해 앞으로 하고자 하는 직무를 정할 수 있었습니다. 영어 점수나 자격증에 목 맬 시기인 3학년 겨울방학까지, 미래에 무슨 일을 해야 할지 전혀 감이 잡히지 않았습니다. 남들을 따라 스펙에 목매기 보다 제가 미래에 갈 길을 정하고자 했습니다.인턴활동 시작 후 제조업 회사의 생산 엔지니어로 배치 되었습니다. 그리고 맞닥뜨리게 된 엔지니어의 업무는 현장에서만 근무 할 것이라는 생각과는 전혀 달랐습니다. 방진복을 입고 라인에 들어가서는 웅장한 라인 시설과 정교하게 한치의 오차도 없이 움직이는 기계들에 감명을 받았습니다. 그 후 제가 고등학교 때부터 원했던 전공인 화학공학이 주인공이 될 수 있으며 거대한 설비를 관리하고 이에 관련된 문제 해결이나 개선 업무를 하는 생산 엔지니어를 목표로 설정하게 되었습니다.소통하는 화학공학 엔지니어저는 LG하우시스에서의 목표를 이루기 위해 3가지 역량을 준비해왔습니다.첫 번째, 직무 기초지식입니다. 화학공학을 전공하면서 화학 관련 기초 지식뿐만 아니라 화학 물질이 사용되는 공정에 관련된 반응공학 같은 과목을 수강하였습니다. 또한 업무 중 라인에서 발생할 수 있는 문제의 개선을 위한 식스시그마 자격증도 취득하였습니다. 입사 후 이런 직무 기초지식을 업무에 잘 녹여 시너지를 내겠습니다.두 번째, 직무 관련 실습 경험입니다. 제조업 생산부서에서의 인턴활동을 통해서 직무에서 하는 일을 체험할 수 있었습니다. 이 경험을 통해 LG하우시스에 입사 후 빨리 적응하여 목표를 이루기 위해 좀 더 빨리 나아가겠습니다.세 번째, 소통능력입니다. 엔지니어로서 다른 부서 팀원들과 혹은 현장 경험이 많은 생산직 근무자 분들과 입장차이가 발생할 수도 있습니다. 저는 동아리 단장으로 활동하며 내부 임원뿐만 아니라 동문 분들, 학교나 기업관계자 등 다양한 이해 관계자들과 의견을 조율하며 다양한 활동을 기획하였었습니다. 이 경험을 살려 누구와도 소통을 통한 원활한 협업을 이끌어내겠습니다.                         1,020자1,741                    "
"26","[ 열정 있는 지원자를 찾아서.]목욕 봉사 동아리에서 ""면접""시스템을 도입했던 경험이 있습니다. 목욕 봉사가 힘든 일이기에 6개월 내에 탈퇴율이 50%에 달했습니다. 봉사 인력이 부족하다 보니 회원 모집 시, 지원자는 다 받아주었습니다. 열정 없이 들어오는 사람이 많아 탈퇴율이 높은 악순환 구조가 반복되었습니다. 그 사람들을 걸러내기 위해 저를 포함한 운영진들이 힘을 합쳐 면접시스템을 도입했습니다. 그리고 그 이후로는 탈퇴율이 급감하였습니다.[ 목적 없이는 결과도 안 좋다. ]저는 인문학 전공자입니다. 그러나 ""국제경영론""이라는 경영학과 과목에 도전한 적이 있었습니다. 저는 경영학과 수업이 처음임에도, 욕심이 생겨 7번의 시험 동안 밤을 새가며 공부하였습니다. 결과는 85 명중에 30등을 하며 B+라는 점수를 받았습니다. 그때는 공부를 하면서 ""저만의 뚜렷한 동기""가 없었고 단순히 학점을 잘 받고자 하는 욕심에만 공부를 했기에 결과도 좋지 않았다고 생각합니다.                         507자849                    "
"27","제가 크게 실패하고 성공했던 경험은 자율주행경진대회에서 제 실수로 인해 예선에서 안 좋은 결과를 얻고 그것을 이겨내 본선에서 좋은 결과를 얻은 것입니다.저의 역할은 차량의 속도나 경로를 상황에 맞게 부여하는 것이었습니다. 대회 전날, 미션을 수행하는데 안전장치의 추가가 필요하여 수정한 뒤 예선전을 치렀습니다. 코스를 반 정도 지났을 때 차량이 가다 서기를 반복하며 제어가 되지 않았습니다. 결국, 예선에서 좋지 못한 점수를 받게 되고 그 후 이유를 알아본 결과 전날 추가하였던 안전장치의 오작동이 원인임을 알 수 있었습니다. 큰 아쉬움과 미안함으로 팀원들을 볼 면목이 없었지만, 다음날 있을 본선에서도 이런 일이 발생하면 안 되기에 확인에 확인을 거쳐 작동을 확인한 후 본선을 진행하였습니다.다행히 이번에는 모든 제어가 완벽하게 이뤄졌고 결국 대회에서 좋은 결과를 얻을 수 있었습니다. 나로 인해 팀 전체를 위기로 빠뜨릴 뻔한 이 경험을 통해 확인과 책임의 중요성을 느낄 수 있었습니다.                         509자873                    "
"28","저는 자율주행경진대회에 참여한 뒤 차량데이터를 받아 최종 자율제어까지 필요한 알고리즘들을 공부하였습니다. 몇 알고리즘은 연구실에서 공부했던 사람이 없어 모르는 것이 있을 때 그것을 해결하는 것이 어려웠지만 그렇기에 더욱 열심히 찾아보고 알려고 노력하였습니다. 혼자서 공부하기가 쉽진 않았지만 알고 싶은 마음에 타과수업을 들으며 공부도 하였습니다. 이러한 공부를 하면서 내가 알고리즘을 만들어 차량시뮬레이션에서 테스트하는 과정을 많이 수행하였습니다. BMS 알고리즘을 개발하는데도 이와 같은 과정이 필요할 것으로 생각합니다. 차량에서 소비되는 에너지를 계산하고 구동될 때 차량에 발생하는 저항들을 고려하지 않으면 정확한 계산이 이루어지지 않을 것입니다. 모르는 것을 알려고 하는 자세는 BMS 알고리즘을 개발할 때 많은 도움이 될 것으로 생각합니다. 저는 이러한 자세를 바탕으로 효과적인 BMS 알고리즘을 개발하여 LG화학이 차량 배터리 분야에서 독보적인 기술을 가질 수 있게 노력하겠습니다.                         506자876                    "
"29","[철저한 제품지식으로 의사, 약사 분들의 마음을 사로잡겠습니다]많은 아르바이트와 사회활동을 하면서 기른 근면성실함과 끈기 및 체력은 저의 장점입니다. 하지만 제약영업을 효과적으로 하기 위해서는 철저한 제품 지식 준비는 필수라고 생각합니다. 하나의 병. 의원 및 약국을 방문하는 제약회사나 도매상의 담당자 수가 일주일에 최소 30명 이상 된다는 이야기를 들었습니다. 이렇게 치열한 경쟁 속에서 의사, 약사 분들의 마음을 사로잡기 위해서 제품에 대해 정확한 지식은 100% 이상으로 준비해야 한다고 생각합니다. 법학을 전공한 비전공자이지만 전공자 못지않은 지식을 갖추기 위해 꾸준히 공부하겠습니다. 판촉물과 함께 의사와 약사 분들이 LG생명과학 제품을 처방하고 판매할 시에 높은 마진을 확보할 수 있도록 가격 설정을 잘하는 것 또한 꾸준히 준비하고 노력하겠습니다.  LG생명과학의 매출과 영업이익 상승을 위해 부단히 노력하고 반품률을 최소화 시키는 영업 사원의 모습을 보여드리겠습니다.                         516자876                    "
"30","[두 마리 토끼를 잡기 위한 노력]졸업 프로젝트를 할 때의 일입니다. 프로젝트를 준비하던 저희 조에게 학술대회에 참가하라는 교수님의 추천이 있었습니다. 학술대회 참가는 좋은 기회였지만 프로젝트 하나만으로도 벅찼기에 마냥 좋아할 수는 없었습니다. 조장이었던 저는 하나를 포기할지 말지를 선택했어야 했습니다. 그 때 두 가지를 모두 해보자는 결정을 내린 것은 저에게는 큰 도전이었습니다.먼저 조원들의 시간표를 하나의 타임테이블로 만들어 합쳤습니다. 표를 만드니 언제 만나야 할지 쉽게 알 수 있었습니다. 이 테이블로 모두가 가능한 시간을 제외하고는 각자의 시간을 가질 수 있었던 저희 조는 힘든 스케줄이지만 제가 이끄는 대로 잘 따라와 주었습니다. 그 결과 저희는 A+ 학점을 받을 수 있었고 대회 또한 성공적으로 참가하였습니다.타임테이블을 만든 창의성과 팀원들을 독려했던 경험은 제가 LG디스플레이에 입사했을 때 창의적이고 동료와 협력할 수 있는 사원이 될 수 있도록 해줄 것입니다.                         521자882                    "
"31","공장 견학으로 생산기술 엔지니어 직무에 대한 깊은 관심과 이해를 갖게 되었습니다.’고분자 공학’을 수강하면서 플라스틱과 고무 등의 가격은 석유 가격에 민감하므로 생산력이 매우 중요하다고 생각하였습니다. 그래서 공정에서는 어떤 방법으로 효율적인 생산을 위해 노력하는지 직접 알고 싶었기에 oooo, oo화학 공장을 견학하였습니다. 그리고 현직자와의 만남으로 공장의 생산구조와 함께 생산기술 엔지니어의 역할에 대해 자세히 알게 되었습니다. 이를 계기로 생산공정에 대한 관심을 갖게 되어 ‘화학 공학 실험’ 과목에서 배운 ‘UniSim’ 프로그램으로 여러 feed 조건에서 직접 공정을 설계해보기도 하였습니다. 위의 경험을 통해 공정지식을 바탕으로 생산계획을 수립하고 공정을 관리하는 생산기술 엔지니어의 꿈을 키워왔습니다.LG하우시스의 생산기술 엔지니어에 필요한 두 가지 역량을 키우며 성장해 왔습니다.첫째, ‘튼튼한 체력’입니다. 어려서부터 부모님께서 강조하신 ‘건강한 몸에 건강한 정신이 깃든다’는 가르침을 바탕으로 수영, 등산 등의 운동을 꾸준히 해왔습니다. 그리고 튼튼한 체력을 바탕으로 2015년 여름방학 때 참여한 특전사 캠프에서는 150여 명의 교육생 중에서 5명에게 주어지는 우수 수료생의 표창을 받기도 했습니다. 공장과 여러 부서를 오가며 공정을 관리해야 하는 생산기술 엔지니어에게 체력은 가장 필수적인 요소 중 하나일 것입니다. LG하우시스에 입사 후에도 꾸준한 체력관리를 통해 24시간 지치지 않는 울산공장의 활력소가 되겠습니다.둘째, 합창을 통해 배운 ‘팀워크’입니다. 2014년부터 학교 인근 성가대에서 활동하며 합창을 배웠습니다. 합창을 하면서 제 목소리에 최선을 다할 뿐만 아니라 다른 파트의 목소리도 배려하며 하나의 노래를 완성해야 했습니다. 이를 통해 개개인의 열정과 함께 주변과 조화를 이루어야 하는 팀워크의 중요성을 깨달았습니다. 생산기술 엔지니어로서 정비/계전/QA/환경안전 등의 지원부서와의 협업에서 저만의 팀워크를 발휘하겠습니다                         1,002자1,720                    "
"32","[공대생, 특허에 도전하다]2014년 ‘캠퍼스 특허전략 유니버시아드’라는 공모전에 수상을 목표로 도전하였습니다. 처음 접하는 특허 용어와 기술들을 공부하는 데 대부분의 시간을 투자하면서, 보고서 제출이 열흘도 남지 않게 되었습니다. 부족한 시간 속에서도 ‘끝날 때까지 끝난 게 아니다’라는 생각을 가지고 3천여 건의 특허와 논문들을 밤을 새워 분석하여 보고서를 완성했습니다. 발표심사 때는 심사위원들에게 기술을 좀 더 자세하고 이해하기 쉽게 설명하기 위해 수십 번의 예행연습을 거쳐 발표를 다듬었습니다. 또한, 다른 도전자들과의 차별화를 위해 특허의 개량발명 아이디어를 추가로 구성하여 150여 명 중 상위 3명에게만 주어지는 상을 받는 결과를 얻었습니다.공모전 경험을 통해 제가 얻은 것은 특허 분석 능력뿐만 아니라 ‘난 할 수 있다!’ 라는 자신감이었습니다. 그리고 이 자신감은 향후 LG디스플레이의 공정 엔지니어로서 공정의 문제 해결에 끊임없이 도전하는 원동력이 될 것입니다.                         505자863                    "
"33","제게 있어 가장 중요한 가치는 바로 정직입니다. 외동딸로 태어나 부모님의 기대를 온몸으로 받고 자랐지만, 부모님은 제가 받아쓰기를 100점 맞는 아이보다 정직한 사람이 되길 바라셨고 항상 떳떳한 사람이 되라고 강조하셨습니다.  oo 인턴 근무 시절, 기존 월급의 두 배에 달하는 급여가 제게 지급된 적이 있었습니다. 저보다 한 달 먼저 일을 시작한 인턴 동료의 근무일수와 동일하게 계산하는 착오가 있었던 것입니다. 불어난 잔고는 달콤해 보였지만, 떳떳함을 버리고 택할 만큼 가치 있어 보이지는 않았습니다.  인사팀에 급여 지급 오류를 말씀드리고 난 뒤 남은 월급으로 사 먹은 간식이 초과 지급된 월급보다 훨씬 달콤하다는 걸 알게 된 후, 지금까지도 저는 사소한 거짓말 하나조차 하지 않는, 정직이라는 중요한 가치를 지킬 줄 아는 사람이 되려 노력하고 있습니다.                         431자732                    "
"34","[미래 개발자의 프로젝트 성공기]디자인 프로젝트의 주제로 irLED를 사용한 MIMO 통신에 대해서 설계하였습니다. 단일 irLED를 사용하였을 경우보다, 3X3의 공간적인 배치를 구성하고 특정 패턴을 사용하여 통신을 구성할 경우, 좀 더 많은 정보량을 송수신 할 수 있다는 것에 중점을 두었습니다. 학부생으로 적외선 통신에 대해 깊이 있게 배울 수 있는 기회는 없었지만, 적외선 통신의 높은 보안성과 전파의 간섭이 없다는 강점은 주제 선택에 있어서 충분히 매력적으로 느껴졌습니다. 설계를 진행 할 때, 가장 중요한 점은 현실성과 분석력이라 생각합니다. 개발자는 고객의 만족을 위해 단가, 면적 등을 고려하여 현실적으로 가능한 제품을 개발하여야 합니다. Or cad 및 P-spice를 통한 시뮬레이션 결과와 LED의 Rising Time등의 소자의 데이터 시트를 통해, 실제 프로젝트에 적합한 부품을 적용하였습니다. 프로젝트 도중에 있을 수 있는 제한 요소 및 대처방안에 대해서 미리 준비하고, 공부하였습니다. 그 결과 자연광의 영향 및 좁은 각도 등의 제한요소들을 극복하고, 최소한의 시간으로 프로젝트를 성공할 수 있었습니다.하지만 프로젝트의 성공 과정에 문제가 없었던 것은 아닙니다. 저는 갑작스러운 조원의 부재로, 다른 팀에 속하여 설계를 진행할 수밖에 없었습니다. 다른 생각을 가지는 팀원과의 설계에는 어려움이 많았습니다. 개인적으로 투자되는 시간은 많았지만 구상해놓았던 프로젝트 주제의 의미와 구성을 조원들에게 설명해주었고, 변화된 환경에서의 빠른 적응과 새로운 팀원들 간의 협력으로 이루어낸 성공적인 결과였습니다. 현재 개발자는 사람들과의 복합 요소가 소통되어 성과를 창출합니다. 저는 개발자로 분석 능력과 급변하는 환경 속에서 소통할 줄 아는 인재입니다. LG전자의 개발자로서 저의 역량은 협력이 중요해지는 개발 시스템의 환경변화에 쉽게 적응하여 최고의 성과를 낼 수 있을 것입니다.                         970자1,634                    "
"35","저는 어릴 때부터 전자제품을 좋아했습니다. 또한 초창기부터 스마트폰을 사용하면서 언제나 전지와 함께했습니다. 항상 전지의 용량을 신경 쓰고, 보조 배터리를 만들기 위해 LG 화학의 18650 전지를 구매한 적도 있습니다. 또한 전기차에서도 수천개의 18650 전지를 사용한다는 것을 알고 흥미를 갖게 되었고 앞으로 전지 산업은 발전할 것이라 생각하였습니다.제조업에서 무엇보다 중요한 것은 신뢰입니다. 성능과 디자인은 새로운 제품이 출시될 때마다 변하지만 브랜드에 대한 신뢰는 쉽게 쌓을 수 없습니다. 그래서 품질 관리가 중요하며 특히 폭발의 가능성이 존재하는 리튬 이온 전지는 품질 관리가 실패한다면 현재 큰 이슈가 되고 있는 갤럭시 노트7 처럼 기업의 수익과 이미지에 치명적인 타격을 주게 됩니다. 저는 학교와 동아리에서 쌓은 통계 지식과 프로그래밍 능력을 바탕으로 LG 화학의 전지가 앞으로도 신뢰받는 제품을 만들 수 있도록 기여하고 싶습니다. 1                         478자817                    "
"36","저는 통계학과에 재학하며 통계 프로그래밍 수업을 수강하였습니다. 컴퓨터 자료 처리 수업을 통해 R과 SAS를 배웠고, 데이터 분석 및 설계 수업을 들으며 MSSQL을 배웠습니다. 기타 통계 수업에서도 프로그래밍 언어를 사용하는 수업을 다수 수강했습니다.2014년 하반기에는 반 년간 OO에서 인턴으로 일했습니다. java script 기반의 설문조사 코딩 언어 2가지를 배워서 바로 현업에 활용하였습니다.인턴을 마치고 빅데이터 동아리에 가입하여 10개월간 활동하였습니다. 동아리에서 R을 공부하였고 데이터 처리를 위해 PYTHON도 함께 배워 패키지를 이용한 웹사이트 크롤링과 자연어 처리, 데이터 핸들링을 배웠습니다.2016년 하반기에 OO인턴으로 일하며 SAS를 통해 서버에서 데이터를 추출하여 분석하는 과제를 수행하였습니다. 1                         414자685                    "
"37","담당 지역의 양판점/대리점이 최고의 판매 역량을 갖추게 함으로써 상권 내 최대 효율의 경쟁력을 발휘할 수 있게 만들겠습니다. 목표 달성을 위해 다음과 같은 구체적 계획을 설정했으며, 반드시 목표를 이행하겠습니다. 1년, 관리자의 자격 제품과 시장에 대해 열의를 가지고 공부하여 입사 1년 내에 한 사람 몫 그 이상을 할 수 있는 영업관리자가 되겠습니다.3년, Channel Booster 현장을 통찰력 있는 시각으로 조망하며 매장 환경 및 판매 방식의 문제점을 개선해 나가겠습니다. 이를 통해 담당 지역 내 모든 매장이 최대의 매출/영업이익 상의 성과를 낼 수 있게 하겠습니다.5년, 현장의 마에스트로 고객을 누구보다 잘 알고, 고객에게 사랑 받는 매장을 조성하고 판매원을 양성하는 영업관리자로 자리 잡겠습니다. 10년, Supporting Leader 신 성장동력을 모색하며, 후배들이 더욱 효율적으로 기분 좋게 일할 수 있는 환경을 조성하는 리더로 성장하겠습니다. 503자823                    "
"38"," ‘왜 안될까?’하는 생각은 저를 움직이게 했습니다. 외부 소음에 따른 자동볼륨조절 시스템을 졸업작품으로 제작하였고 이 과정에서 음성신호처리 부분에 문제점이 발생하였습니다. 문제의 해결을 위해 유사한 특허를 분석하였고 기술을 보유하고 있는 마이티웍스사에 현재 처한 문제점에 관하여 메일을 보내 이에 대한 전문가의 피드백을 받았습니다. 완벽한 답을 받지는 못했지만 지속적인 해석과 노력으로 문제를 정확하게 분석하여 성공적으로 졸업작품을 완성시켰습니다. 문제 해결과정에서 팀원들과 밤을 지새워가며 답을 찾을 수 있는 행동의 실천을 경험하였고 팀원 전원이 A+의 성적을 받은 의미 있는 기회가 되었습니다.군 전역 후 돌아간 동아리는 신입생의 부재, 열악한 기자재 현황, 회원의 의욕 상실과 같은 큰 문제에 부딪혀있었고 이러한 상황에서 책임감을 갖고 회장직에 도전했습니다. 교육, 총무, 홍보 등으로 역할을 나누고 일을 배분하여 회원들에게 책임감을 부여하였고 교내 및 외부기관을 통한 지원금획득 후 동아리 내 하드웨어 및 컴퓨터언어교육, 프로젝트를 통한 하드웨어 교육을 실행하였습니다. 이를 통해 전자공학부 동아리 성적 O등 전기전자컴퓨터 공학부 동아리 O위의 성적을 달성할 수 있었습니다. 이러한 경험은 저에게 리더십을 통한 협력과 발전의 방법, 조직에 대한 헌신과 책임감을 배우게 하였습니다.앞으로 제가 원하는 삶은 지속적인 도전과 그에 대한 관심 그리고 공부입니다. 더 나은 환경과 결과를 위해 꾸준히 부딪혀 갈 것 이고 그 과정을 LG디스플레이 공정/장비직무에서 이루고 싶습니다. 문제에 직면 했을때 해결하기 위한 접근방법, 조직원과의 소통과 조직에 대한 헌신 및 책임감은 해당직무에서 많은 도움을 줄 것 이라 생각입니다. 완벽한 생산과 품질개선을 위한 새로운 시스템개발에 제가 같이 있고 싶습니다. 제 세부전공인 제어로봇공학의 전공적 지식과 걸어온 길은 이곳에서 꽃을 피울 수 있을 것 입니다.                         1,003자1,725                    "
"39","[단점의 극복은 또 다른 성장이었습니다]제 성격의 장점은 철저함입니다. 저는 수행비서로서 정확한 시간별 이동 동선을 계획하고 일정에 따라 혹시 모를 일에 대한 대비책을 준비하는 것이 저의 업무였습니다. 업무를 통해 몸에 밴 철저함은 위기를 헤쳐나가는데 도움이 되었습니다. XXX이 XXX와 화상회의가 잡힌 날이었습니다. 그런데 XXX에서 복귀 중 예상치 못한 사고로 인한 교통정체로 회의 시간을 맞출 수 없었습니다. XXX와의 회의였기 때문에 정시에 참석하는 것은 필수적이었습니다. 다행히 대비책으로 차량에 실은 노트북과 와이브로 수신기로 화상회의를 시간에 맞게 진행할 수 있었습니다.하지만 계획에 대한 철저함은 저의 계획에 대한 지나친 믿음으로 인해 고집으로 변질되어 단점이 되기도 했습니다. 학업계획이나 팀 프로젝트 계획에 있어서 다른 사람의 조언보다는 저에 대한 믿음이 너무 강했습니다. 이러한 단점을 극복하기 위해 영어토론 동아리에 가입했습니다. 토론 동아리에서 저와 반대되는 의견을 듣는 것은 물론, 그 의견이 옳다고 주장하기도 해야 했습니다. 또한, 주요 토론대회에서 자격시험을 통해 심사위원 자격을 얻어 활동하면서 저와 반대되는 의견에 대해 경청하고, 더 설득적이라면 높은 평가를 해야 하는 경험을 했습니다. 이러한 경험을 통해 고집이 아닌 남의 의견을 충분히 고려하는 유연한 사고를 가지게 되었습니다.[철저히 관리하겠습니다]재경은 돈을 다룰 뿐만 아니라 유관기관과의 업무도 많습니다. 그렇기 때문에 세밀하고 철저한 업무처리가 필수적입니다.  또한, 영어 토론 동아리 활동을 통해 다른 의견도 충분히 고려하는 유연한 사고를 가지게 되었습니다. 상사는 산업의 특성상 경기변동에 영향을 많이 받습니다. LG상사의 재경인으로서 저의 역량을 기반으로 철저하고 효율적으로 자금과 자산관리를 하여 LG상사에 기여하겠습니다.                         941자1,604                    "
"40","[경영분석 분야의 전문가가 되겠습니다]재무의 중요한 역할 중 하나는 경영진에게 정확한 재무정보를 제공하는 것입니다. LG전자는 신시장 개척·선도를 위해 R&D에 투자를 늘리고 있습니다. 올해 상반기에만 2조 72억 원을 R&D에 투자했으며 매출 대비 R&D 투자 비중도 7.3%로 증가했습니다. 정확한 분석으로 수익성 향상을 위해 통제해야 할 비용 계정 등의 정보를 제공하여 안정적으로 현금이 관리 되도록 하겠습니다. 안정적인 현금흐름을 통해 R&D 투자가 지속적으로 진행되도록 하겠습니다. 투자에 따른 R&D 역량이 미래 경쟁력을 확보로 이어져 많은 영업이익을 창출케 하는 선순환 구조에 기여하겠습니다.이를 위해 단기적으로는 재무제표 항목과 각 사업부문 간의 연계성과 자금 흐름을 공부하며 회사의 전반적인 이해를 하는 데 노력하겠습니다. 장기적으로는 CFA, 재경관리사와 같은 자격증을 공부하여 직무 전문성을 향상시켜 이론과 실무 능력을 겸비한 전문가가 되겠습니다.                         497자838                    "
"41","군 제대 후 목표를 갖기 위해 경영학 각 분야와 관련된 서적을 읽었습니다. 그중XXX라는 책을 통해 꿈을 갖게 되었습니다. 재무회계를 처음에는 단순히 장부라고만 생각했습니다. 그러나 이 책을 읽고 난 후, 재무제표가 기업의 경영상태를 판단하고 개선할 수 있는 도구이자 기업의 언어라는 것을 깨달았습니다. 재무제표상의 숫자를 통해 기업과 주주 그리고 정부기관과 같은 이해관계자가 커뮤니케이션을 한다는 것이 흥미로웠고 매력적으로 다가왔습니다.회계와 관련된 진로를 고민했고 회계사에 도전했습니다. 1차만 통과하고 최종 합격은 하지 못했지만 재무, 회계학, 세법 그리고 상법과 관련하여 심화된 지식을 습득했습니다. [꼼꼼함]1년여 동안 XXX에서 영문과 국문 서신 번역 검수 업무를 맡았습니다. 매주 10여 통의 국문과 영문으로 번역된 서신이 배정되었고, 잘못된 번역이나 오타가 없는지 꼼꼼히 확인했습니다. 1년여간 약 500여 통의 서신을 검수하였고 자연스럽게 꼼꼼함이 몸에 배었습니다.[분석력]XXX 인턴 당시 새롭게 도입되는 ERP에 대한 분석 지원 업무를 맡았습니다. ERP에 대한 지식이 없던 저는 제조사 및 전산부서에서 자료를 받아 공부했습니다. 기존 사용 ERP 매뉴얼과 도입되는 ERP 매뉴얼을 분석하여 차이점을 자료로 가공해서 팀원들에게 제공했습니다.[선순환의 한 축이 되겠습니다]매출의 60%가 건축자재 부문에서 발생되는 LG하우시스는 지속 가능한 성장을 위해 사업 포트폴리오 확대를 위해 노력하고 있습니다. 이를 위해 차량 부품 경량화 부문에 있어 R&D 투자를 늘리고 있으며 M&A를 추진하고 있습니다. 직무역량을 통해 정확한 분석으로 수익성 향상을 위해 통제해야 할 비용 계정 등의 정보를 제공하겠습니다. 효율적 자금 관리를 지원하여 투자가 지속적으로 이루어지도록 하겠습니다. 투자에 따른 R&D 역량과 성공적인 M&A가 미래 경쟁력을 확보로 이어져 많은 영업이익을 창출케 하는 선순환 구조에 기여하겠습니다.                         1,001자1,678                    "
"42","[고객의 갈증을 해소해주는 H2O]Hero : 3년 안에 전국 실적 1위를 달성하여 LG생명과학의 '영웅'이 되겠습니다. 이를 달성하기 위해 30명의 원장님들과 라포를 형성하는 것을 목표로 삼겠습니다. 또한, 학술 저널 및 임상 자료를 지속적으로 업데이트하여 고객의 학술적 니즈를 충족시키겠습니다.History : LG생명과학의 해외 진출 '역사'를 창조하겠습니다. 학창시절 필리핀과 미국에서 생활하며 쌓은 글로벌 역량과 국내 영업에서 갈고닦은 노하우를 바탕으로 글로벌 핵심 인력으로 성장하겠습니다. LG생명과학의 라이센스 아웃 업무에 앞장서 LG생명과학의 글로벌화에 기여하겠습니다.Opportunity : 환자에게 새 삶의 '기회'를 제공하겠습니다. 제약 영업은 곧 누군가의 건강을 책임지는 업무입니다. 약이 환자에게 전달되는 과정의 일부를 담당하기 때문입니다. 환자에게 새 삶의 '기회'를 전달한다는 자부심으로 LG생명과학이 '글로벌 1등 LG'로 거듭나는 길에 동행하겠습니다.                         505자832                    "
"43","[다 함께 황하 발원지에 오르다]2013년 팀원 9명과 4,200km 황하를 따라 해발 4,300m 황하 발원지를 목표로 대장정을 했습니다. 한국에서 철저히 세운 계획 덕분에 대장정은 순조롭게 진행됐습니다. 하지만 대장정 막판에 고산지대에서 팀원 3명이 고산병에 걸렸습니다. 두통과 구토 때문에 대장정은 잠시 중단됐으며 예기치 못한 상황에 팀원들은 혼란에 빠졌습니다. 저는 팀장으로서 어떤 상황에도 다 같이 목표를 이뤄내고자 했습니다. 먼저 다 함께해낼 수 있음을 강조하여 결속력을 높였습니다. 이후 대화로 분위기를 긍정적으로 만들며 동시에 응급처치와 마사지로 신체회복을 도왔습니다. 어느 정도 회복된 후에는 짐을 나눠 들고 페이스를 낮춰 트래킹을 이어갔습니다. 이로써 일정 지연을 최소화하여 3,800m에 있는 마을, 마둬에 도착할 수 있었습니다. 꼭 해낸다는 도전정신이 있었기에 전부 가능했습니다. 이후 고산병에서 완쾌하여 황하 발원지에 도착했고 대장정을 성공적으로 마칠 수 있었습니다.                         510자859                    "
"44","[다 함께 황하 발원지에 오르다]2013년 팀원 9명과 4,200km 황하를 따라 해발 4,300m 황하 발원지를 목표로 대장정을 했습니다. 한국에서 철저히 세운 계획 덕분에 대장정은 순조롭게 진행됐습니다. 하지만 대장정 막판에 고산지대에서 팀원 3명이 고산병에 걸렸습니다. 두통과 구토 때문에 대장정은 잠시 중단됐으며 예기치 못한 상황에 팀원들은 혼란에 빠졌습니다. 저는 팀장으로서 어떤 상황에도 다 같이 목표를 이뤄내고자 했습니다. 먼저 다 함께해낼 수 있음을 강조하여 결속력을 높였습니다. 이후 대화로 분위기를 긍정적으로 만들며 동시에 응급처치와 마사지로 신체회복을 도왔습니다. 어느 정도 회복된 후에는 짐을 나눠 들고 페이스를 낮춰 트래킹을 이어갔습니다. 이로써 일정 지연을 최소화하여 3,800m에 있는 마을, 마둬에 도착할 수 있었습니다. 꼭 해낸다는 도전정신이 있었기에 전부 가능했습니다. 이후 고산병에서 완쾌하여 황하 발원지에 도착했고 대장정을 성공적으로 마칠 수 있었습니다.                         514자863                    "
"45","[함께 일하고 싶은 사람]생산기술원 연구원은 유관부서와 협업할 상황이 많을 것입니다. 이에 ‘우수한 실력’과 ‘훌륭한 인품’으로 최대의 효과를 내는, 함께 일하고 싶은 사람이 되겠습니다.먼저 실력을 갖추겠습니다. 전자재료, 재료화학 강의를 통해 반도체, 디스플레이 주요 재료와 공정에 대해 배우고, 반도체 연구실 CO-OP을 통해 소자 제작과 설비 운용을 하며 R&D 실무 경험을 쌓았습니다. 하지만 생산시스템과 공정 장비에 대한 이해는 아직 부족하다고 생각합니다. 이에 입사 후 2년 동안 생산기술지식과 업무를 익히는 데 중점을 두겠습니다. 또한, 글로벌 시장을 주시하고 그에 맞는 외국어를 배우겠습니다.더불어 훌륭한 인품으로 팀원과 고객이 함께 일하고 싶은 사람이 되겠습니다. 항상 배우려는 자세로 타의 모범이 되고 단체생활에서 배운 소통, 협력하는 능력으로 프로젝트를 효율적으로 이끌겠습니다. 이러한 실력과 인품으로 LG전자 고유의 혁신적인 생산시스템 확보를 이뤄내겠습니다.                         504자859                    "
"46","먼저, B2B영업은 기술적인 서비스를 제공하기 때문에 먼저 제품에 대한 이해를 선행할 것입니다. 문과이기에 이해하지 못한 부분들을 엔지니어들과 지속적인 접촉을 통해 보완하겠습니다. 그 누구보다 제품에 대해 이해하고 기술적인 뒷받침까지 설명할 수 있는 영업사원이 되겠습니다.둘째, 전공을 통해 얻은 경험을 바탕으로 고객의 니즈를 파악하고 적절한 서비스 제공에 있어서 두각을 나타내겠습니다. 교육을 전공했기에 많은 학생, 부모님들과 상담하는 일이 잦았습니다. 그들이 나에게 원하는 것이 무엇인지에 맞추어 대화를 진행해 나갔습니다. 이러한 경험은 B2B영업에 있어 고객의 니즈를 진단하는 데 도움을 줄 것입니다.마지막으로, 그간의 노하우를 기반으로 해외시장에 진출하겠습니다. 외고 졸업, 영어교육 전공, 카투사에서의 군생활은 글로벌 역량을 키워주었습니다. 그간의 지식과 기술을 제가 가진 역량과 결합하여 LG전자의 제품을 세계에 널리 알리는 데 힘써 조직의 더 큰 성장을 견인하겠습니다.                         501자863                    "
"47","[LG전자의 생산성을 책임지는 마에스트로]저는 모든 생산 프로세스와 발생할 수 있는 다양한 리스크를 분석하고 통제하여 최적의 생산계획을 수립하고 LG전자의 생산을 지휘하는 마에스트로가 되겠습니다.손자병법의 유명한 구절인 “지피지기 백전불태”에 따르면 적을 알고 나를 알면 백번 싸워도 위태롭지 않다고 하였습니다. 생산성 향상이란 목표 아래, 생산 프로세스 내 낭비를 제거하고 최적의 생산계획을 수립하기 위해 세심한 관찰력과 철저한 분석으로 LG전자의 생산 프로세스를 파악하겠습니다.또한 유연한 사고를 지닌 마에스트로가 되겠습니다. 생산 프로세스 내에선 산업 내외적인 다양한 리스크가 항상 도사리고 있습니다. 예측 불가능한 리스크가 발생했을 때 긍정적 사고와 창의적인 문제 해결을 통해 유연하게 상황을 대처할 수 있는 힘을 기르겠습니다.  나의 손짓 하나에 모든 생산 프로세스가 진행 된다는 책임감과 사명으로 LG전자의 생산성 향상에 앞장서겠습니다.                         490자842                    "
"48","[열정과 팀워크로 이룬 마지막 도전]4학년 졸업 작품 설계시간이었습니다. 4인이 한 조가 되어 MCU를 이용한 작품을 만들어야 했습니다. 흔히 말하는 족보처럼 학점받기 쉬운 소재들이 많았지만 저희는 4년간의 배움이 헛되지 않으려 드론 만들기에 도전했습니다. 부품 하나하나 직접 연결하고 코딩도 저희 손으로 직접 작성하는 것이 목표였습니다.전원, 모터, ESC, 프레임 등 모든 부품을 해외에서 직접 구매하였고, 보드는 아두이노 우노를 사용하였습니다. 저희들만의 네이버 밴드를 만들어 매일 정보를 찾고 공유할 정도로 열심히 했습니다. 정보수집이 끝나고 9축 센서를 부착해 X-축과 Y-축 PID제어를 하려했지만 생각처럼 쉽지는 않았습니다. PID 각각의 값에 따라 드론은 다르게 동작했고 정확한 값을 찾기란 매우 어려웠습니다. 이를 위해 PID관련 서적을 셀 수 없이 많이 빌려 읽었고 드론 관련 인터넷 글들을 읽고 또 읽었습니다. 정확한 값을 찾기 위해 며칠 밤낮을 자취방에서 함께 먹고자며 실험했습니다. 어느 프로젝트보다 힘들었지만 대학생활 마지막 도전이기에 모두가 열정을 다했고 서로 격려했습니다. 그 결과 드론을 띄우는 것에 성공하였고 저희의 열정에 대한 교수님의 칭찬과 좋은 학점을 받을 수 있었습니다.해당 프로젝트를 통하여 협력의 중요성과 재미를 깨달았습니다. 혼자였다면 오래 걸렸을 일들을 같이 정보를 수집하고 의논하며 빠른 시간 안에 가능하게 만들었습니다. 또한, 팀원들과의 성취감과 감동은 혼자였을 때보다 훨씬 컸습니다. 그 후로 제가 원하는 삶은 도전하는 삶, 함께하는 삶이 되었습니다. LG디스플레이의 일원으로 팀원들과 협력하며 공정이 개선될 수 있는 사항이 있다면 도전하는 공정 전문가가 되겠습니다.                         874자1,479                    "
"49","내가 생각하는 10년 후의 집이란 공간앞으로 친환경을 넘어 자연의 느낌을 느낄 수 있는 방향으로 건장재 트렌드가 흘러 갈 것이라고 생각합니다. 점점 아토피와 같은 질병을 갖고 태어나는 아이들이 많아지고 있습니다. 이런 아이들뿐만 아니라 모든 사람이 많은 시간 직, 간접적으로 접촉하는 건장재의 건강과 관련된 기능성이 중요해 질 것입니다. 또한 많은 스트레스를 받는 현대인에게 있어 중요한 휴식공간으로서의 집에 대해 관심도 계속해서 증가할 것이라고 생각합니다. 건강과 힐링, 두 가지 방향은 모두 자연을 느낄 수 있는 건장재라는 목적지로 도달할 것이라고 생각합니다.10년 후 이렇게 고급화 된 건장재의 생산성 향상 및 품질안정화 업무를 하고 싶습니다. 생산기술업무를 통해 연구개발된 건장재 들의 양산이 원활하게 그리고 품질 규격에 맞게 일정한 품질로 생산될 수 있도록 관리하겠습니다. 이를 통해 변화하는 고객의 니즈에 맞춰 제품을 문제없이 생산하여 공급하는데 기여하겠습니다.                         504자863                    "
"50","[ Internet of EVERYTHING. 만물 인터넷 시대를 맞이하여 ]만물 인터넷 시대가 다가오고 있습니다. 전자 제품의 서비스 영역이 생활 전반으로의 확장될 것이라는 기대와 함께, ""생활""과 ""기술""의 융합은 피할 수 없게 되었습니다. 이러한 만물 인터넷 시대를 맞이하여, 저의 전공인 인문학을 잘 살려 삶의 트렌드를 읽어내는 사람이 되고 싶습니다. 그리고 이를 영업에도 잘 적용하는 사람이 되고 싶습니다. 10년 후에는 이러한 전 세계인의 생활 속에서 제가 판매한 생활 가전이 사용되는 것을 꼭 보고 싶습니다.저의 전공은 서어서문학입니다. 또한 연계전공 또한 EML(Emerging Market and Latin America)입니다. 전공을 살려 주재원으로 나가는 것은 저의 오랜 꿈입니다. 먼 훗날에는 중남미 국가에 가서, LG전자의 해외시장진출을 성공적으로 이끌고 싶습니다.                         460자728                    "
"51","저는 10년 후 LG전자가 자동차 부품업계에서 당당히 1위 기업으로 자리매김하는데 주축이 되고 싶습니다.2020년부터 양산의 본격화가 예상되는 자율주행 차량은 2025년 시장 규모가 45조 원에 달한다고 전망되고 있습니다. 큰 시장이 기대되는 만큼 해외완성차 및 부품업체들은 자율주행기술개발을 꾸준히 하고 있으며 LG전자 또한 지난해 VC사업부에서 1조 원의 매출을 달성하며 높은 성장세로 규모를 키워가고 있습니다.점점 자동차가 전자화됨에 따라 운전자지원시스템(ADAS) 부품의 기술력은 더욱 회사가 성장하는데 필수적인 요소라고 생각합니다. 이러한 ADAS의 개발에서 비전인식분야는 저가의 센서로 고가센서를 대체할 수 있는 가장 중요한 기술입니다. 이러한 비전인식분야에서 국내 기업 중 가장 높은 기술력을 가지고 있는 LG전자는 앞으로 자율주행기술을 성공적으로 개발할 수 있는 기업입니다. 이러한 LG전자에서 근무하여 자율주행분야에서 으뜸가는 기업으로 성장하는데 이바지하고 싶습니다.                         506자858                    "
"52","저는 어렸을 때 조용한 성격이었습니다. 책 읽는 것을 좋아하고 체육 시간에는 친구들과 어울려 농구도 하며 평범하게 학교에 다니는 학생이었습니다. 그러다가 초등학교 4학년 때 저를 싫어하는 친구를 만나게 되었습니다. 이유는 왜인지는 모르겠지만, 저를 좋아하지 않았고 형이 같은 학교의 6학년이어서 아이들을 괴롭히며 다니던 친구였습니다. 조용한 성격이었던 저는 그냥 잘 지내다 보면 괜찮아질 것으로 생각했습니다. 그러다가 결국 그 친구에게 심하게 맞게 되었습니다. 큰 충격을 받고 그 이후 저는 가만히 있으면 안 되겠다고 생각하였고 그 친구가 괴롭힐 때 반항을 하였습니다. 반항하면서 저를 괴롭히는 친구는 줄어들었지만 언제나 나쁜 친구들은 있었고 그러다 보니 자주 싸우고 성격이 나빠지게 되었습니다. 5학년이 되어서는 저를 괴롭히는 친구는 없었지만 4학년 때 그 친구와 같이 저를 괴롭혔던 다른 한 친구는 계속해서 저와 마찰이 있었고 제 인생에서 가장 많이 싸운 1년을 보냈습니다. 그렇게 힘든 2년을 보내고 나니 성격이 거칠어졌었고 신경질적인 사람이 되었습니다. 그러다가 6학년이 되면서 담임 선생님을 만나게 되었습니다. 그 선생님은 제가 어디가 그렇게 좋으신지 책을 읽을 때나 발표를 할 때 제 번호를 부르기 위해 날짜를 더하고 빼며 어떻게든 제가 발표하게 하였고 언제나 관심을 가지고 저를 대해주셨고 일기를 써서 제출하면 그 날 있었던 일에 대해 코멘트를 달아주시고 제가 더 좋은 방향으로 갈 수 있게 지도해주셨습니다. 그러다 보니 점점 선생님과 아이들에게 좋은 모습을 보여주고 싶었고 저의 거칠었던 성격은 점점 순해지고 다른 아이들과 마찰이 없는 학생이 되었습니다. 중학교를 먼 곳으로 가게 되면서 선생님을 다시 뵙진 못했습니다. 한번의 아픔이 있었지만 이는 다른 사람의 아픔을 이해하는 계기가 되었고 그 이후 더 많은 친구들과 잘 지낼 수 있었습니다. 이러한 저의 장점은 LG화학에서 팀워크를 끌어올리는 데 도움이 될 것입니다. 이러한 팀워크로 LG화학의 발전에 앞장서겠습니다.                         1,022자1,747                    "
"53","[실수를 허용하지 않는 꼼꼼한 영업을 하겠습니다]영업에서는 꼼꼼함이 가장 중요하다고 생각합니다. 여러 거래처와 계약부터 시작해 수많은 사항을 관리해야 하기 때문입니다. 이런 면에서 저는 항상 모든 일에 정확함을 추구하기 때문에 자신이 있습니다. 시험을 치르거나 과제를 제출할 때 잘못된 부분이 없는지 3회 이상 검토를 했습니다. 그 예로 조별과제 사례가 있습니다. 약 한 달 이상의 조별과제를 끝내고 최종 제출만이 남았을 때, 저는 조원들에게 제가 최종 검토를 하겠다고 확인해 보았습니다. 그 결과, 그래프와 표의 수치가 잘못 입력된 것을 발견하 1고 수정, 제출하여 감점을 면할 수 있었습니다.서류의 내용 하나, 글씨 하나가 바뀌어 큰 문제를 일으킬 수도 있습니다. 영업을 하게 되면 약국의 주문관리, 재고관리, 수금관리 일 등 숫자를 정확히 다뤄야 할 일이 많은 만큼 신중하고 확실해야 합니다. 생명과학의 영업사원들이 얼마나 정확하고 철저한지 보여서 이미지 제고에 기여하겠습니다. 1                         516자872                    "
"54","물리 전자(2015)/B 학점 취득전자소자(2014)/A 학점 취득집적회로 공정(2015) /B 학점 취득집적회로 공정 실험(2015) /B 학점 취득졸업 프로젝트 1,2(2015) /각각 B 학점, A 학점 취득D군 블로그를 통한 LCD 공정, OLED 공정, 플랙서블 공정 등 다양한 지식 습득자동차 헤드라이트 공장(2013)/생산 공정 경험                         205자298                    "
"55","LG하우시스의 울산공장에서, 국내의 거의 모든 자동차에 들어가는 내장재를 생산해낸다는 자부심을 가지며 일하겠습니다. 이를 위해 입사 후 1년동안 배우겠다는 마음가짐을 바탕으로 모든 업무에 호기심을 갖고 선배 엔지니어들을 따라다니며 직무를 빠르게 습득하겠습니다. 부서나 팀에서 함께 일하는 동료뿐만 아니라 현장에서 근무하시는 분들과도 신뢰 있는 관계를 형성하며, 현장에서의 원활한 소통에 기여하겠습니다. 그리고 공장에서 항상 펜과 메모지를 들고 다니며 공정과 장치의 문제점, 해결 방안을 빠짐없이 기록한 저만의 ‘공정노트’를 만들겠습니다. 입사 5년 후에는 팀원들과 그 동안의 공정노트를 정리하여 공유하며, 더욱 효율적으로 기존 공정의 문제점들을 파악하고 개선하겠습니다. 또한 정기적으로 특허를 검색하며 신규로 출원되는 특허를 분석하고 그 동향을 파악하여, 10년 후에는 공정의 문제 해결뿐만 아니라 신규 프로젝트를 검토하고 추진하는 엔지니어로 성장할 것입니다.                         489자850                    "
"56","재료과학 (2013) / 산업에 이용되는 각종 재료들의 물성과 첨단 재료들에 대한 이해/ B+공업 화학 실험 (2014) / 반도체의 etching 속도 측정/ B+캠퍼스 특허전략 유니버시아드 (2014)/ 선행기술 조사 및 특허 분석을 토대로 보고서 작성 및 발표 / 장려상 수상LG디스플레이 Technical Talk (2014) / 최신 디스플레이, 차세대 디스플레이 기술 등을 접함 / 참석반도체 공정 공학 (2015) / 반도체의 물성, 작동 원리 및 제조 공정의 이해 / A+디스플레이 공학 (2015) / 반도체의 작동 원리를 바탕으로 OLED, LCD의 구조와 작동 원리의 이해 / A0반도체 공학 (2015) / 반도체의 물성과 작동 원리의 이해 및 응용(MOSFET, Solar Cell, LED, TFT-LCD) / A0캠퍼스 특허전략 유니버시아드 (2015) / 선행기술 조사 및 특허 분석을 토대로 보고서 작성 및 발표 / 장려상 수상 496자728                    "
"57","""로컬의 힘""을 메인 컨셉으로 내세운 브랜드 투마루가 중국에 진출하면 좋을 것 같습니다. 중국 뷰티 크리에이터 ""왕홍""과도 활발한 콜라보를 펼치고 있는 뷰티 편집숍 네이처 컬렉션의 주요 브랜드 중 하나인 투마루는 한국의 보물 같은 로컬 원료와 기술로 가장 ""한국스러운"" 화장품을 선보이고 있는 브랜드인 만큼, 투마루만이 어필할 수 있는 ""Local K-Beauty""의 매력을 필두로 적절한 마케팅 수단과 함께 중국에 진출한다면 더페이스샵과 같은 K-Beauty의 대표적인 브랜드로 거듭날 수 있을 거라 생각합니다.한국에서 MCN을 활용한 마케팅 시장이 점점 더 성장하고 있는 것처럼, 중국에서도 디지털 콘텐츠를 통한 마케팅 방식이 흥행하고 있습니다. 특히 지리적인 요인으로 인해 오프라인 보다 온라인이 더욱 효율적일 수밖에 없는 중국에서, 디지털 콘텐츠 마케팅은 선택이 아닌 필수가 되어가고 있습니다. 이런 흐름에 맞춘 구체적인 마케팅 전략으로, 전통과 문화를 중시하는 중국인의 심리를 겨냥해 투마루 화장품의 원료인 두부, 밀싹 등을 활용한 한식 요리 레시피를 공개, 또는 한식 전문가와 함께하는 요리 방송 등을 진행한다면 원료의 건강한 효능과 검증된 전통 방식 등 한국 로컬의 힘을 자연스럽게 소개할 수 있을 것입니다.또한, 한국 문화에 관심이 있는 중국인들은 자연스레 한국어를 배우고 싶어 한다는 점에서 착안하여 투마루의 로고, 제품 패키지 등에 돋보이는 한글 디자인을 활용해 한글 튜토리얼 콘텐츠를 기획, 중한 MCN 크리에이터와 함께 제작한다면 조금 더 친숙하고 재미있게 중국 소비자에게 다가갈 수 있을 거라 생각합니다. 1                         811자1,371                    "
"58","[주파수 통신과 그 한계의 극복, VLC]저는 VLC기술 상용화의 선두주자에 LG전자와 함께 하고 싶습니다. 최근 2.1 및 2.6GHz의 황금주파수의 할당을 놓고, 방송 및 통신사간의 치열한 대립이 있었습니다. 첨예한 갈등이 일어나는 이유는 무선통신에서 한정된 주파수가 가지는 한계 때문이라고 생각합니다. 저는 주파수의 한계의 극복을 위해, 미래의 기술인 VLC가 상용화되어야 한다고 생각합니다. VLC는 RF무선과 다르게 인증이 필요 없으며, 주파수가 가지는 간섭도 없습니다. 또한 고속 스위칭의 LED의 사용으로, LTE-A보다 60배나 빨라 점점 더 고속화 되어가는 통신 시대에 적합하다고 판단되며, 그 보안성 또한 뛰어납니다. 어쩌면 신기술 상용화에 앞장선다는 것은 리스크가 큰 도전일 수도 있습니다. 하지만 도전을 꺼리는 것은 세계적인 LG전자의 입지를 다지는데 걸림돌이 될 것입니다. 저는 VLC기술의 상용화에 앞장서서 새로운 시대를 여는 LG전자의 선봉장이 되고 싶습니다.                         508자836                    "
"59","저는 새로운 것을 접하고 그것을 통해 제 주변에 도움을 주는 것을 좋아합니다.저는 어릴 때부터 다양한 전자제품을 사용하는 것을 좋아했습니다. 주변에 있는 기계를 만져 보고, 새로운 걸 발견하면 가족에게 알려 주고는 하였습니다. 기능이 있음에도 아무도 몰랐던 것들을 발견하며 보람을 느꼈습니다. 학창시절에는 컴퓨터 관리를 맡아서 하였고, 주변에서 MP3 플레이어같은 작은 전자제품을 사용하다가 모르는 게 있으면 제게 찾아와서 물어보기도 했습니다. 또한 다양한 전자제품을 사고 팔면서 새로운 것들을 접하는 즐거움을 느꼈습니다. 1대학교에 진학해서는 고전음악 감상 동아리에서 활동하였습니다. 현재까지 활동하며 음향 장비 조작을 가르쳐 주는 역할을 했고 동아리방의 환경을 개선하는 데도 항상 관심을 가졌습니다.한편 저는 2년간 공군에서 정훈병으로 복무했습니다. 새로운 것을 배우는 보람과 다른 사람을 도와 주는 즐거움으로 군 생활을 보냈습니다. 영화 상영, 영상 촬영과 편집 등 많은 새로운 일을 배우면서 보람을 느꼈고, 새로운 장비가 들어오면 가장 먼저 배워서 알려주고, 자전거를 도맡아서 수리해 주기도 했습니다.전역 이후에는 제 전공과 관련이 깊은 데이터 처리와 분석에 대해 관심을 가져 빅데이터 동아리에 가입하였습니다. 데이터 처리를 위해 통계패키지인 R과 프로그래밍 언어인 PYTHON을 배웠습니다. 동아리에서 활동하면서 프로그래밍을 배우는 것에 즐거움을 느꼈고, 데이터를 처리하고 분석하는 것에 대한 흥미를 가지게 되었습니다. 한편 동아리원들과 엠티를 갔었는데, 개인적으로 재료를 더 사와서 끓여 준 찌개가 반응이 매우 좋았던 것이 동아리에서 가장 보람 있는 일이었습니다. 올해 여름에 롯데멤버스에서 했던 인턴 프로그램에서는 SAS를 사용하여 데이터 분석 경험을 쌓았습니다. 1작년 10월 부터는 여러 방면에서 도움을 받았던 교내 커뮤니티에 보탬이 되고자 게시판 관리자를 맡아 불량 게시물을 삭제하고 유저와 소통하는 일을 맡고 있습니다.                         979자1,689                    "
"60","LG CNS에 입사하게 된다면 먼저 업무를 위한 프로그래밍 역량을 끌어 올리는 데 최선을 다하겠습니다. 더불어 일하게 되는 분야에 대한 배경지식도 꾸준히 공부해서 프로그래밍 능력과 결합하여 더 나은 결과를 얻을 수 있도록 하겠습니다. 당장 하게 되는 일 뿐 아니라 새로운 것을 받아들이는 데 주저하지 않고 앞서서 배워 다른 사람에게 도움을 줄 수 있는 사원이 되겠습니다. 새로운 것을 좋아하는 제 마음가짐을 통해 어떤 일을 맡더라도 적응할 수 있는 인재가 될 수 있도록 노력하겠습니다. 10년 후에는 제 경험과 능력, 그리고 시너지를 발휘할 수 있는 소통 능력을 바탕으로 프로젝트의 주도적인 위치에 서서 좋은 결과를 이끌어내는 것이 목표이며, 제가 담당하는 분야에서 사람들이 먼저 떠올릴만한 전문가가 되는 것이 장기적인 목표입니다. 1                         409자701                    "
"61","담당 지역의 양판점/대리점이 최고의 판매 역량을 갖추게 함으로써 상권 내 최대 효율의 경쟁력을 발휘할 수 있게 만들겠습니다. 목표 달성을 위해 다음과 같은 구체적 계획을 설정했으며, 반드시 목표를 이행하겠습니다.1년, 관리자의 자격제품과 시장에 대해 열의를 가지고 공부하여 입사 1년 내에 한 사람 몫 그 이상을 할 수 있는 영업관리자가 되겠습니다.3년, Channel Booster현장을 통찰력있는 시각으로 조망하며 매장 환경 및 판매 방식의 문제점을 개선해 나가겠습니다. 이를 통해 담당 지역 내 모든 매장이 최대의 매출/영업이익 상의 성과를 낼 수 있게 하겠습니다.5년, 현장의 마에스트로고객을 누구보다 잘 알고, 고객에게 사랑받는 매장을 조성하고 판매원을 양성하는 영업관리자로 자리 잡겠습니다.10년, Supporting Leader신 성장동력을 모색하며, 후배들이 더욱 효율적으로 기분좋게 일할 수 있는 환경을 조성하는 리더로 성장하겠습니다.                         500자820                    "
"62","1.	프로젝트 - IOT기반 원격 전원 차단 장치안드로이드 어플리케이션을 통해 공정 내 실시간 전력량 체크 및 원격으로 기기의 전원을 차단할 수 있는 작품 설계2.	제어공학 실험 : A0학점취득제어시스템의 해석, 모델링 및 공정제어에 적용되는 고차제어시스템 사례들의 안정도 판별 및 제어를 위한 이론 교육, PID제어기 설계3.	로봇공학 : A0학점취득manipulator 제어를 위한 공간 표현 및 변환, 기구학, 역기구학, 궤적 생성, 자율 주행 제어 교육, 휴머노이드 제작 및 제어 프로젝트 진행4.	기초회로실험 : A0학점취득5.	전자회로1 : A+학점취득6.	회로이론1 : A0학점취득7.	회로이론2 : A+학점취득8.	전자회로실험 : A+학점취득디지털 소자를 이용한 기본 회로의 특성 교육, 전력 증폭기 설계 진행9.	전자종합설계 : A+학점취득자동볼륨조절 블루투스 스피커 제작 프로젝트 진행, 음성신호 처리 및 디지털신호처리 과정 진행, 팀과제를 통한 협동심 배양10.	전력전자공학 : A0학점취득                         537자855                    "
"63","지원 회사 선택 시 제 자신에게 묻는 질문은 두 개입니다. 첫 번째 질문은 ‘끊임없이 도전하고 혁신하는 회사인가?’이고 두 번째 질문은 ‘내가 그 회사에 기여할 수 있는가?’입니다. 이 두 질문에 제가 자신 있게 대답할 수 있는 회사가 LG상사였습니다. [도전의 가치를 알고 있습니다]저의 인생의 중요한 순간에 도전하는 것을 주저하지 않았습니다. 고등학교 선택 시 전통이 있는 외국어 고등학교 대신에 개교한지 1년이 되는 외고를 선택했고, 대학교도 새로 개설된 학과를 선택했습니다. 이러한 도전을 통해 저는 한 단계 더 성장할 수 있었습니다.제가 진학한 고등학교는 기숙사학교였습니다. 아직 미성숙했던 시절 저는 기숙사 생활을 통해 커뮤니케이션 능력과 적극적인 대인관계 능력을 기를 수 있었습니다. 대학교에서는 저의 과만의 수강선택 정책으로 인해 전문성을 가진 Generalist로서의 역량을 키울 수 있었습니다. 도전은 저의 발전과 성장의 원동력입니다.[LG상사는 고인 물이 아닙니다] 고인 물은 썩는다는 속담에서 알 수 있듯 발전 없는 사람은 남보다 뒤떨어지게 됩니다. 저는 도전을 한 경험을 통해 사람처럼 기업도 도전과 혁신을 하지 않는다면 고인 물이 되어 성장하지 못 할 것이고 위기에 빠질 것이라는 것을 알게 되었습니다.                          652자1,098                    "
"64","재무는 숫자와 한순간의 실수로 회사에 손실을 끼칠 수 있는 돈을 다루기 때문에 직무지식과 더불어 분석력과 꼼꼼함이 필요하다고 생각합니다.[재무에 열정을 쏟았습니다]XXX 프로젝트를 수행했습니다. 재무를 담당한 저는 재무팀의 업무를 간접 체험했습니다. 재무적 접근을 통해 회사를 종합적으로 지원하는 역할이 매력적이었습니다. 재무의 중요함을 느꼈고 흥미를 가졌습니다. 전공학점의 약 50%를 재무 관련 과목으로 수강했고 평균 4.0 이상의 학점을 받았습니다 재무와 관련된 진로를 고민했고 회계사에 도전했습니다. 1차만 통과하고 최종 합격은 하지 못했지만 재무, 회계학 그리고 세법과 관련하여 심화된 지식을 습득했습니다. [꼼꼼함]1년여 동안 XXX에서 영문과 국문 서신 번역 검수 업무를 했습니다. 매주 10여 통의 국문과 영문으로 번역된 서신이 배정되었고, 잘못된 번역이나 오타가 없는지 꼼꼼히 확인했습니다. 1년여간 약 500여 통의 서신을 검수하였고 자연스럽게 꼼꼼함이 몸에 배었습니다.[분석력]XXX 인턴 당시 새롭게 도입되는 ERP에 대한 분석 지원 업무를 맡았습니다. ERP에 대한 지식이 없던 저는 전산부서에서 자료를 받아 공부했습니다. 기존 사용 ERP 매뉴얼과 도입되는 ERP 매뉴얼을 분석하여 차이점을 자료로 가공해서 팀원들에게 제공했습니다.[프로그램 활용 능력]복잡한 재무 데이터의 효율적 처리를 위해 필요한 엑셀과 같은 프로그램의 활용능력이 부족합니다. 실무활용도가 높은 컴퓨터 활용능력 1급 시험공부를 하여 프로그램 활용 능력을 기르겠습니다.심화된 직무지식과 역량을 갖췄습니다. 데이터 처리 활용 능력을 보완하여 재무 상황에 대한 정확한 분석을 제공하고 꼼꼼하게 현금흐름을 관리하여 LG전자에 기여하겠습니다.                         895자1,503                    "
"65","10년 후, 회계정보 분석 전문가가 되겠습니다. 결산 처리와 더불어 데이터 가공을 통해 정확한 재무정보를 제공하는 것이 회계팀의 업무라고 생각합니다. 꼼꼼한 데이터 처리로 정확한 정보를 제공하여 LG하우시스에 기여하겠습니다. LG하우시스의 영업이익률은 2분기 6%대를 기록하긴 했지만 연 기준으로는 5% 중반에서 정체되어있습니다. 경영진의 의사 결정에 필요한 정확한 정보를 제공하여 영업이익률 10%대 안착에 이바지하겠습니다. 이를 위해서 단기적으로는 재무제표 항목과 각 사업부문 간의 연계성과 자금 흐름을 공부하며 회사의 전반적인 이해를 하는 데 노력하겠습니다. 장기적으로는 재경관리사와 같은 자격증을 공부하여 직무 전문성을 향상시켜 이론과 실무 능력을 겸비한 전문가가 되겠습니다. 정확한 회계 정보제공으로 회사의 의사결정에 도움이 되어 LG하우시스가 ‘자연을 닮은, 사람을 담은 행복한 생활공간을 만듭니다’라는 비전을 실현하는데 든든한 지원자가 되겠습니다.                         493자848                    "
"66","[LG's Got Talent]듣는 이의 귀를 사로잡는 표현력과 정보 전달력은 저만의 강력한 경쟁력입니다. 대학교 4학년 때, 월드미스유니버시티 대회에 참가한 적이 있습니다. 첫 예비심사에선 짜여진 스트립트를 암기하여 스피치를 펼쳤습니다. 그러나 외운 스피치로는 상황에 맞는 대처를 할 수 없었고, 결국 만족스럽지 못한 결과를 얻었습니다.그 이후로는 스피치의 키워드만 잡아두고 자기 PR을 하는 훈련을 했습니다. 10박 11일의 합숙 기간 동안 밤늦게까지 이어지는 강행군에도, 숙소로 돌아와 새벽까지 거울을 보며 연습을 거듭했습니다. 그 결과, 본대회 무대에서 상황에 맞는 애드리브를 던지는 여유도 보이며 심사위원들에게 좋은 점수를 얻을 수 있었고, 인기상이란 영예를 안게 되었습니다.표현력과 전달력을 무기로 정확하고 핵심적인 약품 정보를 전달하겠습니다. 여기에 재치와 센스를 더해 다시 한 번 꼭 만나보고 싶은 LG생명과학의 신입 영업사원 ooo가 되겠습니다.                         494자829                    "
"67","[프로젝트 경험]Insulator layer 종류(ZrO2/HfO2/None Oxide layer)에 따른 Flexible OTFT(PI Substrate) 제작 실습 및 소자 특성 비교 연구 / 교내 반도체 물성연구실(CO-OP)[학교 수강 교과목]고분자 화학 1 수강(2014) / A+학점 취득 / 고분자에 대한 전반적인 학습고분자 화학 실험2 수강(2014) / A+학점 취득 / 실험실에서 Photo lithography를 직접 실습고분자 산업의 최신동향(2014) / A+학점 취득 / 현재 디스플레이 시장에서 고분자 활용가치 및 미래 시장 전망 학습고분자 재료화학(2014) / A+학점 취득 / 다양한 종류의 디스플레이 원리, 구조, 재료 및 세부공정 학습반응공학(2015) / A+학점 취득 / 공정의 핵심인 반응조작 학습고분자 전자재료(2015) / B 학점 취득 / 반도체 8대 공정과 디스플레이 공정 및 공정 중 사용되는 고분자 재료 학습                         503자726                    "
"68","[프로젝트 경험]Insulator layer 종류(ZrO2/HfO2/None Oxide layer)에 따른 Flexible OTFT(PI Substrate) 제작 실습 및 소자 특성 비교 연구 / 교내 반도체 물성연구실(CO-OP)[학교 수강 교과목]고분자 화학 1 수강(2014) / A+학점 취득 / 고분자에 대한 전반적인 학습고분자 화학 실험2 수강(2014) / A+학점 취득 / 실험실에서 Photo lithography를 직접 실습고분자 산업의 최신동향(2014) / A+학점 취득 / 현재 디스플레이 시장에서 고분자 활용가치 및 미래 시장 전망 학습고분자 재료화학(2014) / A+학점 취득 / 다양한 종류의 디스플레이 원리, 구조, 재료 및 세부공정 학습반응공학(2015) / A+학점 취득 / 공정의 핵심인 반응조작 학습고분자 전자재료(2015) / B 학점 취득 / 반도체 8대 공정과 디스플레이 공정 및 공정 중 사용되는 고분자 재료 학습                         503자726                    "
"69","[공학도로서의 가치 실현]시바타 아키오의 ‘자원전쟁‘을 읽으며 공학도로서의 가치에 대해 깊은 고민을 해본 적이 있습니다. 공학도는 많은 사람이 더욱 편하고 우수한 생활을 누릴 수 있게 만드는 사람이라고 생각합니다. 우수한 제품을 생산하기 위해서는, 최적의 생산시스템을 통해 원가절감과 완벽한 품질을 이뤄내는 것이 최우선 과제입니다. 이에 차별화된 시스템 개발과 적재적소에 맞는 소재의 지원으로 제품의 가치를 최대로 끌어내는 LG전자 생산기술원 연구원은 제가 생각하는 공학도의 모습입니다.소재가 생산기술에 미치는 영향은 점점 커지고 있습니다. 반도체 연구실 CO-OP 기간, 설비 내 이물에 의한 특성저하 때문에 실험을 수차례 반복하며 생산방식과 장비가 생산성에 큰 영향을 주는 것을 확인했습니다. 두 번의 인턴실습으로 전공인 고분자뿐만 아니라, 금속에 대한 역량을 쌓았고, OSP, ENIG 등 PCB 표면처리 기술과 전자재료 실장기술의 고성능, 집적화 및 친환경화 동향을 직접 보고 분석했습니다. 이러한 역량을 바탕으로 LG전자 고유의 생산시스템으로서 생산성 향상과 전자 생산기술의 혁신을 이끄는 생산기술원 연구원이 되겠습니다.[소통과 협력의 리그위원장]생산기술원 연구원은 설계, 공정 등의 유관부서뿐만 아니라, 고객사의 요구를 정확히 이해하고 최대의 효과를 내기 위해 소통과 협력이 필요합니다.중앙축구동아리 르풋의 리그위원장으로 교내 14개 축구동아리가 참가하는 1년제 대회를 직접 운영했습니다. 원활한 운영을 위해 학교, 리그위원회와 충분한 소통을 하면서 경기일정, 구장대여, 물품구매를 분담하고 계획했습니다. 개막 후 참가팀과 경기일정에서 갈등이 생겼지만, 지속적인 대표자 회의로 개선하여 상호 협력적인 관계를 만들었습니다. 또한, 리그 개선을 위해 시행한 설문조사로 홍보가 부족함을 알게 됐고 SNS에 ‘르풋리그‘ 페이지를 개설하여 경기결과, 각종 이벤트를 공유했습니다. 그 결과 대회 스폰서를 얻어 운영비를 절감했고 결국 성공적인 대회로 마칠 수 있었습니다.                         1,022자1,741                    "
"70","B2B영업은 기업들에게 필요한 서비스의 제공 및 환경 구축에 필요한 솔루션을 제안합니다. 따라서 문제상황에 적절한 ‘솔루션 제시’, 고객의 만족을 위한 ‘책임감’이 필요합니다.문제상황에 있어 가장 최적화된 솔루션을 생각하기 위해 노력하는 사람입니다. 한 번은 oo이란 학교 소모임의 후원금 확보를 위해 ‘비영리 임의단체 조직’승인을 받아 동아리 명의의 통장을 개설하여 정기적 후원과 재정의 투명성을 확보하는 데 성공하였습니다.기존의 후원방식은 회장 개인 계좌를 통해 이루어졌습니다. 하지만 정기적 후원이 불가능했으며 회계자료를 작성하기 어려워 투명성을 증명하기 어려웠습니다. 문제에 대해 고민하던 중 다수의 비영리 단체들이 그들 조직명의로 통장을 개설하여 지원받는다는 사실을 착안하였습니다. 이와 같은 방식이라면 문제가 해결될 수 있다 생각해 건의하였습니다. 세무서에 들려 ‘비영리 임의단체 고유번호’를 발급받고 은행에 제시해 동아리 명의의 계좌를 만들 수 있었습니다. 문제상황에 대해 깊이 사고한 결과, 최적의 대안을 제시할 수 있었습니다. LG전자에서도 고객의 상황을 고려하여 최적의 전자 솔루션을 제공하는데 주력하겠습니다.또한, 고객 만족을 위해 책임감을 가지고 최선을 다하는 사람입니다. ooo에서 일을 할 당시 매니아층을 보유한 ‘에반게리온’이라는 영화가 상영 중이었습니다. 관련 포스터를 배부하였는데 특성상 이를 위해 온 고객들이 대다수였습니다. 한번은 재고가 부족하여 클레임을 받게 되었습니다. 방책을 찾지 못하던 중 근처 신도림ooo에 전화를 해 재고를 확인하고 협조를 요청하였습니다. 충분한 재고가 있음을 확인하고 해당 관객들에게 관람 후 포스터 배부를 약속하였습니다. 아르바이트 신분에서 단순히 넘어갈 수 있는 사안이었으나 책임감을 느끼고 해결에 힘쓴 결과, 고객만족을 실현할 수 있었습니다. 서비스를 제공하는 B2B영업의 평가는 고객만족도로 이루어질 것입니다. 고객이 만족할 수 있을 때까지 B2B영업사원으로서 책임감을 가진 자세로 임하겠습니다.                         1,008자1,741                    "
"71","[‘S-리그’ 운영, 값진 경험]누군가 제게 대학생활 동안 가장 열정적으로 임했던 일을 물어본다면 저는 한치의 망설임도 없이 ‘S-리그’ 운영이라 대답할 것입니다. ‘S-리그’는 학교의 지원 없이 저희 동아리에서 10년 넘게 운영해온 교내 축구 리그로서 14개의 팀, 500명 정도의 선수가 등록 된 전통과 규모를 자랑하는 행사입니다. 막중한 책임감과 부담감에 고민도 많았지만, ‘Lefoot’의 역사와 자부심인 ‘S-리그’에 애착이 있는 만큼 리그를 성공적으로 운영하고 싶었기에 ‘2014년 S-리그’ 운영을 맡았습니다.제가 리그를 운영하고 기획하면서 얻은 수많은 배움 중 하나는 소통과 협업입니다. 여러 팀들이 참여하는 만큼 리그를 운영함에 있어 다양한 애로사항이 나타났습니다. 특히 경기 일정을 조율함에 있어 소규모 과 동아리의 경우 수업 등의 이유로 경기 진행이 되지 않는 경우도 있었습니다. 저는 각 동아리의 대표자들과 수시로 연락하며 이를 조율하였고, 소규모 동아리들도 리그에 적극적으로 참여할 수 있는 환경을 만들고자 정기적으로 대표자회의를 열어 소통할 수 있는 여건을 만들었습니다. 또한 규모가 큰 행사인 만큼, 리그 위원회 구성을 통해 리그 운영에 필요한 업무를 세부적으로 분담하여 효율성을 높이고 부담을 덜어냈습니다. 이외에도 지역 프로축구팀과의 협조를 통해 리그 운영에 필요한 축구용품을 지원받는 성과를 거두었습니다.저는 리그 운영을 통해 다양한 사람들과 소통하며 의견을 조율하고 협업하는 자세를 배웠습니다. 또한 1년 동안 100경기가 넘는 빡빡한 리그 일정을 소화하기 위해 날씨, 운동장 대여 여부, 시험기간, 학교행사 등 다양한 변수들을 고려하며 일정을 계획했습니다. 이를 통해 실제 생산 프로세스 내에선 더 많은 제약과 변수가 존재하므로 생산계획을 수립함에 있어 모든 경우의 수를 철저히 대비해야 함을 배웠습니다. 이 소중한 경험과 배움을 자산으로 삼아 LG전자 생산기술원에서 최적의 생산계획으로 LG전자의 생산성 향상에 기여하는 인재가 되겠습니다.                         1,020자1,730                    "
"72","- 과학기술과지식재산(B+) / 특허를 선정하고 분석하여 보고서를 작성하는 수업입니다. 저는 전공수업의 연장선으로 LTPS와 OTFT(유기 박막 트랜지스터)에 대해 조사하였습니다. 그들의 장/단점과 전망을 분석해봄으로써 전공 역량이 한층 발전할 수 있었습니다. 그 후로도 지속적으로 KIPRIS에 접속해 특허정보를 접하고 있습니다.- 전자회로1(B0) / 반도체의 동작원리(Tunneling, P-N접합)에 대해 이해하고 BJT, Diode, MOS-FET 소자에 대해 배웠습니다.- 전자회로2(B+) / BJT, Diode, MOS-FET 소자를 응용하여 P-Spice로 증폭기 회로를 설계하고 Feedback회로, OP-AMP의 동작 특성을 이해하였습니다.- 전자회로실험및설계1(B+) / MOS-FET, OP-AMP, Diode 이용한 회로 구현, 설계사양과 비교 분석하였습니다.                         451자672                    "
