"splt_lotte","Freq"
"고객",227
"업무",218
"경험",216
"롯데",203
"사람",195
"저의",137
"프로젝트",131
"후",123
"관리",118
"활동",105
"영업",102
"과정",99
"제품",94
"회사",92
"팀",89
"입사",85
"능력",83
"개발",81
"생각",81
"직무",80
"지식",77
"기업",76
"서비스",76
"시장",76
"열정",76
"도전",75
"롯데정보통신",75
"바탕",75
"정보",74
"도움",72
"목표",72
"상품",72
"계획",71
"문제",71
"학생",71
"기술",70
"역량",70
"현장",70
"공부",69
"전공",69
"관심",67
"점",66
"직원",66
"처음",66
"시스템",64
"인턴",63
"분석",62
"친구",62
"교육",61
"부분",61
"매장",59
"분야",59
"역할",59
"함",59
"프로그램",58
"노력",57
"데이터",56
"수업",56
"가치",55
"동아리",55
"인재",55
"프로그래밍",54
"시절",53
"책임감",53
"생활",52
"안전",51
"팀원",51
"학교",51
"성공",50
"슈퍼",50
"봉사",49
"소통",49
"앞",49
"당시",48
"데",48
"마음",48
"발전",47
"방법",47
"여행",47
"결",45
"컴퓨터",45
"대학",44
"매출",44
"사업",44
"사원",44
"효율",44
"물류",41
"설계",41
"성격",41
"실무",41
"관계",40
"사회",40
"세계",40
"아르바이트",40
"자세",40
"전략",40
"조직",40
"준비",40
"과목",39
"글로벌",39
"방식",39
"힘",39
"적극적",38
"전문가",38
"최고",38
"기간",37
"말",37
"모습",37
"부모",37
"상황",37
"성장",37
"학년",37
"후에",37
"마케팅",36
"부서",36
"스스로",36
"자신감",36
"전문",36
"기회",35
"미래",35
"소비자",35
"이후",35
"정신",35
"환경",35
"과제",34
"롯데마트",34
"실력",34
"아버지",34
"영어",33
"의견",33
"중요",33
"개인",32
"결과",32
"공학",32
"관련",32
"생산",32
"선배",32
"성과",32
"해외",32
"곳",31
"꿈",31
"담당",31
"정도",31
"조사",31
"대회",30
"실패",30
"아이디어",30
"유통",30
"진행",30
"동료",29
"맥주",29
"스마트",29
"습관",29
"신입",29
"주변",29
"판매",29
"국내",28
"문화",28
"산업",28
"언어",28
"축제",28
"기본",27
"기초",27
"롯데칠성음료",27
"어머니",27
"이해",27
"케미칼",27
"협력",27
"강점",26
"기반",26
"네트워크",26
"롯데건설",26
"선생",26
"센터",26
"그것",25
"끝",25
"내용",25
"안",25
"영향",25
"지역",25
"효과",25
"소프트웨어",24
"신뢰",24
"실습",24
"어려움",24
"업체",24
"운영",24
"학",24
"금융",23
"단점",23
"문제점",23
"서로",23
"서버",23
"실수",23
"앱",23
"위치",23
"주류",23
"한국",23
"행사",23
"공장",22
"긍정",22
"기존",22
"빅",22
"식품",22
"실제",22
"자료",22
"통계",22
"학습",22
"건설",21
"경영",21
"계기",21
"끈기",21
"니즈",21
"달",21
"성취감",21
"실험",21
"장점",21
"지금",21
"커뮤니케이션",21
"특성",21
"학기",21
"가능",20
"가족",20
"경쟁력",20
"고등학교",20
"공정",20
"그룹",20
"기획",20
"대학교",20
"덕분",20
"사고",20
"삶",20
"알고리즘",20
"약속",20
"운동",20
"이유",20
"인사",20
"창의",20
"최선",20
"행동",20
"기계",19
"모바일",19
"모임",19
"보",19
"일정",19
"지속",19
"창업",19
"협력하",19
"개선",18
"경제",18
"교통",18
"구조",18
"군",18
"단계",18
"동기",18
"발주",18
"방학",18
"비전",18
"실적",18
"자격증",18
"전체",18
"차",18
"평가",18
"학부",18
"현재",18
"흥미",18
"결정",17
"교수",17
"교환",17
"눈",17
"롯데닷컴",17
"보안",17
"성적",17
"의식",17
"이론",17
"직",17
"차별",17
"책",17
"품질",17
"핵심",17
"홍보",17
"회장",17
"가격",16
"고급",16
"대표",16
"대하",16
"디자인",16
"매력",16
"변화",16
"상자",16
"속",16
"연구",16
"위",16
"음식",16
"의사소통",16
"일원",16
"즐거움",16
"책임",16
"최종",16
"테마파크",16
"하루",16
"학창",16
"게임",15
"관리자",15
"대상",15
"동시",15
"뒤",15
"리더",15
"반",15
"분위기",15
"손님",15
"수",15
"스터디",15
"시",15
"시너지",15
"시대",15
"작업",15
"주제",15
"지원",15
"최적",15
"팀장",15
"경우",14
"공모전",14
"기능",14
"방안",14
"방향",14
"외국",14
"원",14
"원가",14
"음료",14
"인간",14
"입장",14
"전",14
"졸업",14
"중국",14
"중심",14
"최근",14
"카드",14
"캐피탈",14
"프로세스",14
"해결",14
"협업",14
"거래처",13
"노하우",13
"롯데백화점",13
"법",13
"복수",13
"분",13
"사실",13
"사용자",13
"사항",13
"수행",13
"시험",13
"여름",13
"연구원",13
"연습",13
"요구",13
"우선순위",13
"인",13
"인터넷",13
"장난감",13
"장애인",13
"점포",13
"중학교",13
"질문",13
"개발자",12
"결과물",12
"교내",12
"군대",12
"내",12
"대부분",12
"마인드",12
"미국",12
"믿음",12
"상",12
"선정",12
"수요",12
"약점",12
"어플리케이션",12
"업계",12
"연극",12
"예산",12
"웹",12
"이미지",12
"임무",12
"자동차",12
"자리",12
"절감",12
"주말",12
"주자",12
"토대",12
"통신",12
"학업",12
"회의",12
"가장",11
"구성원",11
"구체",11
"대외",11
"대학생",11
"대학원",11
"대화",11
"도",11
"만족",11
"말씀",11
"배",11
"백화점",11
"불만",11
"선수",11
"설비",11
"성실",11
"세상",11
"수도",11
"수영",11
"외국어",11
"음악",11
"자전거",11
"재고",11
"제게",11
"증대",11
"지도",11
"직장",11
"진학",11
"채널",11
"체력",11
"학생회",11
"확보",11
"가게",10
"간의",10
"건강",10
"경영학",10
"경쟁",10
"고민",10
"과학",10
"구축",10
"기사",10
"길",10
"농구",10
"도시",10
"두려움",10
"롯데그룹",10
"롯데월드",10
"마지막",10
"물질",10
"반면",10
"발표",10
"버스",10
"부문",10
"비행",10
"상권",10
"상대",10
"상대방",10
"선두",10
"아시아",10
"엔지니어",10
"여행사",10
"올해",10
"우수",10
"운송",10
"인식",10
"작년",10
"적극",10
"전국",10
"정해진",10
"제조",10
"집",10
"처리",10
"편의점",10
"포도",10
"하기",10
"학점",10
"행복",10
"호기심",10
"화학",10
"후배",10
"히",10
"가맹점",9
"가지",9
"가치관",9
"거래",9
"건물",9
"고객사",9
"그동안",9
"립",9
"맞춤",9
"명",9
"목적",9
"방송",9
"볼",9
"사이",9
"사진",9
"설문",9
"야간",9
"오프라인",9
"외국인",9
"원인",9
"원칙",9
"위기",9
"유통업",9
"이야기",9
"인력",9
"인원",9
"입",9
"절대",9
"점유율",9
"제작",9
"조언",9
"중국어",9
"참여",9
"체계",9
"체험",9
"초기",9
"초등학교",9
"코드",9
"트렌드",9
"특유",9
"파악",9
"파트",9
"판단",9
"평소",9
"피드백",9
"학회",9
"호주",9
"계열사",8
"관점",8
"구매",8
"근무",8
"기준",8
"나라",8
"날",8
"남자",8
"내의",8
"논문",8
"놀이",8
"동향",8
"등산",8
"로지스틱스",8
"마트",8
"만남",8
"맛",8
"메뉴",8
"모델",8
"몸",8
"밑거름",8
"배드민턴",8
"복학",8
"부가",8
"솔루션",8
"순간",8
"시설",8
"시작",8
"실",8
"실현",8
"예상",8
"융합",8
"의지",8
"이해도",8
"일도",8
"자연",8
"작곡",8
"장기",8
"재미",8
"정책",8
"주도",8
"지향",8
"질",8
"추억",8
"취업",8
"테스트",8
"특징",8
"팀워크",8
"편견",8
"프로모션",8
"학과",8
"한계",8
"향상",8
"현실",8
"환승",8
"간",7
"간접",7
"경로",7
"공대",7
"공연",7
"공원",7
"공유",7
"관광",7
"국가",7
"국제",7
"규모",7
"노선",7
"능동",7
"달성",7
"대인",7
"데이터베이스",7
"돈",7
"모션",7
"문서",7
"미션",7
"배송",7
"보람",7
"복무",7
"브랜드",7
"비용",7
"비즈니스",7
"사랑",7
"사례",7
"사용",7
"사전",7
"상생",7
"션",7
"손",7
"수립",7
"신규",7
"에너지",7
"온라인",7
"우리나라",7
"우수한",7
"웨어러블",7
"유럽",7
"이름",7
"이익",7
"인간관계",7
"인생",7
"임",7
"자격",7
"자부심",7
"자산",7
"장소",7
"전문성",7
"전반",7
"전화",7
"제안",7
"종합",7
"지점",7
"집단",7
"최초",7
"축구",7
"측면",7
"칭찬",7
"카페",7
"캠페인",7
"코딩",7
"클럽",7
"툴",7
"파",7
"플랜트",7
"학교생활",7
"한국인",7
"한편",7
"할인",7
"현황",7
"후회",7
"훈련",7
"강의",6
"건축",6
"경기",6
"경제학",6
"계산기",6
"고",6
"고등학생",6
"고장",6
"공급",6
"공동",6
"관리직",6
"교실",6
"구현",6
"그날",6
"그만큼",6
"극대",6
"극복",6
"내부",6
"노숙자",6
"논리",6
"농활",6
"누군가",6
"다양",6
"답",6
"당일",6
"대비",6
"독일",6
"마무리",6
"매니저",6
"무대",6
"문의",6
"바코드",6
"발로",6
"방",6
"배려",6
"배치",6
"버전",6
"별로",6
"병",6
"보조",6
"부",6
"부탁",6
"비",6
"비교",6
"사내",6
"사이다",6
"사장",6
"서울",6
"선",6
"선물",6
"선후배",6
"세미나",6
"소리",6
"소스",6
"속도",6
"수단",6
"수학",6
"스위치",6
"스트레스",6
"스포츠",6
"승강장",6
"승무원",6
"실질",6
"얼굴",6
"역",6
"연구실",6
"연락",6
"영화",6
"예측",6
"오늘",6
"완성도",6
"요소",6
"위생",6
"은",6
"은행",6
"의미",6
"이전",6
"인터뷰",6
"일기",6
"일주일",6
"자원",6
"작성",6
"작품",6
"장치",6
"전공자",6
"전산",6
"조원",6
"존재",6
"주",6
"직장인",6
"차질",6
"창조",6
"창출",6
"채용",6
"초",6
"촬영",6
"추가",6
"취미",6
"치안",6
"친화력",6
"캔들",6
"퀴즈",6
"클라우드",6
"클라이언트",6
"타겟",6
"패",6
"편의",6
"필수",6
"학원",6
"합리",6
"해",6
"해당",6
"현대",6
"형",6
"홈페이지",6
"확신",6
"활용",6
"흐름",6
"가슴",5
"간부",5
"강사",5
"개의",5
"개척",5
"거점",5
"건의",5
"걸음",5
"견학",5
"계발",5
"계약",5
"계획서",5
"고충",5
"공",5
"공간",5
"공감",5
"공사",5
"과외",5
"과장",5
"교류",5
"규율",5
"근처",5
"깊이",5
"나이",5
"나중",5
"날씨",5
"남",5
"남아",5
"내기",5
"내비",5
"눈높이",5
"대대",5
"대전",5
"대형",5
"댄스",5
"도면",5
"동반",5
"라",5
"러쉬",5
"롯데리아",5
"리더십",5
"리서치",5
"만족감",5
"망",5
"메모",5
"멘토",5
"멘토링",5
"모델링",5
"목소리",5
"문장",5
"뭐",5
"미",5
"방문",5
"변수",5
"본사",5
"부담",5
"부정",5
"사이트",5
"산",5
"서적",5
"선택",5
"선호도",5
"설명",5
"성능",5
"성향",5
"세분",5
"손실",5
"솜사탕",5
"쇼핑",5
"수익",5
"순위",5
"스타트",5
"시민",5
"신경",5
"아이템",5
"아침",5
"안드로이드",5
"양말",5
"여성",5
"여자",5
"역학",5
"영상",5
"오픈",5
"요청",5
"원리",5
"위주",5
"위해선",5
"유해",5
"음",5
"응대",5
"이로",5
"인문학",5
"인프라",5
"일반",5
"일본",5
"일의",5
"자체",5
"재료",5
"재수",5
"적용",5
"조건",5
"조력자",5
"종주",5
"주위",5
"즈",5
"직급",5
"직업",5
"집중",5
"차원",5
"철학",5
"최대",5
"최상",5
"출근",5
"충돌",5
"충족",5
"취득",5
"카테고리",5
"탓",5
"태권도",5
"필요",5
"하계",5
"학내",5
"항",5
"해결책",5
"향후",5
"현지",5
"형성",5
"호텔",5
"화상",5
"회원",5
"가공",4
"가정",4
"감동",4
"감소",4
"검색",4
"경쟁자",4
"경진",4
"경향",4
"고무",4
"공인",4
"관해",4
"교생",4
"교회",4
"구성",4
"국민",4
"궁금증",4
"귀사",4
"규칙",4
"그중",4
"근본",4
"근성",4
"기금",4
"기기",4
"기록",4
"기법",4
"기억",4
"기여",4
"기획력",4
"나무",4
"낚시",4
"남학생",4
"내일",4
"노트",4
"논리력",4
"느낌",4
"다짐",4
"단",4
"단과대",4
"단위",4
"닭",4
"담당자",4
"대기",4
"도로",4
"독자",4
"라인",4
"레",4
"마",4
"마음가짐",4
"매사",4
"메시지",4
"모교",4
"모듈",4
"모형",4
"목",4
"목욕",4
"무",4
"문가",4
"물건",4
"미디어",4
"미술",4
"반대",4
"반응",4
"발급",4
"발판",4
"방송국",4
"번역",4
"범위",4
"별명",4
"보통",4
"보험",4
"본인",4
"부동산",4
"부장",4
"부족",4
"부품",4
"분기",4
"분석력",4
"빌딩",4
"빛",4
"사건",4
"사교",4
"사물",4
"산학",4
"상사",4
"설문지",4
"세부",4
"수동",4
"수리",4
"수석",4
"수원시",4
"수정",4
"수준",4
"수화",4
"술",4
"스크랩",4
"스타킹",4
"시도",4
"신념",4
"신문",4
"실망감",4
"실무자",4
"실전",4
"아래",4
"안전사고",4
"안정",4
"여유",4
"연구회",4
"연합",4
"열린",4
"영업력",4
"예산안",4
"예선",4
"옴니",4
"완구",4
"왕",4
"외부",4
"요즘",4
"원동력",4
"유",4
"유용",4
"유지",4
"유학",4
"육체",4
"윤리",4
"의사",4
"이동",4
"이벤트",4
"이외",4
"인도",4
"인증",4
"인턴십",4
"일상생활",4
"일해",4
"임원",4
"자동",4
"자바",4
"자율",4
"자작",4
"장",4
"장비",4
"재정",4
"적",4
"전공과목",4
"전날",4
"점수",4
"접근",4
"접수",4
"정비",4
"정확",4
"제어",4
"조화",4
"주문",4
"주요",4
"주인",4
"주장",4
"주저",4
"지각",4
"지능",4
"지닌",4
"지원자",4
"집중력",4
"창문",4
"청소",4
"체대",4
"체육학",4
"초반",4
"초점",4
"초콜릿",4
"최신",4
"추천",4
"충격",4
"취직",4
"측정",4
"친분",4
"칠성",4
"캐나다",4
"캠퍼스",4
"캠프",4
"커리어",4
"커뮤니티",4
"키워",4
"타이어",4
"태도",4
"통제력",4
"팀웍",4
"파트너",4
"패턴",4
"페이지",4
"포",4
"포졸",4
"폭",4
"프로그래머",4
"플랫폼",4
"피부",4
"피해",4
"향",4
"혁신",4
"협상",4
"형식",4
"형태",4
"혜택",4
"홈",4
"화",4
"회계사",4
"휴식",4
"희생",4
"가까이",3
"가르침",3
"가야",3
"각국",3
"감각",3
"감성",3
"감정",3
"감정가",3
"값",3
"강도",3
"강인한",3
"강화",3
"개개인",3
"객관적",3
"건설업",3
"겨",3
"겨울",3
"경력",3
"경쟁사",3
"고가",3
"고집",3
"곡",3
"곳곳",3
"공기",3
"공학도",3
"공헌",3
"과거",3
"관",3
"관객",3
"관계자",3
"관련하",3
"관리인",3
"광고",3
"교양",3
"구간",3
"구성하",3
"구조설",3
"국산",3
"국토",3
"궁극",3
"귀",3
"글",3
"기다림",3
"기쁨",3
"기술직",3
"길거리",3
"깨달음",3
"남지",3
"내수",3
"농산품",3
"다리",3
"다이어리",3
"단체",3
"단축",3
"답변",3
"대답",3
"대리",3
"대리점",3
"덕목",3
"데이",3
"도매상",3
"도중",3
"동경",3
"동남아",3
"동네",3
"동반자",3
"동작",3
"동호회",3
"뒷받침",3
"등대",3
"디지털",3
"딸",3
"또래",3
"뜻",3
"러시아",3
"레스토랑",3
"레이션",3
"레이저",3
"록",3
"롯데제과",3
"롯데칠성",3
"리눅스",3
"링",3
"마찬가지",3
"막걸리",3
"만화",3
"매출액",3
"머리",3
"먹거리",3
"메모리",3
"멤버",3
"며칠",3
"면",3
"무역",3
"무한",3
"문",3
"문구",3
"미적분",3
"바다",3
"바이어",3
"반장",3
"발",3
"발굴",3
"발달",3
"발전소",3
"밤",3
"밤낮",3
"밥",3
"방문객",3
"배가",3
"배열",3
"법규",3
"법인",3
"베테랑",3
"보고",3
"보고서",3
"보리",3
"보상",3
"보행",3
"복지관",3
"복합",3
"본래",3
"봄",3
"봉사단",3
"봉사자",3
"부가가치",3
"부상",3
"부재",3
"분류",3
"분배",3
"불편",3
"비중",3
"비판",3
"비행기",3
"빈티지",3
"사정",3
"상거래",3
"상업",3
"상처",3
"상품권",3
"상호",3
"샌프란시스코",3
"생산지",3
"서류",3
"서비스업",3
"서포터",3
"선구자",3
"선입견",3
"설정",3
"성취",3
"소개서",3
"소셜",3
"소수",3
"소장",3
"소재",3
"소풍",3
"속의",3
"수식",3
"수입",3
"수집",3
"수출",3
"순서",3
"습득",3
"시간대",3
"시기",3
"시련",3
"시야",3
"시즌",3
"신분",3
"신용",3
"신장",3
"실험실",3
"심",3
"심도",3
"쌓기",3
"아이스크림",3
"안내",3
"알루미늄",3
"애플리케이션",3
"야식",3
"양복",3
"어학",3
"엄마",3
"여행업",3
"역사",3
"연관",3
"연구소",3
"연기",3
"연속",3
"열역학",3
"예제",3
"오전",3
"오타",3
"오후",3
"온배수",3
"옷",3
"와중",3
"완성",3
"외향",3
"용돈",3
"우위",3
"운동장",3
"원격",3
"원래",3
"원전",3
"위원회",3
"유기",3
"유연한",3
"유치",3
"음식점",3
"음주",3
"의도",3
"의욕",3
"이해관계자",3
"이화학",3
"인기",3
"인도네시아",3
"인상",3
"인터페이스",3
"일상",3
"입학",3
"자랑",3
"자로",3
"자아",3
"자질",3
"자취",3
"작가",3
"작정",3
"잡지",3
"장갑",3
"장사",3
"장정",3
"재고량",3
"재무",3
"재학",3
"적응",3
"적인",3
"적정",3
"전기",3
"전년",3
"전달",3
"접목",3
"정문",3
"정확도",3
"제과",3
"제로",3
"제조업",3
"조가",3
"좌우명",3
"좌절",3
"주간",3
"주시",3
"주점",3
"중국인",3
"중요시",3
"중점",3
"중학생",3
"증가",3
"지방",3
"지인",3
"직관",3
"직책",3
"직후",3
"진로",3
"채팅",3
"천체",3
"체육",3
"체제",3
"초등학생",3
"총무",3
"추출물",3
"축구팀",3
"충성",3
"취급",3
"취향",3
"층",3
"친화",3
"침체",3
"캔",3
"코스",3
"키",3
"키워드",3
"킹",3
"타사",3
"텔러",3
"토",3
"토론",3
"통찰력",3
"통합",3
"투자",3
"트리",3
"특수",3
"판촉",3
"패널",3
"펀드",3
"편익",3
"포부",3
"포인트",3
"포트",3
"표정",3
"프리미엄",3
"하시",3
"학급",3
"학문",3
"학우",3
"학회장",3
"한국생산성본부",3
"한미",3
"합작",3
"항공기",3
"해소",3
"현지인",3
"협동",3
"협회",3
"형편",3
"호응",3
"확인",3
"확장",3
"활력",3
"활성",3
"회화",3
"효",3
"후기",3
"후임",3
"휴학",3
"LG",2
"가거",2
"가구",2
"가량",2
"가스",2
"가슴속",2
"가전제품",2
"가평",2
"각광",2
"간격",2
"간식",2
"갈증",2
"감독",2
"감사",2
"강",2
"강남",2
"강압",2
"강좌",2
"개념",2
"개설",2
"개최",2
"거부감",2
"거시",2
"거울",2
"걱정",2
"건축물",2
"걷기",2
"검수",2
"격",2
"격차",2
"결론",2
"결승전",2
"결실",2
"겸손",2
"경기도",2
"경제난",2
"경청",2
"곁",2
"계량",2
"계서",2
"계열",2
"계획안",2
"고리",2
"고정관념",2
"공개",2
"공고",2
"공모",2
"공문",2
"공통",2
"공포증",2
"과자",2
"관광지",2
"관능",2
"관람객",2
"관리사",2
"관심사",2
"관중",2
"관찰",2
"교",2
"교과",2
"교과목",2
"교과서",2
"교육학",2
"교차로",2
"교통량",2
"구매력",2
"구색",2
"구석",2
"구청",2
"권유",2
"귀감",2
"귀국",2
"규약",2
"규제",2
"근거",2
"근로자",2
"금",2
"금전",2
"기",2
"기관",2
"기대",2
"기량",2
"기말",2
"기본기",2
"기부",2
"기분",2
"기숙사",2
"기술원",2
"기차",2
"기획부",2
"김태섭",2
"껌",2
"꼬치",2
"꽃",2
"꾸지람",2
"꿀",2
"끝내기",2
"나머지",2
"나모",2
"낙동강",2
"난방",2
"난항",2
"날짜",2
"남성",2
"남이",2
"냄새",2
"너머",2
"노래",2
"녹색",2
"논의",2
"농담",2
"농산물",2
"농촌",2
"높이",2
"눈물",2
"뉴욕",2
"느",2
"능률",2
"다",2
"다솜",2
"단기",2
"단대",2
"단말",2
"단장",2
"단합",2
"달리기",2
"당사",2
"대감",2
"대다수",2
"대륙",2
"대면",2
"대신",2
"대책",2
"대한민국",2
"댁",2
"데모",2
"도구",2
"도보",2
"도안",2
"도우미",2
"도입",2
"도출",2
"독",2
"독립심",2
"독일어",2
"동생",2
"동선",2
"동영상",2
"동창회장",2
"두뇌",2
"뒤풀이",2
"득점",2
"듣기",2
"등록",2
"등록금",2
"디딤돌",2
"디즈니",2
"라우",2
"라즈",2
"락",2
"랜드",2
"러",2
"레드",2
"레이아웃",2
"렌즈",2
"로그인",2
"로드",2
"로열",2
"루",2
"리",2
"리드",2
"리스",2
"리스크",2
"마감",2
"마디",2
"마음속",2
"마이더스",2
"마이크로프로세서",2
"마진",2
"마케팅부",2
"만",2
"만점",2
"만족도",2
"말투",2
"말해",2
"망설임",2
"매뉴얼",2
"매점",2
"매체",2
"매치",2
"머신",2
"메일",2
"명성",2
"명세서",2
"명소",2
"모금",2
"모범",2
"모의",2
"모토",2
"몫",2
"몰입",2
"몸가짐",2
"무기",2
"무도",2
"문법",2
"문전",2
"문항",2
"문화부장",2
"물량",2
"물품",2
"미학",2
"미흡",2
"바닥",2
"박대",2
"박수",2
"밖",2
"반반",2
"반영",2
"발걸음",2
"발권",2
"발목",2
"발음",2
"발전기",2
"발차기",2
"발표회",2
"방범",2
"방영",2
"배낭여행",2
"배움터",2
"배차",2
"버거",2
"번도",2
"번의",2
"베리",2
"베트남",2
"벤치마킹",2
"보기",2
"보따리",2
"보조원",2
"보탬",2
"복귀",2
"복장",2
"복지",2
"본연",2
"본질",2
"볼거리",2
"부대",2
"부스",2
"부여",2
"부지",2
"부회장",2
"분담",2
"분량",2
"분산",2
"분석법",2
"분자",2
"불량",2
"불씨",2
"블루",2
"비상",2
"비수",2
"비타민",2
"비트",2
"빈도수",2
"뿌리",2
"사건사",2
"사고력",2
"사교육",2
"사명감",2
"사비",2
"사안",2
"사업가",2
"사업자",2
"사이클",2
"사인회",2
"살림",2
"삼성",2
"상담",2
"상비군",2
"상세",2
"상시",2
"상태",2
"새내기",2
"새벽",2
"샌드위치",2
"생",2
"생명",2
"생산자",2
"생애",2
"생태계",2
"생활도",2
"생활비",2
"서고",2
"서양",2
"서양인",2
"서점",2
"선대",2
"선호",2
"설계과",2
"설득",2
"설치",2
"섭외",2
"성",2
"성별",2
"성사",2
"성인",2
"성추행",2
"세",2
"세일즈",2
"세트",2
"소개",2
"소명",2
"소비",2
"소설",2
"소식",2
"소싱",2
"소중한",2
"소켓",2
"속어",2
"손가락",2
"손익",2
"솔",2
"쇼핑몰",2
"수령",2
"수지",2
"수질",2
"수치",2
"수확",2
"숙련도",2
"순조",2
"순환",2
"숨",2
"슈퍼마켓",2
"스마트폰",2
"스카우트",2
"스캔",2
"스케줄",2
"스크립트",2
"스킬",2
"스타크래프트",2
"슬기",2
"슬로건",2
"시간제한",2
"시공",2
"시내",2
"시비",2
"시일",2
"시행착오",2
"식단",2
"식사",2
"신",2
"신뢰도",2
"신청",2
"실내",2
"실망",2
"실천",2
"실험수",2
"심사",2
"심화",2
"쓰레기",2
"아동",2
"아빠",2
"아저씨",2
"안내판",2
"안심",2
"안팎",2
"알람",2
"애",2
"애로",2
"애정",2
"양",2
"양성",2
"양조",2
"양해",2
"어르신",2
"어셔",2
"엄지",2
"에디터",2
"엑셀",2
"엔진",2
"엠티",2
"여건",2
"여분",2
"역대",2
"연",2
"연동",2
"연산",2
"연인",2
"열매",2
"열쇠",2
"영감",2
"영광",2
"영역",2
"영화관",2
"옆",2
"예상하",2
"예약",2
"예의",2
"예전",2
"오기",2
"오답",2
"오리엔테이션",2
"오션",2
"오차",2
"오해",2
"완벽",2
"완주",2
"완판",2
"완화",2
"왕복",2
"요인",2
"용골",2
"용품",2
"우승",2
"운",2
"운동선수",2
"운전병",2
"워",2
"원룸",2
"원자재",2
"위생사",2
"위험",2
"윈",2
"윈도우즈",2
"유년",2
"유명",2
"유비쿼터스",2
"유체",2
"유형",2
"유휴",2
"음료수",2
"음성",2
"의무",2
"의문",2
"이력서",2
"이마트",2
"이바지",2
"이사",2
"이슈",2
"이어가기",2
"이용객",2
"이용자",2
"이윤",2
"이하",2
"인격",2
"인공",2
"인구",2
"인근",2
"인내심",2
"인식하",2
"인연",2
"인터",2
"일념",2
"일대",2
"일례",2
"일손",2
"일주",2
"일한",2
"임직원",2
"입맛",2
"입지",2
"자금",2
"자녀",2
"자립심",2
"자본금",2
"자유",2
"자재",2
"작업실",2
"작용",2
"잣대",2
"장기간",2
"장단점",2
"장마",2
"장식",2
"장애물",2
"장학금",2
"재생",2
"재직",2
"재현",2
"저감",2
"저녁",2
"저도",2
"저장기",2
"적도",2
"적립",2
"적응력",2
"적지",2
"전공의",2
"전량",2
"전력",2
"전보",2
"전사",2
"전산학",2
"전역",2
"전통",2
"전학",2
"절망",2
"절삭",2
"절차",2
"젊은이",2
"점검",2
"점령",2
"점심시간",2
"정리",2
"정상",2
"정신력",2
"제공",2
"제출",2
"제한",2
"제휴",2
"조리",2
"조리법",2
"조의",2
"조작법",2
"조정",2
"종류",2
"종사자",2
"종전",2
"주목",2
"주민",2
"주방",2
"주역",2
"주차장",2
"주택",2
"주행",2
"준칙",2
"중간",2
"중간자",2
"중동",2
"중소기업",2
"증진",2
"지도하",2
"지름길",2
"지리산",2
"지명",2
"지시",2
"지원도",2
"지장",2
"지적",2
"지체",2
"지표",2
"지휘하",2
"직업관",2
"진심",2
"진열",2
"진열대",2
"진출",2
"집안",2
"차례",2
"차이",2
"참가",2
"참석하",2
"창의력",2
"책상",2
"처",2
"처지",2
"천막",2
"철",2
"철도",2
"첫날",2
"첫차",2
"청",2
"청결",2
"초과",2
"초안",2
"촉망",2
"촌",2
"총학생회장",2
"최장",2
"추상",2
"추진력",2
"추천서",2
"추출",2
"축구단",2
"출발",2
"출신",2
"출원",2
"충동",2
"취약점",2
"치의",2
"친목",2
"카드사",2
"카리스마",2
"카메라",2
"칵테일",2
"커리지",2
"커리큘럼",2
"커머스",2
"커피",2
"컨텐츠",2
"컨트롤",2
"코너",2
"콘",2
"콜라",2
"쾌거",2
"탁구",2
"탄소",2
"탈",2
"텐",2
"토끼",2
"통신사",2
"통역",2
"퇴근",2
"트라우마",2
"특기",2
"특허",2
"틀이",2
"팁",2
"파티",2
"패기",2
"패밀리",2
"패키지",2
"팬",2
"편법",2
"편집",2
"평균",2
"평생",2
"포장",2
"포털",2
"표준",2
"푸드",2
"풍력",2
"풍미",2
"프레임",2
"프로",2
"프로토콜",2
"프린터",2
"프린트",2
"프린팅",2
"플레이어",2
"피아노",2
"핀",2
"필름",2
"필리핀",2
"하나하나",2
"하이브리드",2
"하이트",2
"한곳",2
"한국어",2
"한글",2
"한주",2
"한지",2
"한해",2
"함수",2
"함유한",2
"항공",2
"항산화",2
"해마",2
"해외여행",2
"해지",2
"해킹",2
"행정",2
"행정병",2
"헬스장",2
"현업",2
"협동심",2
"호감",2
"화공",2
"화합",2
"회계",2
"회귀",2
"회식",2
"획기적",2
"횡단",2
"후보",2
"훗날",2
"훼미리",2
"ㅒ",2
"EBS",1
"가격대",1
"가독",1
"가든",1
"가방",1
"가상",1
"가식",1
"가우",1
"가운데",1
"가을",1
"가을밤",1
"가이드",1
"가족주의",1
"가족회",1
"각도",1
"각오",1
"간편",1
"갈등",1
"감",1
"감량",1
"감시",1
"감탄",1
"강국",1
"강당",1
"강대국",1
"강세",1
"강연",1
"강자",1
"개국",1
"개근상",1
"개론",1
"개미",1
"개별",1
"개성",1
"개인차",1
"개정",1
"개통식",1
"객실",1
"거기",1
"거래량",1
"거래선",1
"거로",1
"거리",1
"건축학",1
"검토",1
"겉보리",1
"게스트",1
"게으름",1
"게토레이",1
"격려",1
"견해",1
"결근",1
"결단",1
"결단력",1
"결석",1
"결선",1
"결여",1
"결제",1
"겸임",1
"경",1
"경기장",1
"경비대",1
"경상북도",1
"경연",1
"경영진",1
"경영체",1
"경제관",1
"경주",1
"경중",1
"경찰청",1
"계급",1
"계방",1
"계산",1
"계전",1
"계절",1
"계통",1
"계획표",1
"고군분투",1
"고도",1
"고도성장",1
"고민한",1
"고비",1
"고사",1
"고생",1
"고소",1
"고압가스",1
"고영",1
"고용",1
"고운",1
"고정",1
"고지",1
"고향",1
"곡류",1
"곤란",1
"공감대",1
"공격",1
"공과대",1
"공급사",1
"공동체",1
"공략",1
"공식",1
"공유한",1
"공정인",1
"공조",1
"공채",1
"공항",1
"과잉",1
"과학실",1
"관광객",1
"관리법",1
"관리비",1
"관습",1
"관악구",1
"관악산",1
"관측",1
"광경",1
"광고비",1
"광고주",1
"교감",1
"교두보",1
"교범",1
"교외",1
"교육부",1
"교정",1
"교직",1
"교훈",1
"구사",1
"구실",1
"구애",1
"구원",1
"구절",1
"구직",1
"국내외",1
"국비",1
"국외",1
"군인",1
"군포",1
"굴뚝",1
"굴복",1
"궂은일",1
"권",1
"규격",1
"규정",1
"그곳",1
"그린",1
"그림",1
"그해",1
"근간",1
"근교",1
"근린",1
"근원",1
"글귀",1
"글쓰기",1
"글씨",1
"금리",1
"금액",1
"금융인",1
"급속도",1
"급식",1
"급여",1
"기계공",1
"기기인",1
"기름",1
"기상",1
"기성",1
"기성복",1
"기성품",1
"기술력",1
"기자재",1
"기적",1
"기조",1
"기질",1
"기행",1
"긴장",1
"긴장감",1
"길다",1
"길이",1
"김밥",1
"까닭",1
"깡",1
"껍데기",1
"꼴찌",1
"꾼",1
"끈",1
"끝맺음",1
"끼",1
"낙심",1
"낙천",1
"난",1
"난관",1
"난청",1
"납",1
"낭비",1
"낮",1
"낯",1
"낯가림",1
"내년",1
"내당",1
"내면",1
"내성",1
"내신",1
"내역",1
"내연",1
"내외",1
"내용물",1
"내지",1
"냉각",1
"냉동",1
"냉방",1
"냉장고",1
"넘버",1
"네임",1
"녀석",1
"년도",1
"념",1
"노후",1
"녹화장",1
"논리학",1
"논쟁",1
"놀이터",1
"농산",1
"높임",1
"누나",1
"뉴스",1
"뉴요커",1
"니",1
"님",1
"다년간",1
"다능",1
"다방면",1
"다변",1
"다세대",1
"다음날",1
"다재",1
"단골손님",1
"단답",1
"단독",1
"단순",1
"단어",1
"단일",1
"단편",1
"달라",1
"담임선생",1
"담지",1
"닷컴",1
"당위",1
"당하",1
"대",1
"대교",1
"대내",1
"대략",1
"대박",1
"대변",1
"대사",1
"대사관",1
"대소사",1
"대안",1
"대여",1
"대응",1
"대응책",1
"대장균",1
"대전시",1
"대접",1
"대중",1
"대지",1
"대피소",1
"대학가",1
"대행사",1
"대형마",1
"대회당",1
"덕",1
"덕택",1
"데스크",1
"데이트",1
"도리",1
"도매",1
"도매업",1
"도봉산",1
"도서관",1
"도심",1
"도어",1
"도장",1
"도착",1
"도쿠가와",1
"도트",1
"독립",1
"독보",1
"독어",1
"독점",1
"독창",1
"독학",1
"돌발",1
"동",1
"동경심",1
"동계",1
"동력",1
"동료애",1
"동부",1
"동북아",1
"동산",1
"동상",1
"동역학",1
"동의",1
"동이",1
"동하",1
"동화책",1
"두개",1
"두부",1
"둑",1
"둔화",1
"뒷바퀴",1
"뒷부분",1
"드라마",1
"드라이버",1
"등반",1
"등산모",1
"디바",1
"디스플레이",1
"딜레이",1
"떡볶이",1
"똥",1
"뛰기",1
"라도",1
"란",1
"랜드마크",1
"러시아어",1
"럭",1
"레저",1
"레포츠",1
"례",1
"로스",1
"로지",1
"롯",1
"롯데시네마",1
"롯데호텔",1
"루브르",1
"룸",1
"류",1
"르노",1
"리듬",1
"리딩",1
"리모컨",1
"리스트",1
"리큐르",1
"리틀",1
"릴",1
"립스",1
"마가렛",1
"마니아",1
"마라톤",1
"마련",1
"마실",1
"마을",1
"마차",1
"마케터",1
"마켓",1
"만개",1
"만반",1
"만화책",1
"말다툼",1
"말레이시아",1
"말벗",1
"맡",1
"매대",1
"매료",1
"매일",1
"매직",1
"매트릭스",1
"맥스",1
"맥주잔",1
"맨",1
"머리카락",1
"머시닝",1
"먹을거리",1
"먼저",1
"멀티플레이어",1
"메가트렌드",1
"메세지",1
"메이커",1
"메인",1
"멜",1
"면도날",1
"면접",1
"명령",1
"명망",1
"명목하",1
"명상",1
"명세",1
"명에",1
"명의",1
"모나리자",1
"모노",1
"모니터",1
"모니터링",1
"모스크바",1
"모의고사",1
"모집",1
"모티브",1
"모험",1
"목공",1
"목록",1
"목인",1
"무료",1
"무명",1
"무실",1
"무용지물",1
"무전",1
"무전기",1
"문과",1
"문연수",1
"문외한",1
"문학",1
"물꼬",1
"물류비용",1
"물집",1
"물체",1
"미개",1
"미니",1
"미래상",1
"미세",1
"미소",1
"밀",1
"밀링",1
"밑바탕",1
"바",1
"바꾸기",1
"바이",1
"바이너",1
"박",1
"박람회",1
"박물관",1
"박스",1
"반경",1
"반구",1
"반년",1
"반복",1
"반송",1
"반시",1
"반영한",1
"반영해",1
"발견",1
"발명품",1
"발전도",1
"발표력",1
"발품",1
"발행",1
"밤가",1
"방송통신대학",1
"방울",1
"방침",1
"배경",1
"배변",1
"배우",1
"배우자",1
"배출",1
"배출수",1
"백",1
"백일장",1
"밸",1
"뱀",1
"버그",1
"버니",1
"버린",1
"버블",1
"버스비",1
"버튼",1
"버팀목",1
"벅",1
"번이",1
"번호",1
"법률",1
"법칙",1
"베니스",1
"베이스",1
"베타",1
"벨",1
"벽면",1
"변경",1
"변동",1
"변환",1
"별",1
"별개",1
"별도",1
"병원",1
"병합",1
"보관",1
"보드",1
"보수",1
"보완",1
"보유",1
"보이",1
"보인",1
"보증",1
"보편",1
"보험료",1
"보호자",1
"보호하",1
"복구",1
"복습",1
"본격",1
"본보기",1
"본부",1
"본분",1
"본선",1
"본점",1
"볼트",1
"부각",1
"부끄러움",1
"부담감",1
"부동",1
"부반장",1
"부산",1
"부산물",1
"부산항",1
"부원",1
"부저",1
"부진",1
"부차",1
"북",1
"분수",1
"분업",1
"분유",1
"분할",1
"분해",1
"불",1
"불가능",1
"불량품",1
"불리",1
"불만도",1
"불철주야",1
"불황",1
"붕대",1
"브레이크",1
"블로그",1
"비룡",1
"비만",1
"비율",1
"비자",1
"비젼",1
"빈도",1
"빈틈",1
"빌",1
"빙산",1
"빚",1
"빵",1
"뼛속",1
"사고사",1
"사기",1
"사막",1
"사망",1
"사면",1
"사명",1
"사무",1
"사무소",1
"사무실",1
"사물함",1
"사업장",1
"사자",1
"사주",1
"사촌",1
"사회생활",1
"사흘",1
"산등",1
"산불",1
"산악회",1
"산초",1
"살",1
"살기",1
"살라",1
"삶이",1
"삼각",1
"삼바",1
"삼촌",1
"상관관계",1
"상금",1
"상급자",1
"상변",1
"상비약",1
"상상도",1
"상승",1
"상식",1
"상심",1
"상용",1
"상인",1
"상품대",1
"상환",1
"색도",1
"색상",1
"샘플",1
"생기",1
"생리",1
"생산력",1
"생시",1
"생활신조",1
"생활자",1
"샤일록",1
"샵",1
"서",1
"서기",1
"서브",1
"서빙",1
"석",1
"석사",1
"석유",1
"선도",1
"선망",1
"선발",1
"선원",1
"선인장",1
"선임",1
"선입",1
"선점",1
"선진",1
"선진국",1
"선출",1
"선택지",1
"선행",1
"선후",1
"설거지",1
"설상가상",1
"성남시청",1
"성민",1
"성어",1
"성에",1
"성장도",1
"성장세",1
"성적순",1
"성적표",1
"세계사",1
"세기",1
"세대",1
"세브란스",1
"센터장",1
"셀",1
"셰익스피어",1
"소극적",1
"소기",1
"소나기",1
"소나타",1
"소독",1
"소매점",1
"소멸",1
"소문",1
"소방서",1
"소속",1
"소속사",1
"소요",1
"소주",1
"소홀",1
"소화",1
"손자병법",1
"손질",1
"손해",1
"솔선수범",1
"송금",1
"송장",1
"쇼",1
"수강",1
"수능",1
"수련",1
"수로",1
"수르",1
"수배송",1
"수불",1
"수소",1
"수송",1
"수수료",1
"수영장",1
"수요일",1
"수용",1
"수원",1
"수의",1
"수주",1
"수준급",1
"수직",1
"수험",1
"숙지",1
"순",1
"순찰",1
"숫자",1
"숭실대학교",1
"숲",1
"슈퍼바이저",1
"스마일",1
"스케치북",1
"스태프",1
"스텐",1
"스토리텔링",1
"스토어",1
"스톤",1
"스톱",1
"스튜디오",1
"스팀",1
"스팟",1
"스페인",1
"승부",1
"승인",1
"시공관",1
"시급",1
"시동",1
"시드니",1
"시력",1
"시리얼",1
"시뮬레이션",1
"시범",1
"시사",1
"시상",1
"시상식",1
"시선",1
"시식",1
"시음",1
"시제품",1
"시합",1
"시험공부",1
"식",1
"식당",1
"식별",1
"식생활",1
"식스",1
"식음료",1
"식중독",1
"신뢰감",1
"신비",1
"신생",1
"신성",1
"신어",1
"신체",1
"신춘문예",1
"신호",1
"신흥",1
"실기",1
"실무진",1
"실사",1
"실생활",1
"실시",1
"실시간",1
"실용",1
"실정",1
"실태",1
"실행력",1
"실험사",1
"심부름",1
"심장",1
"심층",1
"심폐",1
"심혈",1
"써클",1
"쓰레기통",1
"아내",1
"아로",1
"아무것",1
"아부",1
"아쉬움",1
"아웃",1
"아이돌",1
"아이비",1
"아이콘",1
"아주머니",1
"아카데미",1
"아크릴",1
"아키",1
"아키텍처",1
"아픔",1
"악기",1
"악명",1
"악재",1
"악조건",1
"악천후",1
"안동댐",1
"안목",1
"안무",1
"안보",1
"안토니",1
"알곡",1
"알바",1
"암호",1
"압도",1
"압류",1
"압박",1
"애물단지",1
"애사심",1
"애인",1
"애초",1
"앤드",1
"야단",1
"약정",1
"얌체",1
"양덕",1
"양보",1
"양식",1
"양측",1
"얘기",1
"어른",1
"어린아이",1
"어제",1
"어진",1
"어학당",1
"어학연수",1
"어휘",1
"어휘력",1
"언급",1
"언론",1
"언성",1
"엄희태",1
"업종",1
"에러",1
"에버",1
"에이전시",1
"엑스트라",1
"엔디",1
"엠",1
"여건이",1
"여럿",1
"여성분",1
"여야",1
"여천공단",1
"여학",1
"여행객",1
"여행기",1
"여행자",1
"역동",1
"역사책",1
"역지사지",1
"연간",1
"연결",1
"연계",1
"연락처",1
"연령",1
"연무",1
"연세대",1
"연착",1
"연평도",1
"연필",1
"연합회",1
"연회비",1
"열",1
"열성",1
"열중",1
"열풍",1
"열효율",1
"영국",1
"영리",1
"영문",1
"영양",1
"영양가",1
"영업점",1
"영예",1
"영향력",1
"예방",1
"예술",1
"옛날",1
"오감",1
"오뚜기",1
"오렌지",1
"오류",1
"오염",1
"오작교",1
"오점",1
"오토",1
"오토메이션",1
"옥수수",1
"온기",1
"온수",1
"온오",1
"온천수",1
"완료",1
"완전",1
"왕십리",1
"외관",1
"외의",1
"외적",1
"외주",1
"요가",1
"요금",1
"요르단",1
"요리",1
"요일",1
"욕설",1
"욕심",1
"용량",1
"용어",1
"용역",1
"용접",1
"우",1
"우려",1
"우리말",1
"우연한",1
"우울",1
"우일",1
"우정",1
"우즈벡",1
"우천",1
"운동회",1
"운명",1
"운용",1
"울",1
"울산대",1
"울타리",1
"움",1
"움직임",1
"워치",1
"워크",1
"원료",1
"원자력",1
"원재료",1
"원화",1
"웨이터",1
"웰",1
"위로",1
"위상",1
"위임",1
"위험물",1
"위협",1
"윈도",1
"유관",1
"유도",1
"유동",1
"유류",1
"유리창",1
"유망",1
"유무",1
"유문",1
"유사",1
"유산",1
"유인물",1
"유적지",1
"유치부",1
"유통망",1
"유혹",1
"유효",1
"육성",1
"육손이",1
"윤활유",1
"융복",1
"융화",1
"을지",1
"음계",1
"음료업",1
"응용",1
"응원",1
"의기소침",1
"의료",1
"의료진",1
"의리",1
"의식주",1
"의외",1
"의존",1
"의존도",1
"의지력",1
"이것저것",1
"이고",1
"이기",1
"이득",1
"이듬해",1
"이등병",1
"이력",1
"이례",1
"이로움",1
"이메일",1
"이상일",1
"이언",1
"이에야스",1
"이용",1
"이참",1
"이탈",1
"이탈리아",1
"이틀",1
"이해력",1
"인내",1
"인맥",1
"인명",1
"인문",1
"인성",1
"인센티브",1
"인수",1
"인스턴트",1
"인적",1
"인정",1
"인종",1
"인지",1
"인지도",1
"인천",1
"인테리어",1
"인형",1
"일각",1
"일감",1
"일거리",1
"일과",1
"일련",1
"일로",1
"일부",1
"일생",1
"일신",1
"일쑤",1
"일어",1
"일요일",1
"일용",1
"일일",1
"일조",1
"일종",1
"일화",1
"읽기",1
"입거",1
"입고",1
"입구",1
"입대",1
"입력",1
"입문",1
"입시",1
"입찰",1
"자극",1
"자당",1
"자도",1
"자란",1
"자매결연",1
"자사",1
"자색",1
"자석",1
"자습",1
"자식",1
"자연대",1
"자정",1
"자지",1
"자치회",1
"작곡가",1
"작법",1
"작별",1
"작성법",1
"작업복",1
"작전",1
"잔",1
"잔돈",1
"잘못",1
"잠",1
"잠실",1
"잡기",1
"잡일",1
"장바구니",1
"장사꾼",1
"장시간",1
"장염",1
"장의",1
"장이",1
"재능",1
"재료비",1
"재목",1
"재무제표",1
"쟁",1
"저가",1
"저마",1
"저부",1
"저소득",1
"저온",1
"저작권",1
"저장",1
"저하",1
"적부",1
"적성",1
"적자",1
"전개",1
"전교",1
"전단",1
"전단지",1
"전도사",1
"전례",1
"전망",1
"전문점",1
"전방",1
"전송",1
"전술",1
"전시회",1
"전염",1
"전용기",1
"전자기",1
"전주",1
"전처리",1
"전패",1
"전환점",1
"절",1
"절반",1
"절약",1
"절충안",1
"절치부심",1
"젊은층",1
"젊음",1
"점도",1
"점심",1
"점원",1
"점장",1
"점토",1
"접대",1
"접점",1
"정",1
"정규",1
"정규화",1
"정기",1
"정비소",1
"정시",1
"정식",1
"정육",1
"정육점",1
"정작",1
"정적",1
"정체",1
"제거",1
"제너",1
"제대",1
"제도",1
"제동",1
"제일의",1
"제자리",1
"제휴사",1
"조교",1
"조기",1
"조립",1
"조명",1
"조바심",1
"조성",1
"조연",1
"조율",1
"조장",1
"족보",1
"존경",1
"존중",1
"종업원",1
"종이",1
"주가",1
"주관",1
"주관하",1
"주단",1
"주력",1
"주류업",1
"주머니",1
"주변인",1
"주소",1
"주스",1
"주원인",1
"주의",1
"주재료",1
"주재원",1
"주전",1
"주정",1
"주종",1
"주체",1
"주최",1
"주축",1
"준비물",1
"준수",1
"중",1
"중개",1
"중고",1
"중등",1
"중립",1
"중심지",1
"중의",1
"중인",1
"중재",1
"중추",1
"중합",1
"증권",1
"증세",1
"지고",1
"지구력",1
"지기",1
"지도자",1
"지력",1
"지리",1
"지부",1
"지사",1
"지성",1
"지역난방",1
"지자체",1
"지정",1
"지침",1
"지하철",1
"지혜",1
"지혜인",1
"직전",1
"진단",1
"진도",1
"진료소",1
"진지한",1
"진짜",1
"진척",1
"진척도",1
"진퇴양난",1
"진한",1
"진흥",1
"질의응답",1
"집수리",1
"집약체",1
"집짓기",1
"징",1
"차량",1
"차로",1
"찬바람",1
"찬사",1
"찰나",1
"참가자",1
"참석",1
"참여율",1
"창",1
"창고",1
"창작",1
"창조력",1
"채소",1
"채점",1
"책자",1
"책정",1
"챌린지",1
"챔피온",1
"챙",1
"천국",1
"천문대",1
"천부",1
"천지일",1
"첨두",1
"첫해",1
"청과",1
"청년",1
"청량감",1
"체",1
"체류",1
"체류비",1
"체육관",1
"체크",1
"초등",1
"초석",1
"초심",1
"총",1
"총기",1
"추리",1
"추세",1
"추월",1
"추후",1
"축산",1
"출력",1
"출산",1
"출시",1
"출연",1
"출판",1
"취지",1
"측량",1
"측위",1
"치료",1
"치열",1
"치즈",1
"친밀",1
"친밀감",1
"칠판",1
"카메오",1
"카트",1
"카풀",1
"카피",1
"캄보디아",1
"캐나다인",1
"캐셔",1
"캐슬",1
"캐시",1
"캡",1
"컨버전스",1
"컨셉",1
"컬",1
"컵",1
"케미컬",1
"케밥",1
"케이크",1
"코너링",1
"코일",1
"코칭",1
"코트",1
"콘센트",1
"콘크리트",1
"콜",1
"콧대",1
"콩",1
"쿨",1
"큐",1
"크기",1
"크로스",1
"크롬",1
"큰불",1
"큰일",1
"클래식",1
"클레",1
"클리어",1
"타격",1
"타기",1
"타깃",1
"타당",1
"타부",1
"타이틀",1
"타임",1
"타입",1
"타지",1
"탁상공론",1
"탄력",1
"탄산",1
"탄산음료",1
"탈수",1
"탐구",1
"탐방",1
"태",1
"태국",1
"태양",1
"터",1
"터미널",1
"테",1
"테마",1
"테이크",1
"테크니션",1
"토론토",1
"토박이",1
"통계학",1
"통솔",1
"통신망",1
"통장",1
"통증",1
"통행",1
"퇴사",1
"투어",1
"투자가",1
"트랜드",1
"트랜스",1
"트러블",1
"특수강",1
"특이",1
"특정",1
"특허청",1
"특혜",1
"특화",1
"틀",1
"티",1
"파고",1
"파급력",1
"파리",1
"파사",1
"파스트",1
"파워포인트",1
"판",1
"판단력",1
"판매량",1
"판촉물",1
"팔로우",1
"패닉",1
"패스워드",1
"패스트푸드점",1
"페놀",1
"페로몬",1
"페어",1
"페이스",1
"펜",1
"편",1
"편리",1
"평",1
"평일",1
"평점",1
"폐기",1
"폐렴",1
"폐열",1
"포격",1
"포대",1
"포르투갈",1
"포스",1
"포스터",1
"포용",1
"포용력",1
"포지셔닝",1
"포지션",1
"포토",1
"포트폴리오",1
"폭발",1
"폭염",1
"폴리",1
"폴리머",1
"표",1
"표본",1
"표시",1
"표시기",1
"품목",1
"품새",1
"풍물",1
"풍요",1
"프라하",1
"프랑스",1
"프랑스어",1
"프리미어",1
"플래티넘",1
"플레이",1
"피날레",1
"피땀",1
"피로",1
"하겟",1
"하구",1
"하나라",1
"하도급",1
"하락",1
"하루하루",1
"하림",1
"하이마트",1
"하중",1
"학구열",1
"학력",1
"학술",1
"학습량",1
"학위",1
"한가지",1
"한강",1
"한반도",1
"한자리",1
"한잔",1
"한정",1
"한참",1
"한파",1
"할당량",1
"할당제",1
"함량",1
"합",1
"합병",1
"합성",1
"핫",1
"핫도그",1
"항해",1
"해결사",1
"해독",1
"해상",1
"해지기",1
"해진",1
"해피",1
"핸드폰",1
"햇빛",1
"행보",1
"행복감",1
"행정실",1
"향기",1
"향료",1
"허가",1
"허리",1
"허브",1
"헌혈",1
"헝가리",1
"헤더",1
"헬기",1
"헬스",1
"혁명",1
"현가",1
"현장감",1
"현지화",1
"현직",1
"협력사",1
"협상력",1
"협의",1
"협조",1
"형틀",1
"호응도",1
"호텔업",1
"호프",1
"홀",1
"홈플러스",1
"화면",1
"화물",1
"확대",1
"확립",1
"확인서",1
"환기",1
"환상",1
"환율",1
"환자",1
"환호",1
"활력소",1
"회",1
"회계학",1
"회복",1
"회비",1
"회성",1
"회수",1
"회원권",1
"회칙",1
"획기",1
"횟수",1
"효능",1
"효용",1
"후발",1
"후원자",1
"후의",1
"훈",1
"휴양지",1
"흠집",1
"희극인",1
"희망",1
"희생정신",1
"히팅",1
"힌",1
