"splt_sm","Freq"
"사람",365
"삼성",351
"삼성전자",302
"고객",289
"친구",282
"기술",274
"경험",244
"기업",235
"업무",232
"저의",217
"제품",207
"시장",206
"세계",202
"분야",181
"후",174
"회사",173
"꿈",170
"목표",162
"프로젝트",161
"최고",153
"반도체",149
"활동",147
"삼성화재",146
"개발",142
"지식",133
"문제",132
"생활",130
"생산",129
"컴퓨터",125
"도움",123
"바탕",123
"능력",115
"사회",111
"생각",111
"금융",110
"앞",110
"점",108
"고등학교",106
"시절",106
"관심",105
"시스템",104
"팀",104
"과정",102
"관리",102
"모습",102
"인재",102
"서비스",101
"역량",101
"설계",100
"처음",99
"학년",98
"산업",97
"함",97
"마음",96
"엔지니어",96
"공부",95
"말",93
"프로그램",93
"아버지",92
"미래",91
"교육",90
"도전",88
"성장",88
"학교",88
"노력",87
"사원",87
"보험",85
"인터넷",85
"중국",83
"공학",82
"수업",82
"지금",82
"결",81
"관련",81
"소프트웨어",81
"직원",81
"전공",80
"열정",79
"사고",78
"상황",78
"학생",76
"발전",75
"정보",75
"환경",75
"부분",73
"대학",72
"입사",72
"최근",72
"글로벌",71
"방법",71
"봉사",71
"한국",71
"사물",70
"관계",69
"긍정",68
"기본",68
"이후",67
"연구",65
"이유",65
"가치",64
"기회",64
"사업",64
"스마트",64
"준비",64
"팀원",64
"동아리",63
"적극적",62
"공정",61
"선배",61
"장점",61
"경제",60
"자격증",60
"곳",59
"스스로",59
"역할",59
"대회",58
"스마트폰",58
"전문",58
"취업",58
"해외",58
"국내",57
"대학교",57
"데",57
"소통",56
"효율",56
"교내",55
"책임감",55
"삶",54
"아르바이트",54
"자세",54
"현장",54
"기계",53
"우리나라",53
"바이오",52
"설비",52
"웨어러블",52
"인턴",52
"기능",51
"내용",50
"데이터",50
"부서",50
"개인",49
"과목",49
"속",49
"습관",49
"전기",49
"전략",49
"향상",49
"기기",48
"문화",48
"변화",48
"분",48
"메모리",47
"업체",47
"영향",47
"지능",47
"지원",47
"책",47
"처리",47
"투자",47
"성격",46
"이해",46
"교수",45
"동료",45
"물류",45
"신입",45
"전문가",45
"직무",45
"혁신",45
"흥미",45
"가능",44
"마인드",44
"모바일",44
"방식",44
"인공",44
"자신감",44
"평소",44
"기존",43
"단점",43
"마케팅",43
"부모",43
"삼성중공업",43
"선생",43
"시",43
"어머니",43
"전",43
"기간",42
"보안",42
"안",42
"자료",42
"품질",42
"가치관",41
"기반",41
"미국",41
"의식",41
"정도",41
"주변",41
"중학교",41
"플랜트",41
"사업부",40
"성공",40
"성적",40
"신뢰",40
"에너지",40
"조직",40
"직",40
"특성",40
"계획",39
"시대",39
"실무",39
"안전",39
"영업",39
"의견",39
"자동차",39
"최선",39
"홍보",39
"가족",38
"결과",38
"계기",38
"당시",38
"이슈",38
"인",38
"일본",38
"후에",38
"경영",37
"공장",37
"눈",37
"세상",37
"실력",37
"지속",37
"창구",37
"학습",37
"기술력",36
"끝",36
"대하",36
"위치",36
"이야기",36
"인간",36
"경우",35
"뒤",35
"집",35
"창의",35
"행동",35
"경쟁",34
"경쟁력",34
"매력",34
"사실",34
"영어",34
"학기",34
"힘",34
"가격",33
"규모",33
"내",33
"중요",33
"가장",32
"성과",32
"언어",32
"초등학교",32
"필요",32
"군",31
"반",31
"분석",31
"사이",31
"아이디어",31
"유럽",31
"평가",31
"핵심",31
"기초",30
"덕분",30
"서로",30
"이론",30
"책임",30
"학부",30
"현재",30
"공모전",29
"대화",29
"라인",29
"방향",29
"사용자",29
"소비자",29
"여행",29
"제작",29
"중심",29
"진로",29
"후배",29
"과제",28
"구조",28
"단체",28
"동기",28
"리더",28
"부품",28
"실험",28
"어려움",28
"업계",28
"자리",28
"차량",28
"프로그래밍",28
"만족",27
"부문",27
"브랜드",27
"융합",27
"정신",27
"핀테",27
"학급",27
"해양",27
"회로",27
"고민",26
"길",26
"네트워크",26
"상",26
"선",26
"수준",26
"순간",26
"실제",26
"입장",26
"자전거",26
"차",26
"하루",26
"그것",25
"나라",25
"눈치",25
"대부분",25
"램",25
"사건",25
"사항",25
"손",25
"인식",25
"임",25
"졸업",25
"하드웨어",25
"현실",25
"협업",25
"국가",24
"단계",24
"마지막",24
"방학",24
"비용",24
"삼성물산",24
"상담",24
"시험",24
"알고리즘",24
"의지",24
"제게",24
"주제",24
"지향",24
"캠프",24
"판매",24
"학창",24
"행사",24
"화",24
"개발자",23
"기획",23
"대표",23
"실습",23
"외국인",23
"이익",23
"전체",23
"협력",23
"효과",23
"대한민국",22
"뜻",22
"목적",22
"미소",22
"보",22
"상품",22
"센터",22
"인류",22
"일원",22
"장",22
"최적",22
"한계",22
"활용",22
"휴대폰",22
"개선",21
"기사",21
"멤버십",21
"부",21
"빅",21
"사무",21
"수요",21
"스터디",21
"역학",21
"우수",21
"웹",21
"이름",21
"장기",21
"전산",21
"직업",21
"최초",21
"태도",21
"강의",20
"결제",20
"교류",20
"마이크로",20
"배터리",20
"번의",20
"소재",20
"실패",20
"알파",20
"의사소통",20
"이미지",20
"인사",20
"인프라",20
"작업",20
"작품",20
"장비",20
"전반",20
"제도",20
"진학",20
"케어",20
"티",20
"팀장",20
"하기",20
"헬스",20
"회계",20
"가전",19
"구성원",19
"기관",19
"동시",19
"디바",19
"분위기",19
"상태",19
"운영",19
"인생",19
"입학",19
"장치",19
"점유율",19
"정부",19
"조선",19
"주요",19
"직장",19
"차별",19
"최대",19
"편의",19
"폐",19
"필수",19
"학회",19
"로봇",18
"몸",18
"병",18
"볼",18
"비전",18
"수",18
"실현",18
"일자리",18
"재고",18
"중국어",18
"채용",18
"충격",18
"카페",18
"프로세서",18
"할아버지",18
"희망",18
"공연",17
"국민",17
"군대",17
"그만큼",17
"기준",17
"대상",17
"대학생",17
"돈",17
"두려움",17
"말씀",17
"멘토",17
"배",17
"사랑",17
"손해",17
"솔루션",17
"실수",17
"약속",17
"자부심",17
"조사",17
"주인",17
"진행",17
"측면",17
"통신",17
"플랫폼",17
"학교생활",17
"해",17
"해결",17
"가슴",16
"강점",16
"경기",16
"고가",16
"고장",16
"과학",16
"국방",16
"노조",16
"대외",16
"삼성전기",16
"상사",16
"선물",16
"선택",16
"속의",16
"신호",16
"에어컨",16
"외국",16
"운동",16
"위험",16
"작년",16
"장애인",16
"제어",16
"조교",16
"지점",16
"팀워크",16
"패션",16
"페이",16
"학업",16
"현상",16
"회장",16
"갤럭시",15
"건강",15
"계발",15
"교훈",15
"니즈",15
"도",15
"도서",15
"동력",15
"매일",15
"모델",15
"모임",15
"무대",15
"문서",15
"발표",15
"방안",15
"법",15
"본인",15
"안정",15
"얼굴",15
"올해",15
"위기",15
"일반",15
"자연",15
"전국",15
"지역",15
"진심",15
"체험",15
"초기",15
"컨트롤",15
"트렌드",15
"행복",15
"호주",15
"화학",15
"히",15
"간",14
"간의",14
"겨울",14
"구성하",14
"구현",14
"기억",14
"노하우",14
"단어",14
"도중",14
"디자인",14
"리더십",14
"마찬가지",14
"모니터링",14
"문",14
"바둑",14
"비",14
"삼성생명",14
"선두",14
"성능",14
"소중한",14
"스트레스",14
"여름",14
"원리",14
"위",14
"인기",14
"일정",14
"임금",14
"재료",14
"제조",14
"주",14
"지원자",14
"추가",14
"칩",14
"카드",14
"토대",14
"판단",14
"편의점",14
"프린터",14
"개혁",13
"공",13
"공급",13
"교환",13
"구체",13
"극대",13
"달",13
"대인",13
"매출",13
"문자",13
"문제점",13
"미팅",13
"반응",13
"방",13
"범위",13
"본격",13
"부장",13
"사회생활",13
"수도",13
"수학",13
"수행",13
"시선",13
"신념",13
"열린",13
"요구",13
"요소",13
"우수한",13
"원가",13
"인물",13
"자체",13
"전공과목",13
"주자",13
"축구",13
"취미",13
"파악",13
"피드백",13
"피해",13
"학",13
"학원",13
"해당",13
"향후",13
"가야",12
"가정",12
"가지",12
"결과물",12
"계약",12
"공학도",12
"국제",12
"귀사",12
"그동안",12
"근무",12
"금융인",12
"끈기",12
"나이",12
"누군가",12
"뉴스",12
"도덕",12
"멘토링",12
"모터",12
"밀러",12
"북한",12
"불만",12
"선수",12
"성실",12
"성취감",12
"세",12
"센서",12
"소문",12
"속도",12
"수평",12
"시기",12
"시민",12
"시설",12
"시작",12
"영화",12
"예전",12
"원인",12
"위원회",12
"위해선",12
"은행",12
"의료",12
"이세돌",12
"일부",12
"자원",12
"작성",12
"잡스",12
"장소",12
"전력",12
"전역",12
"조건",12
"존재",12
"주도",12
"증대",12
"차세대",12
"체계",12
"최종",12
"크기",12
"파트",12
"평균",12
"하나하나",12
"혜택",12
"확신",12
"감성",11
"결정",11
"경력",11
"고등학생",11
"구축",11
"글",11
"기쁨",11
"기숙사",11
"날",11
"달성",11
"면",11
"물건",11
"발생",11
"발주",11
"사내",11
"사례",11
"사생활",11
"생산량",11
"선박",11
"세대",11
"손님",11
"시점",11
"앱",11
"연습",11
"웃음",11
"원",11
"윤리",11
"자격",11
"저가",11
"적",11
"전시회",11
"절감",11
"정비",11
"제안",11
"제조업",11
"조언",11
"주문",11
"주의",11
"체제",11
"친화력",11
"탐방",11
"통합",11
"팩",11
"폰",11
"한국사",11
"홈",11
"가전제품",10
"갈등",10
"감동",10
"걱정",10
"계열사",10
"공헌",10
"기능사",10
"낯",10
"논문",10
"다리",10
"담당",10
"담임선생",10
"대중",10
"도로",10
"막내",10
"만남",10
"머리",10
"무선",10
"반대",10
"반장",10
"밤",10
"보상",10
"부원",10
"사용",10
"생체",10
"생태계",10
"설명",10
"성취",10
"소스",10
"소식",10
"수강",10
"수술",10
"수출",10
"시너지",10
"실무자",10
"실적",10
"실질",10
"실천",10
"아침",10
"역사",10
"연구실",10
"연락",10
"영역",10
"우연한",10
"유지",10
"이외",10
"이전",10
"인간관계",10
"인상",10
"인자",10
"인턴십",10
"자유",10
"장단점",10
"적극",10
"적도",10
"적부",10
"정리",10
"조합",10
"종주",10
"종합",10
"주말",10
"주위",10
"중공업",10
"증가",10
"청소",10
"청소년",10
"초",10
"추천",10
"취득",10
"침체",10
"칭찬",10
"커피",10
"키워",10
"편견",10
"핸드폰",10
"호흡",10
"후임",10
"감정",9
"개념",9
"게임",9
"경진",9
"공자",9
"관리자",9
"나중",9
"노동",9
"능률",9
"단위",9
"대리",9
"드라마",9
"립",9
"말해",9
"매장",9
"멤버",9
"명",9
"물",9
"방송",9
"배려",9
"보고서",9
"보급",9
"보수",9
"부대",9
"사태",9
"선진국",9
"선행",9
"설문지",9
"손석희",9
"수출입",9
"술",9
"스티브",9
"식당",9
"쌓기",9
"약점",9
"어학연수",9
"언니",9
"옆",9
"오차",9
"운전",9
"워킹",9
"위상",9
"위주",9
"위협",9
"육성",9
"인텔",9
"일상생활",9
"일주일",9
"자질",9
"잡지",9
"저자",9
"정성",9
"주도하",9
"창조",9
"체력",9
"탈",9
"테스트",9
"특기",9
"특정",9
"편지",9
"폭발",9
"프로",9
"피",9
"하시",9
"한편",9
"할당제",9
"행보",9
"혁명",9
"흐름",9
"가게",8
"가운데",8
"거래",8
"결론",8
"결심",8
"고용",8
"관해",8
"구글",8
"구매",8
"권리",8
"귀",8
"균형",8
"그중",8
"근처",8
"낯가림",8
"내부",8
"냉장고",8
"노래",8
"대신",8
"대응",8
"독학",8
"록",8
"만",8
"모교",8
"모듈",8
"무기",8
"무역",8
"무한",8
"발",8
"발달",8
"법칙",8
"보장",8
"본분",8
"봄",8
"부가",8
"부의",8
"부정",8
"부족",8
"불량",8
"블로그",8
"사장",8
"상담사",8
"상용",8
"성사",8
"소변",8
"수단",8
"시야",8
"신경",8
"애플",8
"양산",8
"어르신",8
"연구원",8
"열풍",8
"오프라인",8
"오픈",8
"완성",8
"욕심",8
"원천",8
"위원",8
"의미",8
"자동",8
"자산",8
"자율",8
"장인",8
"재능",8
"재무",8
"적응",8
"전지",8
"점검",8
"점수",8
"정책",8
"정해진",8
"제약",8
"종이",8
"중",8
"증권",8
"지출",8
"짐",8
"집안",8
"차원",8
"차이",8
"참여",8
"창출",8
"책임자",8
"청년",8
"최신",8
"출산",8
"춤",8
"캠페인",8
"특허",8
"펑크",8
"플레이어",8
"하락",8
"학문",8
"학생회",8
"학우",8
"합",8
"합의",8
"형성",8
"훈련",8
"가스",7
"감각",7
"강사",7
"건설",7
"격려",7
"견해",7
"경쟁사",7
"고졸",7
"공간",7
"공채",7
"과거",7
"과장",7
"관광",7
"교사",7
"교통",7
"구동",7
"구성",7
"그룹",7
"기부",7
"기여",7
"내수",7
"노트",7
"느낌",7
"대결",7
"대구",7
"대국",7
"덕목",7
"도시",7
"독자",7
"동향",7
"딸",7
"라디오",7
"리조트",7
"마라톤",7
"마음가짐",7
"머신",7
"목",7
"밑거름",7
"반면",7
"반복",7
"배경",7
"백화점",7
"버스",7
"보험업",7
"본사",7
"봉사단",7
"부회장",7
"불",7
"사기",7
"상대",7
"상상력",7
"선임",7
"소자",7
"손길",7
"수화",7
"심장",7
"아래",7
"안목",7
"양쪽",7
"어린이",7
"여유",7
"연결",7
"연구소",7
"영국",7
"예절",7
"예측",7
"온라인",7
"외부",7
"원동력",7
"위안화",7
"유머",7
"의도",7
"이해도",7
"인력",7
"자랑",7
"잘못",7
"재미",7
"전공자",7
"전달",7
"절하",7
"정기",7
"정상",7
"조화",7
"주관하",7
"중소기업",7
"중점",7
"지난해",7
"지도",7
"지뢰",7
"진출",7
"질문",7
"집중",7
"차례",7
"차질",7
"창고",7
"추세",7
"추후",7
"출시",7
"층",7
"코딩",7
"클라우드",7
"타이젠",7
"틈",7
"티셔츠",7
"파업",7
"패턴",7
"페이스북",7
"편리",7
"포인트",7
"표현",7
"하루하루",7
"한류",7
"할머니",7
"해킹",7
"협력하",7
"홈페이지",7
"활성",7
"가르침",6
"각지",6
"감소",6
"강화",6
"개개인",6
"거기",6
"계층",6
"곰돌이",6
"공동",6
"광고",6
"국내외",6
"국어",6
"권고",6
"권유",6
"그분",6
"급우",6
"기어",6
"기업인",6
"남",6
"다음카카오",6
"단순",6
"단원",6
"대비",6
"댁",6
"도입",6
"독일",6
"독창",6
"동생",6
"등산",6
"디스플레이",6
"라",6
"랩",6
"량",6
"러",6
"리스트",6
"마우스",6
"마음속",6
"말하기",6
"매사",6
"먹거리",6
"메모",6
"모션",6
"목소리",6
"목숨",6
"물방울",6
"물자",6
"미군",6
"믿음",6
"바다",6
"박사",6
"밖",6
"방면",6
"백색",6
"번역",6
"베르누이",6
"별명",6
"보람",6
"복지",6
"부담",6
"부담감",6
"비즈니스",6
"빛",6
"사전",6
"사진",6
"삼성그룹",6
"상처",6
"생명",6
"서울",6
"선도",6
"설계사",6
"설득",6
"성향",6
"소비",6
"수능",6
"수익",6
"숨",6
"시도",6
"시퀀스",6
"신청",6
"아프리카",6
"암기",6
"압도",6
"애착",6
"양극",6
"어플리케이션",6
"연령대",6
"연속",6
"연예인",6
"영상",6
"영향력",6
"오기",6
"오늘",6
"온도",6
"와중",6
"완공",6
"완제품",6
"용기",6
"운전병",6
"움직임",6
"워드",6
"유기",6
"유명",6
"유통",6
"의문",6
"이사",6
"이용",6
"이해력",6
"인내심",6
"인도",6
"인증",6
"인터뷰",6
"일류",6
"임원",6
"장애",6
"재치",6
"전쟁",6
"전화",6
"접근",6
"정직",6
"존경",6
"종류",6
"주기",6
"증진",6
"지닌",6
"지인",6
"지하철",6
"직책",6
"질",6
"철강",6
"체",6
"초등학생",6
"총무부",6
"최고점",6
"최상",6
"카메라",6
"컨테이너",6
"컨퍼런스",6
"킥",6
"통계",6
"투표",6
"파일",6
"패러다임",6
"팬",6
"포부",6
"프레젠테이션",6
"필터",6
"합창",6
"해석",6
"형",6
"호기심",6
"화재",6
"확대",6
"회람",6
"가수",5
"강국",5
"개의",5
"개척",5
"거래처",5
"거점",5
"검사",5
"고체",5
"공공",5
"공기",5
"공유",5
"관용",5
"궁극",5
"규제",5
"근로",5
"금호타이어",5
"기법",5
"기분",5
"꽃",5
"나머지",5
"나모",5
"난민",5
"남아",5
"내의",5
"냉방",5
"님",5
"대체",5
"대학원",5
"댄스",5
"덕",5
"도면",5
"도서관",5
"동경",5
"동상",5
"동호회",5
"드릴",5
"땀",5
"또래",5
"리",5
"망",5
"머릿속",5
"며칠",5
"명목",5
"목록",5
"미션",5
"밑바탕",5
"바람",5
"박람회",5
"발표회",5
"배낭여행",5
"번도",5
"보드",5
"보일",5
"보통",5
"보편",5
"복학",5
"본래",5
"부스",5
"부여",5
"부작용",5
"부재",5
"분리",5
"사과",5
"사회인",5
"삶이",5
"생일",5
"서버",5
"서적",5
"선반",5
"선진",5
"설정",5
"세기",5
"세미나",5
"소",5
"소개",5
"소극적",5
"소형",5
"손가락",5
"손실",5
"수식어",5
"수율",5
"수입",5
"수주",5
"수첩",5
"수치",5
"스승",5
"스위스",5
"스케줄",5
"스타",5
"스토리",5
"습득",5
"시연",5
"신인",5
"실시간",5
"실험실",5
"아시아",5
"약품",5
"양",5
"어깨",5
"에디터",5
"연계",5
"열등감",5
"영수증",5
"예방",5
"예상",5
"오랫동안",5
"오류",5
"오염",5
"완주",5
"왕",5
"외국어",5
"요인",5
"우려",5
"유가",5
"유대",5
"음료",5
"음성",5
"음악",5
"의사",5
"이웃",5
"이윤",5
"인적",5
"일련",5
"일반인",5
"일보",5
"일상",5
"일요일",5
"일인",5
"임무",5
"자가",5
"자금",5
"자유로",5
"장애우",5
"장학",5
"장학금",5
"재수",5
"저하",5
"적응력",5
"전망",5
"전망하",5
"절",5
"점유",5
"접점",5
"정",5
"정체",5
"제고",5
"제주도",5
"조각",5
"좌우명",5
"주목",5
"주행",5
"증",5
"지각",5
"지방",5
"진입",5
"짓",5
"차장",5
"참석",5
"창업",5
"첨단",5
"초점",5
"최소",5
"출신",5
"충전",5
"충족",5
"침해",5
"캡",5
"코드",5
"타입",5
"탓",5
"택시",5
"토",5
"툴",5
"특별상",5
"특징",5
"퍼즐",5
"페이지",5
"펜",5
"평등",5
"폭파",5
"폴란드",5
"필리핀",5
"학과",5
"학술",5
"한국인",5
"한지",5
"합성",5
"항",5
"해결책",5
"허가",5
"허리",5
"현대",5
"형태",5
"화면",5
"화합",5
"회전",5
"후발",5
"가공품",4
"가량",4
"감사",4
"결근",4
"경영학",4
"경제학",4
"고",4
"고난",4
"곳곳",4
"공개",4
"공업",4
"공정한",4
"공통점",4
"과실",4
"관찰",4
"교",4
"교과목",4
"교과서",4
"교실",4
"교양",4
"궁금증",4
"규칙",4
"그간",4
"그곳",4
"그날",4
"금액",4
"기",4
"기계학",4
"기술직",4
"기판",4
"기획부",4
"김",4
"까닭",4
"깨달음",4
"내일",4
"논리",4
"놀라움",4
"누나",4
"능동",4
"다툼",4
"단기",4
"단일",4
"달러",4
"담당자",4
"답",4
"대만",4
"대사",4
"대처",4
"대형",4
"데이터베이스",4
"동네",4
"동반",4
"드라이브",4
"듣기",4
"러닝",4
"레고",4
"로고",4
"리눅스",4
"마",4
"마감",4
"만류",4
"매출액",4
"맥주",4
"메뉴",4
"모델링",4
"모범",4
"몫",4
"몰입",4
"무리",4
"미",4
"반납",4
"발로",4
"밥",4
"방문",4
"방송국",4
"배낭",4
"버킷",4
"병사",4
"보안성",4
"보조",4
"보탬",4
"보험사",4
"복무",4
"부가가치",4
"분기",4
"불감증",4
"불편",4
"불황",4
"블랙",4
"빈자리",4
"사단",4
"사면",4
"사무실",4
"사양",4
"사용법",4
"사이버",4
"사이트",4
"사정",4
"산",4
"산학",4
"상대방",4
"상상",4
"상승",4
"상업",4
"새로움",4
"새벽",4
"선입견",4
"선정",4
"설명회",4
"성장세",4
"세월호",4
"세일즈",4
"세트",4
"소득",4
"소리",4
"소셜",4
"소외",4
"쇼크",4
"수리",4
"수명",4
"수여",4
"수집",4
"순서",4
"순환",4
"스톤",4
"스포츠",4
"승리",4
"시공",4
"시그마",4
"시뮬레이션",4
"신문",4
"신조",4
"신중",4
"실",4
"실내",4
"실전",4
"심리",4
"심사",4
"쓰임",4
"아무것",4
"안경",4
"안구",4
"압박",4
"앞줄",4
"애플리케이션",4
"약자",4
"양성",4
"얘기",4
"어른",4
"엑셀",4
"엔지니어링",4
"여성",4
"여자",4
"역",4
"역군",4
"연기",4
"열성",4
"영업인",4
"예능",4
"예산",4
"예의",4
"오래전",4
"오케스트라",4
"완전",4
"외적",4
"요점",4
"우위",4
"운명",4
"운용사",4
"울",4
"워크",4
"원래",4
"원생",4
"원칙",4
"유",4
"유감",4
"유럽인",4
"유모차",4
"유체",4
"융복",4
"은",4
"음식",4
"응용",4
"응원",4
"의무",4
"이로",4
"이틀",4
"인형",4
"일도",4
"일례",4
"일로",4
"읽기",4
"자극",4
"자아",4
"작정",4
"장난",4
"장부",4
"재산",4
"재해",4
"저녁",4
"적성",4
"전공의",4
"전교",4
"전문성",4
"전시",4
"전처",4
"전학",4
"전환",4
"전환점",4
"절대",4
"절차",4
"점포",4
"정규",4
"정착",4
"정치",4
"제대",4
"조리",4
"주민",4
"주시",4
"주역",4
"주인공",4
"중국인",4
"중동",4
"중앙",4
"즈",4
"즐거움",4
"지름길",4
"지시",4
"지점장",4
"지킬",4
"직장인",4
"직종",4
"진짜",4
"집단",4
"집중력",4
"차후",4
"채팅",4
"책무",4
"처방",4
"처벌",4
"체류",4
"초반",4
"초창기",4
"추격",4
"추억",4
"출석",4
"취지",4
"취직",4
"캐나다",4
"커뮤니케이션",4
"컨텐츠",4
"컴퓨팅",4
"케미칼",4
"코스",4
"콘서트",4
"콘텐츠",4
"키워드",4
"타격",4
"타이머",4
"탄생",4
"태권도",4
"태양",4
"태원",4
"테크놀로지",4
"텍사스",4
"통찰",4
"통찰력",4
"퇴직",4
"특별",4
"틀",4
"파리",4
"패널",4
"평",4
"평생",4
"포트폴리오",4
"풍요",4
"프랑스",4
"프로세스",4
"프리미엄",4
"플래너",4
"필연",4
"하락세",4
"한국어",4
"한글",4
"한화",4
"행운",4
"허브",4
"협상",4
"형상",4
"호칭",4
"화양연화",4
"확률",4
"확보",4
"획기적",4
"휴대",4
"LG",3
"가공",3
"가공법",3
"가나",3
"가정환경",3
"가족애",3
"각오",3
"간부",3
"간접",3
"감명",3
"값",3
"강산",3
"강연",3
"강연회",3
"강요",3
"강의실",3
"강인한",3
"개",3
"개론",3
"개발진",3
"개방",3
"개성",3
"개수",3
"거로",3
"거리",3
"거울",3
"거침",3
"건의",3
"건재",3
"건조",3
"걸작품",3
"검토",3
"격의",3
"격차",3
"견학",3
"결석",3
"결실",3
"결재",3
"결합",3
"경계",3
"경연",3
"경영자",3
"경청",3
"곁",3
"고도",3
"고령",3
"고사",3
"고자",3
"고충",3
"곱",3
"공구",3
"공대",3
"공사",3
"공사장",3
"공세",3
"공예",3
"공원",3
"공지",3
"공책",3
"공통",3
"공항",3
"공휴일",3
"과외",3
"과일",3
"관",3
"관계자",3
"관광객",3
"관리사",3
"관리인",3
"광학",3
"교무실",3
"교직원",3
"구매자",3
"구절",3
"구형",3
"국적",3
"귀감",3
"규정",3
"그림",3
"극복",3
"근간",3
"근거",3
"근본",3
"근성",3
"글래스",3
"금리",3
"금상",3
"금속",3
"기념일",3
"기록",3
"기술자",3
"기자",3
"기적",3
"기하급수",3
"기획력",3
"기획부장",3
"긴장",3
"끈",3
"나태",3
"난도",3
"내신",3
"노",3
"다양",3
"다운",3
"당근",3
"당일",3
"대",3
"대곡",3
"대륙",3
"대안",3
"대여",3
"대장",3
"대책",3
"대출",3
"덩어리",3
"도발",3
"도약",3
"도우미",3
"도장",3
"독서",3
"독점",3
"돗자리",3
"동서고금",3
"동작",3
"동쪽",3
"둔화",3
"뒷모습",3
"뒷바퀴",3
"득",3
"등급",3
"라면",3
"라이트",3
"럼",3
"레스토랑",3
"레이크",3
"렌즈",3
"로마",3
"로마인",3
"로지",3
"롯데리아",3
"루프",3
"리딩",3
"리모델링",3
"리뷰",3
"리스크",3
"리터",3
"리포트",3
"마무리",3
"마술",3
"마이더스",3
"만전",3
"만족도",3
"맛",3
"맞춤",3
"매경",3
"매니저",3
"매스컴",3
"매체",3
"맨",3
"멀티",3
"메디칼",3
"메모지",3
"면접",3
"명의",3
"명작",3
"명장",3
"목적지",3
"무",3
"무료",3
"무인",3
"무직",3
"문구",3
"문의",3
"문장",3
"물질",3
"물품",3
"뭐",3
"미국인",3
"미디어",3
"미만",3
"미용",3
"밀링",3
"바",3
"바꾸기",3
"바닥",3
"바디",3
"반등",3
"반성",3
"반성문",3
"반전",3
"반증",3
"발상",3
"발전기",3
"발주처",3
"방송인",3
"배가",3
"배양",3
"밴드",3
"밸브",3
"벌금",3
"베트남",3
"벤치",3
"변경",3
"변동",3
"변명",3
"별도",3
"병원",3
"보전",3
"보행",3
"보호",3
"복습",3
"복지관",3
"본부장",3
"봉사자",3
"부동산",3
"부류",3
"부엌",3
"부탁",3
"불량품",3
"불로장생",3
"비수",3
"비스",3
"비율",3
"빔",3
"뻥",3
"사업장",3
"사주",3
"산고",3
"산악",3
"삼성사",3
"삼성카드",3
"상권",3
"상생",3
"상식",3
"상인",3
"상자",3
"상장",3
"색상",3
"생",3
"생활신조",3
"서류",3
"서울대학교",3
"서쪽",3
"선적",3
"선점",3
"선풍기",3
"설계도",3
"설문",3
"성",3
"성인",3
"세계인",3
"세무과",3
"션",3
"소금",3
"소양",3
"소정",3
"소켓",3
"소홀",3
"속담",3
"속마음",3
"손바닥",3
"솔",3
"수년",3
"수량",3
"수령",3
"수상기",3
"숙제",3
"순위",3
"술자리",3
"숫자",3
"스카이",3
"스크랩",3
"스타트",3
"스템",3
"스프링클러",3
"슬픔",3
"승용차",3
"시계",3
"시범",3
"시행착오",3
"식구",3
"신뢰도",3
"신발",3
"신생",3
"신임",3
"신체",3
"실업",3
"실행",3
"쓴맛",3
"씨저",3
"아동",3
"아쉬움",3
"아시안",3
"아우라",3
"아웃",3
"아이디",3
"아저씨",3
"아파트",3
"안드로이드",3
"알루미늄",3
"암",3
"앞날",3
"앞자리",3
"애정",3
"야구",3
"약",3
"약식",3
"양상",3
"양식",3
"어린이집",3
"어학",3
"엄지",3
"업그레이드",3
"에나멜",3
"여직원",3
"여행객",3
"여행사",3
"역경",3
"역대",3
"역차별",3
"연관",3
"연산",3
"연주",3
"연합",3
"열망",3
"열의",3
"염원",3
"영감",3
"영업점",3
"영주",3
"영주동",3
"예고",3
"예정",3
"오디오",3
"온몸",3
"올빼미",3
"완화",3
"왕따",3
"요즘",3
"용어",3
"용접",3
"우일",3
"운반",3
"운용",3
"울산",3
"원격",3
"원료",3
"월요일",3
"웰스",3
"위안부",3
"윈",3
"유도",3
"유무",3
"유속",3
"유아",3
"유학",3
"유행",3
"육군",3
"응원전",3
"의류",3
"의심",3
"의약품",3
"의존도",3
"이기",3
"이동",3
"이성",3
"이자",3
"이재",3
"이지",3
"이하",3
"인간미",3
"인격",3
"인맥",3
"인성",3
"인수",3
"인식하",3
"인연",3
"일기",3
"일리",3
"일시",3
"일신",3
"일차",3
"일한",3
"일해",3
"입력",3
"작심삼일",3
"잠재",3
"장생",3
"재정",3
"저항",3
"적용",3
"적자",3
"전날",3
"전년도",3
"전송",3
"절충안",3
"점심시간",3
"점장",3
"접목",3
"젓갈",3
"정년",3
"정통",3
"정확도",3
"제공",3
"제기",3
"제로",3
"제휴",3
"조",3
"조립",3
"조장",3
"조치",3
"족",3
"존중",3
"주거",3
"주먹",3
"주변인",3
"주부",3
"주인아주머니",3
"중년",3
"중앙동",3
"중재",3
"중학생",3
"증류",3
"지구",3
"지적",3
"직업관",3
"진열대",3
"질병",3
"집안일",3
"집적",3
"쪽지",3
"쯤",3
"차비",3
"참가",3
"참가자",3
"참석하",3
"창업자",3
"창의력",3
"책자",3
"챔피언",3
"천장",3
"천직",3
"철",3
"첫발",3
"청계천",3
"청구",3
"청소년기",3
"체대",3
"체육학",3
"체크리스트",3
"총학생회",3
"촬영",3
"최대한",3
"최소한",3
"추구",3
"추적",3
"추진",3
"추진력",3
"축",3
"출발",3
"취침",3
"측정",3
"치명",3
"친분",3
"친절",3
"컴퍼니",3
"컴퍼스",3
"코",3
"코웃음",3
"쾌감",3
"클라이언트",3
"타겟",3
"타이밍",3
"타이틀",3
"택배",3
"탭",3
"터닝",3
"텀",3
"테스팅",3
"텔러",3
"토리",3
"통",3
"통관",3
"통영",3
"통증",3
"통화",3
"틴",3
"판매량",3
"패기",3
"패드",3
"패배",3
"펀드",3
"펌프",3
"페이퍼",3
"평생직장",3
"평택",3
"포화",3
"폭",3
"표정",3
"품목",3
"프라이드",3
"프로모션",3
"피크",3
"필사",3
"하반기",3
"한가지",3
"한정",3
"한쪽",3
"함수",3
"함양",3
"합리",3
"합병",3
"해상",3
"해커",3
"행원",3
"행정",3
"헌신",3
"헬기",3
"현지",3
"현지인",3
"협회",3
"형제",3
"호평",3
"홀리데이",3
"홍채",3
"화공",3
"화학전",3
"확인",3
"환자",3
"활",3
"활자",3
"회담",3
"회화",3
"효용",3
"후부",3
"후의",3
"후자",3
"훗날",3
"희대",3
"희열",3
"USB",2
"가계부",2
"가구",2
"가까이",2
"가동",2
"가속",2
"가솔린",2
"가이드",2
"가입",2
"가정집",2
"가트너",2
"각광",2
"각국",2
"감자",2
"감정가",2
"감탄",2
"갓길",2
"강경한",2
"강도",2
"강세",2
"강자",2
"강점기",2
"강좌",2
"개구리",2
"개입",2
"개정",2
"객관적",2
"거대",2
"거부감",2
"건물",2
"검사기",2
"게시판",2
"경각심",2
"경북대",2
"경영진",2
"경찰",2
"계",2
"계산",2
"계속",2
"계열",2
"계획안",2
"고급",2
"고려",2
"고무",2
"고생",2
"고성장",2
"고위급",2
"고유",2
"고향",2
"곡",2
"골",2
"골프",2
"공동체",2
"공무원",2
"공식",2
"공적",2
"공존",2
"과잉",2
"과학자",2
"관광지",2
"관점",2
"광범위",2
"교본",2
"교외",2
"교우",2
"교육학",2
"교체",2
"구리",2
"구멍",2
"구애",2
"구조물",2
"국산",2
"국장",2
"국정원",2
"군사",2
"권",2
"규격",2
"극",2
"글자",2
"금",2
"금전",2
"기계설",2
"기구",2
"기기인",2
"기둥",2
"기말",2
"기보",2
"기본기",2
"기조",2
"김연아",2
"김진분",2
"깊이",2
"꼬리",2
"난관",2
"날씨",2
"남북",2
"남자",2
"내년",2
"냄새",2
"너랑",2
"네트워킹",2
"노년",2
"노동자",2
"논두렁",2
"농협",2
"눈높이",2
"눈물",2
"능",2
"니",2
"다각도",2
"다문화",2
"다방면",2
"다음날",2
"다이빙",2
"다이오드",2
"단",2
"단가",2
"단장",2
"단축",2
"달리기",2
"담수",2
"대내외",2
"대다수",2
"대답",2
"대립",2
"대비책",2
"대사관",2
"대용",2
"대전",2
"더위",2
"델리",2
"도쿄",2
"독립",2
"독보",2
"동남아",2
"동력기",2
"동물원",2
"동반자",2
"동부증권",2
"동종",2
"동창회장",2
"동호회원",2
"두",2
"디",2
"디딤돌",2
"디자이너",2
"디지털",2
"딥",2
"땅",2
"똥",2
"뜻밖",2
"라오스",2
"러시아",2
"런닝",2
"런던",2
"레이저",2
"로드",2
"루",2
"륜",2
"리메이크",2
"리쿠르팅",2
"마스터",2
"마이너스",2
"마찰",2
"마케터",2
"마트",2
"망설임",2
"매너리즘",2
"매뉴얼",2
"매대",2
"맥파",2
"먼지",2
"메르스",2
"메신저",2
"메이커",2
"메인",2
"메일",2
"목적의식",2
"몸짓",2
"무에",2
"무용지물",2
"문가",2
"문과",2
"문법",2
"문제집",2
"미래에셋",2
"미생",2
"미식축구",2
"민간",2
"민원",2
"민족",2
"바닷바람",2
"바둑판",2
"바리",2
"바이어",2
"바코드",2
"발광",2
"발돋움",2
"발명",2
"발차기",2
"발현",2
"방어",2
"방지",2
"방황",2
"배관",2
"배구",2
"배달",2
"버튼",2
"버팀목",2
"번이",2
"법무",2
"베른",2
"베이비",2
"베이스",2
"벽",2
"벽면",2
"변환",2
"병역",2
"보관",2
"보석",2
"보직",2
"보트",2
"보호하",2
"본질",2
"부대원",2
"부부",2
"부사관",2
"부상",2
"부위",2
"부호",2
"부흥",2
"분담",2
"분대장",2
"분류",2
"분석력",2
"분포",2
"불안감",2
"붕괴",2
"브라질",2
"비극",2
"비약",2
"빗속",2
"빨간불",2
"사고방식",2
"사립고",2
"사명감",2
"사업가",2
"사업자",2
"사촌들",2
"상점",2
"새내기",2
"샌드위치",2
"생과",2
"생존",2
"생활관",2
"생활비",2
"생활양식",2
"서",2
"서동진",2
"서부",2
"서양",2
"서점",2
"서커스",2
"선거",2
"선후배",2
"설립",2
"설치",2
"섭",2
"성분명",2
"성패",2
"성황",2
"세월",2
"세제",2
"세종대왕",2
"센스",2
"셀",2
"소비력",2
"소속",2
"소속감",2
"소수자",2
"소음",2
"소지",2
"속초",2
"수련",2
"수면",2
"수상",2
"수석",2
"수익원",2
"수차례",2
"수칙",2
"숙련자",2
"숙박",2
"숙소",2
"스케쥴",2
"스파이",2
"슬로건",2
"슬립",2
"승부",2
"승인",2
"시내",2
"시련",2
"시리아",2
"시범단",2
"시약",2
"시제품",2
"시중",2
"시즌",2
"신",2
"신고",2
"신분",2
"신설",2
"신의",2
"신장병",2
"신조어",2
"실기",2
"심도",2
"심리전",2
"심전도",2
"심해저",2
"싸움",2
"아기",2
"아메리카",2
"아이슬란드",2
"아이템",2
"아카데미",2
"아트",2
"악",2
"악용",2
"악조건",2
"안무",2
"압",2
"앞바퀴",2
"애국지사",2
"애사심",2
"애자",2
"야외",2
"약소국",2
"양보",2
"양의",2
"어린",2
"어셈블리어",2
"업데이트",2
"업적",2
"업종",2
"엔화",2
"여건이",2
"여권",2
"여분",2
"여정",2
"여행자",2
"역동",2
"연구자",2
"연구회",2
"연락처",2
"연말",2
"연봉",2
"연합회",2
"열",2
"열전달",2
"영광",2
"영예",2
"예기",2
"예비",2
"예상하",2
"예술",2
"오랜만",2
"오레곤",2
"오작동",2
"오해",2
"오후",2
"옷",2
"외고",2
"요령",2
"요새",2
"용량",2
"우",2
"우물",2
"우산",2
"우유",2
"우주",2
"우측",2
"운동선수",2
"운전자",2
"울림",2
"움",2
"워터",2
"원어민",2
"원재료",2
"월마트",2
"유년",2
"유연한",2
"유연화",2
"육상",2
"은퇴",2
"음",2
"의욕",2
"이과",2
"이념",2
"이력서",2
"이로움",2
"이메일",2
"이벤트",2
"이온",2
"이용자",2
"이의",2
"이저",2
"인기상",2
"인내",2
"인문학",2
"인사이트",2
"인원",2
"인정",2
"인지도",2
"인천",2
"인턴사원",2
"일과",2
"일본어",2
"일지",2
"일환",2
"입대",2
"입맛",2
"입지",2
"자란",2
"자문",2
"자사",2
"자식",2
"자재",2
"자존감",2
"자취",2
"자타",2
"자회사",2
"작동",2
"잔류",2
"잠",2
"장남감",2
"장래",2
"장벽",2
"장애물",2
"재고량",2
"재단",2
"재질",2
"저성장",2
"저소득",2
"저장",2
"저지",2
"적정",2
"적합",2
"전기세",2
"전년",2
"전면",2
"전복",2
"전입",2
"전적",2
"절단",2
"젊은이",2
"점도",2
"점원",2
"정거장",2
"정밀",2
"정복",2
"정신력",2
"정정",2
"정확",2
"제일의",2
"제작자",2
"제차",2
"제한",2
"조건이",2
"조성",2
"조작법",2
"종합반",2
"좌절",2
"주도권",2
"주차",2
"주축",2
"중간",2
"중간고사",2
"중남미",2
"중소기업청장",2
"중심가",2
"중퇴",2
"지갑",2
"지도하",2
"지문",2
"지상전",2
"지위",2
"지장",2
"지중해",2
"지친",2
"지침서",2
"지표",2
"지하",2
"지혜",2
"직구",2
"직후",2
"진동",2
"진료비",2
"진지한",2
"질의",2
"질환",2
"착용",2
"참사",2
"창립",2
"천",2
"천안",2
"첫걸음",2
"첫날",2
"첫인상",2
"청",2
"청원",2
"체증",2
"체지방",2
"첼시",2
"초격",2
"초록",2
"총괄",2
"최",2
"최단",2
"최저",2
"추상",2
"축구팀",2
"축복",2
"축제",2
"충고",2
"충돌",2
"취약",2
"취약점",2
"취업자",2
"치열",2
"침체기",2
"카카오",2
"카카오톡",2
"카투사",2
"캔",2
"커머스",2
"컨버전스",2
"컬",2
"코닥",2
"코더",2
"코어",2
"코트라",2
"콘",2
"콘퍼런스",2
"콜",2
"큰물",2
"클래스",2
"클릭",2
"키",2
"킹",2
"타협",2
"탄력",2
"탈의실",2
"태풍",2
"토론",2
"토론토",2
"토익",2
"통계청",2
"통신사",2
"통제하",2
"퇴사",2
"트랙",2
"트랜드",2
"트랜지스터",2
"트램",2
"트럭",2
"트위터",2
"특유",2
"티로",2
"파",2
"파견",2
"파급",2
"파생",2
"파손",2
"파우더",2
"파워포인트",2
"파크",2
"파트너",2
"판",2
"판도",2
"판사",2
"판정",2
"팔방미인",2
"팝",2
"패",2
"폐강",2
"폐쇄",2
"폐수",2
"포기",2
"포장",2
"폭스",2
"표준",2
"표창",2
"품격",2
"프로토콜",2
"프리",2
"프리드먼",2
"프린팅",2
"피라미드",2
"핑계",2
"하계",2
"하늘",2
"하부",2
"학부모",2
"학식",2
"학점",2
"한",2
"한걸음",2
"한의학",2
"한인",2
"한잔",2
"한참",2
"할당",2
"할당량",2
"합창단",2
"핫이슈",2
"해고",2
"해답",2
"해지기",2
"해진",2
"핸들",2
"행사장",2
"행인",2
"헬",2
"현금",2
"현황",2
"형식",2
"형편",2
"호감",2
"홈스테이",2
"화두",2
"화장실",2
"확성기",2
"확장",2
"환",2
"환경부",2
"환율",2
"활력소",2
"회",2
"회복",2
"회사원",2
"회의",2
"횡단",2
"후회",2
"훼손",2
"휴학",2
"희생",2
"히치하이킹",2
"SK",1
"가격대",1
"가계",1
"가든",1
"가디언지",1
"가루",1
"가뭄",1
"가상현실",1
"가세",1
"가업",1
"가열",1
"가요",1
"가을",1
"가이드라인",1
"가전업계",1
"가짜",1
"가해자",1
"각인",1
"간트",1
"간편",1
"감",1
"감독",1
"감독원",1
"감량",1
"감소세",1
"강",1
"강압",1
"강원도",1
"갖가지",1
"개가",1
"개근상",1
"개발도상국",1
"개발부",1
"개발업",1
"개발원",1
"개별",1
"개선책",1
"개설",1
"개요",1
"개인사",1
"개인주의",1
"개정안",1
"개체",1
"개최",1
"개편",1
"개황",1
"객관",1
"객체",1
"거구",1
"거래량",1
"거목",1
"거스",1
"거시",1
"거실",1
"거절",1
"거지",1
"거품",1
"건강관리",1
"건수",1
"건축물",1
"걸림돌",1
"걸음",1
"검",1
"검사원",1
"검색어",1
"검정고시",1
"검증",1
"겁",1
"겨",1
"겨루기",1
"격지",1
"격투",1
"견문",1
"결단",1
"결속력",1
"결승전",1
"겸손",1
"경량",1
"경로",1
"경북",1
"경비원",1
"경산",1
"경시",1
"경쟁률",1
"경제사",1
"경제학자",1
"경주",1
"경착륙",1
"경향",1
"계급",1
"계단",1
"계산과",1
"계좌",1
"계획도",1
"고갈",1
"고개",1
"고교",1
"고덕",1
"고든",1
"고리",1
"고마움",1
"고민한",1
"고유한",1
"고이즈미",1
"고질병",1
"고집",1
"고초",1
"고취",1
"곡선",1
"곤충",1
"골목",1
"골칫거리",1
"골프공",1
"골프장",1
"곰",1
"공감",1
"공감대",1
"공격",1
"공고",1
"공과",1
"공급자",1
"공기압",1
"공단",1
"공략",1
"공론",1
"공룡",1
"공분",1
"공상",1
"공석",1
"공약",1
"공연장",1
"공인",1
"공장장",1
"공조",1
"공주사대",1
"공포감",1
"공학자",1
"과로",1
"과반",1
"과업",1
"과유불급",1
"과자",1
"과천",1
"관건",1
"관람객",1
"관리직",1
"관세",1
"관심사",1
"관악산",1
"관우",1
"관의",1
"괄목상대",1
"광",1
"광경",1
"광원",1
"괴리",1
"괴리감",1
"괴테",1
"교감",1
"교과",1
"교내외",1
"교대",1
"교양지",1
"교육부",1
"교육청",1
"교재",1
"교통량",1
"구경",1
"구독",1
"구미",1
"구상",1
"구석",1
"구성해",1
"구조설",1
"구직",1
"구출",1
"구텐베르크",1
"국도",1
"국민은행",1
"국방부",1
"국외",1
"국원",1
"국토",1
"군부대",1
"굳",1
"굴뚝",1
"굴삭기",1
"굴지",1
"귀걸이",1
"귀족",1
"규범",1
"규소",1
"규약",1
"그늘",1
"그다음",1
"그래프",1
"그래피티",1
"그래픽",1
"그랜드캐니언",1
"그램",1
"그리드",1
"그림자",1
"그자",1
"그전",1
"근교",1
"근력",1
"근로자",1
"근로자층",1
"근무자",1
"근원",1
"근육",1
"근저",1
"금메달",1
"금방",1
"금요",1
"금요일",1
"금융사",1
"금융업",1
"급성장",1
"급여",1
"긍지",1
"기념품",1
"기대",1
"기름때",1
"기부금",1
"기세",1
"기술과",1
"기습",1
"기업주",1
"기운",1
"기울기",1
"기이한",1
"기일",1
"기자재",1
"기장",1
"기저",1
"기저귀",1
"기정",1
"기정사실",1
"기준치",1
"기피증",1
"기한",1
"기호",1
"기획자",1
"긴장감",1
"길거리",1
"길이",1
"김밥",1
"김성엽",1
"깃",1
"껍데기",1
"꾸어",1
"끼",1
"나나미",1
"나노",1
"나무",1
"나무보",1
"낙천",1
"낚시",1
"난",1
"난이도",1
"난청",1
"날개",1
"날수",1
"날짜",1
"남녀노소",1
"납기",1
"납득",1
"납땜",1
"낭비",1
"낮",1
"내구",1
"내기",1
"내무반",1
"내성",1
"내실",1
"내야",1
"내역",1
"내장",1
"내전",1
"냉각",1
"냉동",1
"너머",1
"넉살",1
"네티즌",1
"녀석",1
"노광",1
"노동조합",1
"노량진",1
"노련미",1
"노킹",1
"노트북",1
"녹색",1
"녹스",1
"논",1
"논란",1
"논쟁",1
"농구",1
"농담",1
"농아",1
"농촌",1
"뇌",1
"뇌리",1
"누수",1
"눈길",1
"눈동자",1
"눈보라",1
"눈빛",1
"뉴질랜드",1
"능가",1
"니체",1
"다국적",1
"다량생산",1
"다름",1
"다리미",1
"다윗",1
"다이어리",1
"다이어트",1
"다재",1
"다중",1
"다품종",1
"닥",1
"단기간",1
"단독",1
"단둘",1
"단말기",1
"단면",1
"단시간",1
"단역",1
"단칸방",1
"단편",1
"단합",1
"달력",1
"달인",1
"담임",1
"답변",1
"답보",1
"답사",1
"답사기",1
"답장",1
"당",1
"당국",1
"당원",1
"당위",1
"당하",1
"대가",1
"대개",1
"대게",1
"대기",1
"대내",1
"대대적",1
"대등",1
"대략",1
"대로",1
"대리점",1
"대면",1
"대명사",1
"대변",1
"대본",1
"대북",1
"대수",1
"대역폭",1
"대우",1
"대의",1
"대입",1
"대전시",1
"대조",1
"대통령",1
"대피",1
"대학인",1
"대한",1
"대한항공",1
"대행",1
"대형마",1
"댓글",1
"덕이",1
"데뷔",1
"도구",1
"도금",1
"도래",1
"도매상",1
"도미노",1
"도선",1
"도약판",1
"도적",1
"도착",1
"도해",1
"도화선",1
"독립군",1
"독립심",1
"돌고래",1
"돌멩이",1
"돌이",1
"돌파",1
"동",1
"동그라미",1
"동력원",1
"동맹",1
"동물",1
"동양인",1
"동원증권",1
"동의",1
"동해",1
"동화",1
"두산",1
"뒷받침",1
"뒷사람",1
"드라이기",1
"드라이버",1
"드럼",1
"득보",1
"등교",1
"등록",1
"등수",1
"등장",1
"디맨드",1
"디스",1
"디스크",1
"디젤",1
"디테일",1
"디트로이트",1
"딕",1
"따이한",1
"땅콩",1
"떨림",1
"떼",1
"뚜껑",1
"뚝심",1
"뛰기",1
"라이",1
"라이브러리",1
"라이프",1
"래커",1
"랜드",1
"램프",1
"랭크",1
"레슨",1
"레이아웃",1
"로드맵",1
"로만",1
"로버트",1
"로열티",1
"로체스터",1
"로컬",1
"로켓",1
"로테이션",1
"로프",1
"롤",1
"롤플레잉",1
"롯데",1
"루게릭",1
"루나",1
"룸메이트",1
"르노삼성자동차",1
"리간드",1
"리모컨",1
"리서치",1
"리액션",1
"리튬",1
"릴레이",1
"립스",1
"링",1
"마가",1
"마련",1
"마루",1
"마우",1
"마이크로소프트",1
"마이크론",1
"마이클",1
"마켓",1
"마크",1
"마포대교",1
"막걸리",1
"막노동",1
"만나",1
"만료",1
"만행",1
"말단",1
"말미",1
"말자",1
"망의",1
"맡",1
"매개체",1
"매매",1
"매쉬",1
"매스",1
"매월",1
"맥락",1
"맥박",1
"맹목",1
"맹인",1
"맹점",1
"먼저",1
"멀티미디어",1
"멍",1
"메",1
"메스",1
"메이저",1
"메카트로닉스",1
"멕시코",1
"멘트",1
"면담",1
"면모",1
"면제",1
"면허",1
"명단",1
"명당",1
"명령",1
"명상",1
"명성",1
"명세서",1
"명실상부",1
"명언",1
"명에",1
"명예",1
"명예퇴직",1
"명칭",1
"모국",1
"모양",1
"모토",1
"모형",1
"목걸이",1
"몬스터",1
"몰락",1
"못",1
"무게",1
"무역관",1
"무장",1
"무지",1
"문명",1
"문물",1
"물가",1
"물결",1
"물고",1
"물고기",1
"물꼬",1
"물놀이",1
"물리",1
"물산",1
"물성",1
"물집",1
"뮤지컬",1
"미니",1
"미니어처",1
"미세",1
"미술",1
"미술관",1
"미시",1
"미연",1
"미학",1
"믹스",1
"민간인",1
"밀착",1
"밀턴",1
"바겐",1
"바닷물",1
"바르샤바",1
"바이",1
"바인더",1
"바퀴",1
"박근혜",1
"박물관",1
"박수",1
"박스",1
"박애주의",1
"박차",1
"반년",1
"반려",1
"반면교사",1
"반발",1
"반열",1
"반지",1
"반함",1
"발걸음",1
"발굴",1
"발령",1
"발명품",1
"발목",1
"발밑",1
"발언",1
"발전도",1
"발제",1
"발판",1
"발품",1
"발효",1
"발휘",1
"밤길",1
"밤낮",1
"밤새",1
"방글라데시",1
"방위",1
"방음",1
"방정식",1
"방중",1
"방진",1
"방침",1
"방패",1
"방패막이",1
"배부",1
"배송",1
"배열",1
"배율",1
"배출",1
"배치",1
"배트",1
"백분율",1
"백인",1
"백혈병",1
"버그",1
"버블",1
"버핏",1
"번거로움",1
"번화가",1
"벌",1
"범",1
"범용",1
"범주",1
"법규",1
"법률",1
"법인",1
"법적",1
"법제",1
"베네딕트",1
"베인",1
"베타",1
"벤처",1
"벤터",1
"벨브",1
"벨트",1
"벼룩시장",1
"변동성",1
"변수",1
"변형",1
"변호사",1
"병목",1
"보고",1
"보쉬",1
"보안관",1
"보완",1
"보조원",1
"보조인",1
"보증",1
"보컬",1
"복귀",1
"복부",1
"복수",1
"복용",1
"복지국장",1
"복지원",1
"본보기",1
"본선",1
"본성",1
"본연",1
"볼링",1
"부끄러움",1
"부담보",1
"부도",1
"부력",1
"부산",1
"부실기업",1
"부실장",1
"부양",1
"부채",1
"부천",1
"부통령",1
"부피",1
"북경",1
"북유럽",1
"분량",1
"분배",1
"분별",1
"분업",1
"분자",1
"분쟁",1
"분포도",1
"분해",1
"불고",1
"불고기",1
"불규칙",1
"불길",1
"불꽃",1
"불성",1
"불신",1
"불어",1
"불철주야",1
"불평불만",1
"불협화음",1
"불화",1
"붐",1
"뷔페",1
"브레인스토밍",1
"브로드",1
"블레이드",1
"블루",1
"비관",1
"비교",1
"비난",1
"비누",1
"비방",1
"비운",1
"비판",1
"비행기",1
"비행시간",1
"빈도",1
"빈부",1
"빌보드",1
"빗줄기",1
"뼈대",1
"뿌리",1
"사거리",1
"사교",1
"사교육",1
"사드",1
"사리",1
"사망",1
"사망자",1
"사무국장",1
"사범",1
"사범대생",1
"사별",1
"사분",1
"사상",1
"사업주",1
"사업지",1
"사업체",1
"사용량",1
"사우디아라비아",1
"사유",1
"사이사이",1
"사적",1
"사찰",1
"사치품",1
"사흘",1
"삭감",1
"삭제",1
"산골",1
"산물",1
"산소",1
"산업군",1
"산업체",1
"산유국",1
"산책",1
"산티아고",1
"살",1
"살기",1
"살리기",1
"살림",1
"살인",1
"삼겹살",1
"삼기",1
"삼례",1
"삼림",1
"삼성반도체",1
"삼성엔지니어링",1
"삼투압",1
"상경대",1
"상관관계",1
"상당",1
"상대국",1
"상반기",1
"상봉",1
"상부",1
"상비군",1
"상상도",1
"상선",1
"상속",1
"상압",1
"상책",1
"상추",1
"상품대",1
"상화",1
"상환",1
"새",1
"새벽녘",1
"색",1
"색깔",1
"생계",1
"생산력",1
"생산일",1
"생산자",1
"생애",1
"생활수준",1
"샤넬",1
"샤오",1
"샤워실",1
"샤프",1
"서기",1
"서약",1
"서울대",1
"서울시",1
"서정한",1
"석탄",1
"선비",1
"선제",1
"선포식",1
"선형",1
"선호도",1
"설날",1
"설악산",1
"섬유",1
"섭씨",1
"성과급",1
"성금",1
"성범죄",1
"성별",1
"성장기",1
"성장도",1
"성장사",1
"성주",1
"성주군",1
"성직자",1
"세간",1
"세대교체",1
"세동",1
"세무",1
"세상만사",1
"세스",1
"세일즈맨",1
"세차",1
"세컨드",1
"세탁",1
"세탁기",1
"세터",1
"센터장",1
"셔츠",1
"소개서",1
"소견",1
"소녀",1
"소년",1
"소대장",1
"소량",1
"소록도",1
"소망",1
"소매상",1
"소모",1
"소방서",1
"소사",1
"소설",1
"소송",1
"소수",1
"소신",1
"소싱",1
"소요",1
"소유물",1
"소장",1
"소폭",1
"소품",1
"소행",1
"속력",1
"속성",1
"손권",1
"손도",1
"손상",1
"손익",1
"손재주",1
"손톱",1
"손해일",1
"솔라",1
"솔선수범",1
"쇼어",1
"수간",1
"수고",1
"수급",1
"수레",1
"수로",1
"수료",1
"수립",1
"수불",1
"수색",1
"수송",1
"수습",1
"수시",1
"수신",1
"수신호",1
"수영장",1
"수요량",1
"수요일",1
"수용",1
"수용자",1
"수원",1
"수위",1
"수입사",1
"수작업",1
"수저",1
"수정",1
"수정사",1
"수조",1
"수준급",1
"수지",1
"수직",1
"수질",1
"수출국",1
"수트",1
"수포",1
"숙련도",1
"숙지",1
"순발력",1
"순수",1
"순식간",1
"순조",1
"순차",1
"순천",1
"술집",1
"쉬",1
"슈퍼컴퓨터",1
"스마일",1
"스케일",1
"스쿠버",1
"스크린",1
"스키",1
"스타벅스",1
"스타일",1
"스탠퍼드",1
"스텝",1
"스토리지",1
"스토리텔러",1
"스토밍",1
"스티븐",1
"스프레이",1
"습기",1
"습도계",1
"승강기",1
"승계",1
"승무원",1
"승인하",1
"승자",1
"승진",1
"승화",1
"시골",1
"시그널",1
"시드니",1
"시럽",1
"시름",1
"시리즈",1
"시발점",1
"시스코",1
"시안",1
"시오노",1
"시일",1
"시정",1
"시큐리티",1
"시험장",1
"식료품",1
"식의",1
"식품",1
"신간",1
"신경망",1
"신뢰감",1
"신병",1
"신성",1
"신세대",1
"신수종",1
"신식",1
"신약",1
"신예",1
"신용",1
"신인상",1
"신재생",1
"신촌",1
"신흥",1
"실물",1
"실습장",1
"실업자",1
"실외",1
"실장",1
"실정",1
"실천력",1
"실효",1
"심박",1
"심신",1
"심장병",1
"심폐",1
"심화",1
"쓰레기",1
"아들",1
"아르",1
"아르헨티나",1
"아버지이",1
"아우",1
"아이라",1
"아일랜드",1
"아주머니",1
"아키",1
"아키텍처",1
"악기",1
"악순환",1
"악영향",1
"악의",1
"악필",1
"안건",1
"안경집",1
"안내",1
"안동대학",1
"안성맞춤",1
"안식처",1
"안심",1
"안위",1
"안전벨트",1
"안전시설",1
"알린",1
"알바",1
"암묵",1
"압력",1
"압박감",1
"애교",1
"애니콜",1
"액세서리",1
"앤젤",1
"앰배서더",1
"앵글",1
"야간작업",1
"야구장",1
"야근",1
"야인",1
"야채",1
"야후",1
"약국",1
"약세",1
"양로원",1
"양말",1
"양면",1
"양발",1
"양분",1
"양심",1
"양질",1
"양해",1
"어제",1
"어학원",1
"언행",1
"얼떨결",1
"얼음",1
"엄마",1
"업고",1
"업무부",1
"업소",1
"에도",1
"에버랜드",1
"에스",1
"에스원",1
"에일",1
"엑스레이",1
"엑스포",1
"엔진",1
"엘리시움",1
"여객선",1
"여럿",1
"여사원",1
"여수",1
"여야",1
"여진",1
"여파",1
"여학생",1
"역사상",1
"역설",1
"역주",1
"역지사지",1
"역풍",1
"연",1
"연결로",1
"연극",1
"연극사",1
"연기자",1
"연료",1
"연방",1
"연수",1
"연습기",1
"연습량",1
"연습실",1
"연장선",1
"연중무휴",1
"연차",1
"연필",1
"열사",1
"열역학",1
"열외",1
"열혈",1
"열효율",1
"영문",1
"영양분",1
"영업력",1
"영업시간",1
"영재",1
"예매",1
"예술제",1
"예시",1
"예약",1
"예외",1
"예제",1
"오나라",1
"오답",1
"오렌지",1
"오바",1
"오상",1
"오스본",1
"오토",1
"오퍼레이터",1
"오피스",1
"옥고",1
"옥스퍼드대",1
"온난",1
"온도계",1
"온정",1
"올림피아드",1
"옴니",1
"완료",1
"완벽",1
"완성도",1
"완장",1
"완치",1
"완판",1
"왕이",1
"외곽",1
"외관",1
"외래",1
"외벽",1
"외출",1
"외향",1
"요금",1
"요나",1
"요리사",1
"요식업",1
"요약",1
"요양원",1
"욕구",1
"욕설",1
"용돈",1
"용서",1
"용자",1
"우드",1
"우리말",1
"우슈",1
"우정",1
"우호",1
"운반선",1
"워렌",1
"워치",1
"원곡",1
"원두",1
"원본",1
"원상",1
"원상태",1
"원서",1
"원시",1
"원의",1
"원자재",1
"원점",1
"월급",1
"월드",1
"월드컵",1
"월스트리트저널",1
"웨어",1
"웨이퍼",1
"위로",1
"위배",1
"위안",1
"위축",1
"위층",1
"유공",1
"유관순",1
"유동",1
"유래",1
"유리",1
"유명인",1
"유발",1
"유비쿼터스",1
"유숙",1
"유연성",1
"유조선",1
"유치",1
"유치원",1
"유쾌하",1
"유형",1
"유혹",1
"육체",1
"육체노동",1
"윤택",1
"은단",1
"은상",1
"은연중",1
"음란물",1
"음식점",1
"음원",1
"음주",1
"응대",1
"의경",1
"의구심",1
"의논",1
"의무감",1
"의상",1
"의의",1
"의자",1
"의장",1
"의장도",1
"의혹",1
"이건희",1
"이견",1
"이고",1
"이기주의",1
"이동한",1
"이득",1
"이듬해",1
"이라크",1
"이력",1
"이론지",1
"이룸",1
"이리듐",1
"이모부",1
"이목",1
"이바지",1
"이병철",1
"이보",1
"이불",1
"이브",1
"이사회",1
"이산가족",1
"이색",1
"이순신",1
"이승엽",1
"이온화",1
"이직",1
"이탈",1
"이탈리아",1
"이행",1
"익명",1
"익스체인지",1
"인가",1
"인격체",1
"인공위성",1
"인구",1
"인권",1
"인근",1
"인도학",1
"인명",1
"인문",1
"인쇄",1
"인슐린",1
"인위",1
"인의",1
"인제",1
"인종",1
"인지",1
"인천광역시",1
"인터네셔널",1
"인터페이스",1
"인포테인먼트",1
"인하",1
"인화력",1
"일각",1
"일관",1
"일괄",1
"일말",1
"일방",1
"일선",1
"일쑤",1
"일어",1
"일의",1
"일점",1
"일제",1
"일체",1
"임기",1
"임팩트",1
"입",1
"입고",1
"입국",1
"입법",1
"입상",1
"입시",1
"입찰",1
"자갈",1
"자괴감",1
"자국",1
"자궁암",1
"자금력",1
"자긍심",1
"자기장",1
"자녀",1
"자도",1
"자동차업",1
"자라",1
"자립심",1
"자만심",1
"자매",1
"자매결연",1
"자모",1
"자문회",1
"자바",1
"자발",1
"자본",1
"자본주의",1
"자생력",1
"자소",1
"자양분",1
"자연현상",1
"자영업",1
"자존심",1
"자취방",1
"자치",1
"자퇴",1
"자판",1
"자형",1
"작가",1
"작고",1
"작금",1
"작업장",1
"작용",1
"작전",1
"잔업",1
"잘잘못",1
"잠금장치",1
"잠꼬대",1
"잠식",1
"잠재력",1
"잡기",1
"장갑",1
"장기간",1
"장난감",1
"장년",1
"장려",1
"장려상",1
"장롱",1
"장맛비",1
"장사",1
"장수",1
"장악력",1
"장영실",1
"장의",1
"장이",1
"장학,기회",1
"재",1
"재검",1
"재난",1
"재벌",1
"재판",1
"재학",1
"재화",1
"재활",1
"쟁점",1
"저력",1
"저장기",1
"저조",1
"저탄소",1
"적금",1
"적기",1
"적십자",1
"적재적소",1
"적지",1
"전거",1
"전기학",1
"전단지",1
"전라남도",1
"전례",1
"전문점",1
"전방",1
"전보",1
"전선",1
"전수",1
"전술",1
"전신",1
"전압",1
"전원",1
"전임",1
"전자공",1
"전자기",1
"전자전",1
"전쟁터",1
"전투",1
"전해",1
"절망",1
"절반가량",1
"절상",1
"절제",1
"절충점",1
"절호",1
"점령",1
"접근법",1
"접수",1
"접촉",1
"젓가락",1
"정국원",1
"정답",1
"정독",1
"정량",1
"정밀도",1
"정복민",1
"정부군",1
"정비업",1
"정서",1
"정유",1
"정육",1
"정의",1
"정작",1
"정제",1
"정지",1
"정체기",1
"정하진",1
"정화",1
"정황",1
"제거기",1
"제곱",1
"제노바",1
"제스",1
"제시",1
"제안서",1
"제일모직",1
"제자리걸음",1
"제작사",1
"제조사",1
"제철",1
"제휴사",1
"젠더",1
"조국",1
"조기",1
"조력자",1
"조명",1
"조선업",1
"조선해",1
"조율",1
"조작",1
"조카",1
"조합원",1
"조해성",1
"조회",1
"존폐",1
"좀비",1
"종",1
"종료",1
"종속",1
"종업원",1
"종일",1
"좌표",1
"주가",1
"주간",1
"주니어",1
"주력",1
"주류",1
"주립대",1
"주먹구구식",1
"주문량",1
"주스",1
"주식",1
"주원인",1
"주입",1
"주장",1
"주저",1
"주전",1
"주커",1
"주특기",1
"주한",1
"죽음",1
"준공",1
"줄",1
"줄임말",1
"줌",1
"중단",1
"중등학교",1
"중상위",1
"중소",1
"중의",1
"중인",1
"중재하",1
"중저가",1
"중화",1
"중화사상",1
"쥐구멍",1
"즉석식품",1
"증발",1
"증상",1
"증설",1
"증식",1
"증인",1
"지경",1
"지고",1
"지구력",1
"지구촌",1
"지난날",1
"지난달",1
"지난여름",1
"지난주",1
"지날",1
"지대",1
"지도자",1
"지라",1
"지략",1
"지배하",1
"지불",1
"지역인",1
"지원금",1
"지원서",1
"지정한",1
"지지",1
"지지부진",1
"지필",1
"지하실",1
"직간접",1
"직관",1
"직급",1
"직면",1
"직성",1
"직업윤리",1
"직전",1
"진가",1
"진단",1
"진리",1
"진압",1
"진열장",1
"진통",1
"진화",1
"진흥",1
"질서",1
"질의응답",1
"집념",1
"집회",1
"징후",1
"찜",1
"차기",1
"차별점",1
"차트",1
"차하",1
"찬사",1
"찬성",1
"찰나",1
"참변",1
"참여율",1
"창",1
"창녀",1
"창작지",1
"창조력",1
"채널",1
"챌린저",1
"처리장",1
"천문학",1
"천변",1
"천재",1
"철수하",1
"철쭉제",1
"철칙",1
"첫번",1
"청각",1
"청강",1
"청결",1
"청나라",1
"청량음료",1
"청천벽력",1
"청춘",1
"체공",1
"체니",1
"체류비",1
"체스",1
"체인",1
"체중",1
"체크",1
"체형",1
"초급",1
"초석",1
"초심",1
"초청",1
"촉망",1
"촉진",1
"촛불",1
"총리",1
"총학생회장",1
"촬영기",1
"최민식",1
"최종인",1
"최창환",1
"추계",1
"추석",1
"추월",1
"추자도",1
"추정",1
"축구부",1
"축소판",1
"출력",1
"출신자",1
"출연",1
"출원",1
"출전",1
"출퇴근",1
"출판사",1
"취급",1
"취향",1
"측위",1
"치",1
"치료",1
"치의",1
"치킨",1
"칙",1
"친숙",1
"친척",1
"침대",1
"침몰",1
"칭송",1
"카누",1
"카를",1
"카를로스",1
"카세트",1
"카야",1
"카운터",1
"카타르",1
"카테고리",1
"카피",1
"칵테일",1
"칸",1
"칼럼",1
"칼리",1
"캐릭터",1
"캐치",1
"캐피털",1
"캘리포니아",1
"캠",1
"캣",1
"컨설턴트",1
"컨소시엄",1
"컨테이너선",1
"컬처",1
"컵",1
"케이",1
"케이스",1
"케이크",1
"코리아",1
"코엑스",1
"코치",1
"코칭",1
"콘센트",1
"콘테스트",1
"콜라",1
"콜택시",1
"쾌거",1
"퀄컴",1
"큐",1
"크레인",1
"크리스마스",1
"큰돈",1
"클로",1
"클로라이드",1
"키보드",1
"키즈",1
"타",1
"타국",1
"타깃",1
"타당",1
"타부",1
"타이어",1
"타임스지",1
"타자",1
"타지방",1
"탁상",1
"탄소",1
"태반",1
"태백산맥",1
"터",1
"터득",1
"터빈",1
"터전",1
"터치",1
"터키",1
"테마파크",1
"테이블",1
"테이크",1
"텐",1
"텐트",1
"텔레",1
"토끼",1
"토닉",1
"톰",1
"통계학",1
"통신문",1
"통신업",1
"통행",1
"퇴직자",1
"투고",1
"투명",1
"투병",1
"투스",1
"투입",1
"투자가",1
"투쟁",1
"튜브",1
"트라우마",1
"트레이딩",1
"특강",1
"특권",1
"특례",1
"특선",1
"특수선",1
"특이",1
"특전",1
"특허청",1
"틀림",1
"틀이",1
"틈새시장",1
"티비",1
"팁",1
"파괴",1
"파급력",1
"파벨",1
"파워",1
"파주",1
"파편",1
"판교",1
"판넬",1
"판매자",1
"판촉",1
"팔로우",1
"팔찌",1
"패닉",1
"패자",1
"팩토리",1
"퍼스트",1
"펄프",1
"페어퍼",1
"펙",1
"편",1
"편익",1
"편중",1
"편향",1
"평일",1
"평점",1
"평지",1
"폐렴",1
"폐문",1
"폐습",1
"폐업",1
"포",1
"포기자",1
"포상",1
"포스코",1
"포지셔닝",1
"포착",1
"포항",1
"폭포수",1
"폴리",1
"표",1
"표기",1
"표본",1
"표시",1
"표준화",1
"풀기",1
"풀이",1
"품새",1
"품위",1
"품종",1
"풍로",1
"프라이버시",1
"프런트",1
"프레",1
"프레이",1
"프레임",1
"프레지",1
"프로그래머",1
"프로젝터",1
"플래시",1
"플랜",1
"플립",1
"피검사",1
"피로",1
"피해자",1
"핀란드",1
"핏",1
"하급",1
"하나라",1
"하나쯤",1
"하모니",1
"하소연",1
"하이닉스",1
"하차",1
"학계",1
"학과목",1
"학구열",1
"학도",1
"학문인",1
"학비",1
"학생과",1
"학제",1
"한국군",1
"한국마사회",1
"한국식",1
"한국타이어",1
"한국투자증권",1
"한눈",1
"한때",1
"한라",1
"한라산",1
"한센병",1
"한양대생",1
"한은",1
"한자",1
"한자리",1
"한주",1
"한해",1
"할인",1
"함평",1
"합작",1
"합종연횡",1
"합주",1
"항공권",1
"해결력",1
"해결사",1
"해달",1
"해명",1
"해석력",1
"해수",1
"해수욕장",1
"해안",1
"해지",1
"행위",1
"향",1
"허락",1
"허벅지",1
"허사",1
"허울",1
"헌혈",1
"헤드라인",1
"헤드헌팅",1
"헬스장",1
"현대중공업",1
"현대차",1
"현상인",1
"현업",1
"현지화",1
"현직",1
"현행법",1
"혈압",1
"혐의",1
"협공",1
"협동심",1
"협력사",1
"협박",1
"협찬",1
"형사",1
"형세",1
"형인",1
"호가",1
"호떡",1
"호킹",1
"호텔",1
"호퍼",1
"호흡기",1
"혹평",1
"홈런",1
"홍보물",1
"홍보성",1
"화장품",1
"화전",1
"화질",1
"화형식",1
"확산",1
"환불",1
"환산",1
"활기",1
"활력",1
"활용법",1
"황의",1
"황제",1
"회관",1
"회비",1
"회사명",1
"회식",1
"회원",1
"회의감",1
"회의실",1
"회항",1
"획",1
"획득",1
"효",1
"후기",1
"후년",1
"후보",1
"후원",1
"후원자",1
"휠체어",1
"휴가",1
"휴먼",1
"휴식",1
"휴일",1
"흑인",1
"흑자",1
"흥분",1
"흥해",1
"희생정신",1
"히치하이커",1
