"splt_sk","Freq"
"경험",346
"사람",261
"목표",256
"업무",256
"SK",254
"고객",242
"팀",230
"동아리",213
"프로젝트",212
"문제",198
"팀원",178
"생각",177
"학생",163
"후",160
"결",139
"처음",126
"방법",122
"기술",119
"대회",119
"수업",119
"결과",118
"활동",117
"저의",116
"지식",113
"회사",112
"개발",110
"공정",109
"노력",107
"친구",104
"상황",103
"정보",103
"부분",98
"시장",98
"서비스",97
"전공",97
"과정",96
"기업",96
"의견",91
"바탕",90
"인턴",90
"분야",89
"능력",88
"기존",87
"제품",87
"사업",86
"마케팅",85
"영업",85
"프로그램",85
"하이닉스",85
"설계",84
"점",84
"방식",83
"도전",82
"효율",81
"열정",80
"데이터",79
"반도체",79
"서로",79
"앞",79
"당시",78
"도움",78
"분석",78
"자료",78
"관리",77
"공부",75
"역할",75
"학년",75
"이후",74
"선배",73
"역량",73
"함",71
"책임감",70
"아이디어",69
"영어",69
"계획",68
"성공",68
"생활",67
"마음",66
"연구",66
"개인",65
"발표",65
"학교",65
"관심",64
"기회",64
"환경",64
"어려움",62
"과제",60
"학기",60
"공학",59
"조직",59
"정도",58
"대학",57
"관련",56
"소통",56
"교수",55
"기간",55
"시험",55
"문제점",54
"변화",54
"조사",54
"통신",54
"동기",53
"실험",53
"자동차",53
"직무",53
"산업",52
"아르바이트",52
"준비",52
"과목",51
"사원",51
"시절",51
"모임",50
"연습",50
"기본",49
"내용",49
"신입",48
"전",48
"교육",47
"발전",47
"성적",47
"개선",46
"구성원",46
"기능",46
"인재",46
"주제",46
"지금",46
"해결",46
"문화",45
"성과",45
"스스로",45
"최고",45
"현장",45
"경우",44
"기획",44
"끝",44
"시스템",44
"창의",44
"행사",44
"말",43
"품질",43
"상품",42
"제작",42
"효과",42
"부서",41
"엔지니어",41
"이유",41
"적극적",41
"가치",40
"데",40
"서버",40
"곳",39
"대학교",39
"전략",39
"직원",39
"처리",39
"하루",39
"회원",39
"군대",38
"자신감",38
"지원",38
"팀장",38
"홍보",38
"기초",37
"모습",37
"부모",37
"인터넷",37
"중요",37
"소비자",36
"소속감",36
"한국",36
"회장",36
"강의",35
"고민",35
"그것",35
"대하",35
"보고서",35
"상",35
"성장",35
"실제",35
"위",35
"이해",35
"입사",35
"교환",34
"대부분",34
"동료",34
"마지막",34
"진행",34
"축제",34
"향상",34
"화학",34
"회의",34
"공동",33
"방안",33
"성격",33
"성취감",33
"수",33
"언어",33
"체계",33
"평소",33
"긍정",32
"단계",32
"봉사",32
"운영",32
"자세",32
"주변",32
"중고차",32
"중국",32
"구조",31
"매출",31
"미래",31
"방향",31
"이론",31
"전체",31
"가능",30
"계기",30
"관계",30
"네트워크",30
"만족",30
"생산",30
"속",30
"위기",30
"최종",30
"특성",30
"하기",30
"해당",30
"갈등",29
"군",29
"규모",29
"세계",29
"소재",29
"업체",29
"원",29
"전문",29
"최선",29
"텔레콤",29
"학부",29
"흥미",29
"가격",28
"경제",28
"교내",28
"근무",28
"분",28
"일정",28
"재료",28
"전문가",28
"졸업",28
"책",28
"컴퓨터",28
"팀워크",28
"파트",28
"경영",27
"공연",27
"뒤",27
"사용자",27
"쇼핑몰",27
"시",27
"실력",27
"원인",27
"점수",27
"파일",27
"혁신",27
"공모전",26
"달",26
"사이트",26
"사장",26
"시작",26
"신뢰",26
"안",26
"앱",26
"예산",26
"장비",26
"지속",26
"필요",26
"해외",26
"후에",26
"동시",25
"메뉴",25
"방학",25
"사회",25
"상태",25
"솔루션",25
"지역",25
"간의",24
"미국",24
"분위기",24
"실무",24
"입장",24
"자격증",24
"체력",24
"최적",24
"토대",24
"판단",24
"경쟁력",23
"목적",23
"사고",23
"사실",23
"손",23
"차이",23
"참여",23
"평가",23
"핵심",23
"검색",22
"게임",22
"구체",22
"눈",22
"단원",22
"사항",22
"선생",22
"센서",22
"습관",22
"실천",22
"우수",22
"운동",22
"위치",22
"조건",22
"코드",22
"토론",22
"학원",22
"해",22
"힘",22
"고등학교",21
"매장",21
"분자",21
"속도",21
"순간",21
"엔카",21
"여행",21
"영화",21
"웹",21
"정리",21
"정신",21
"증가",21
"책임",21
"판매",21
"학업",21
"한계",21
"관점",20
"구매",20
"국제",20
"기사",20
"대화",20
"부품",20
"상대방",20
"선택",20
"세",20
"안전",20
"영향",20
"음식",20
"이야기",20
"인원",20
"조원",20
"중심",20
"차별",20
"협업",20
"회로",20
"간",19
"그동안",19
"기계",19
"기준",19
"단체",19
"대신",19
"덕분",19
"두려움",19
"모바일",19
"반응",19
"부",19
"불만",19
"사례",19
"손님",19
"수영",19
"시도",19
"야구",19
"이전",19
"작업",19
"장점",19
"주말",19
"직",19
"최근",19
"투자",19
"특허",19
"피드백",19
"합리",19
"현실",19
"협력",19
"후배",19
"가장",18
"경기",18
"광고",18
"기기",18
"내",18
"달성",18
"도중",18
"라인",18
"배려",18
"사용",18
"수준",18
"여름",18
"연주회",18
"의지",18
"제조",18
"집",18
"행동",18
"객관적",17
"국내",17
"글로벌",17
"명",17
"밤",17
"보",17
"비용",17
"빅",17
"상대",17
"서울",17
"실습",17
"연락",17
"웍스",17
"장소",17
"전기",17
"조언",17
"지도",17
"캠페인",17
"커뮤니케이션",17
"트렌드",17
"티",17
"학습",17
"학점",17
"학회",17
"해결책",17
"현재",17
"결정",16
"네트",16
"대학생",16
"덕",16
"모델",16
"몸",16
"물건",16
"변수",16
"보안",16
"식당",16
"실패",16
"애플리케이션",16
"연구원",16
"연주자",16
"오차",16
"온도",16
"의사소통",16
"의식",16
"인턴십",16
"일주일",16
"틀",16
"피아노",16
"훈련",16
"가게",15
"가족",15
"강점",15
"개발자",15
"결과물",15
"경영학",15
"교류",15
"구성하",15
"구현",15
"국가",15
"기반",15
"농구",15
"담당",15
"대상",15
"마인드",15
"모터",15
"문서",15
"물류",15
"배달",15
"부족",15
"소프트웨어",15
"수행",15
"신청",15
"실수",15
"약속",15
"연구실",15
"원리",15
"의미",15
"인식",15
"자전거",15
"장애인",15
"전환",15
"제게",15
"취업",15
"패",15
"히",15
"가지",14
"공",14
"규칙",14
"논문",14
"단장",14
"리더",14
"말씀",14
"메모리",14
"미팅",14
"반",14
"방문",14
"삶",14
"상담",14
"선",14
"선정",14
"설비",14
"수익",14
"스트레스",14
"에너지",14
"요인",14
"이익",14
"자금",14
"자리",14
"작년",14
"제공",14
"제안",14
"차",14
"콘텐츠",14
"클라우드",14
"테니스",14
"평",14
"포트",14
"필름",14
"학",14
"결론",13
"공유",13
"꿈",13
"날",13
"내부",13
"니즈",13
"대안",13
"대외",13
"메시지",13
"무대",13
"무역",13
"버튼",13
"법",13
"사물",13
"수상",13
"술",13
"아침",13
"애착",13
"열린",13
"외국인",13
"요구",13
"요리",13
"이로",13
"인상",13
"인생",13
"재고",13
"적응",13
"전화",13
"정해진",13
"질문",13
"최초",13
"추가",13
"축구",13
"텔링",13
"퇴근",13
"페이지",13
"포스터",13
"프로그래밍",13
"확신",13
"구성",12
"길",12
"대처",12
"대표",12
"도",12
"만족도",12
"메일",12
"박스",12
"부담",12
"설득",12
"설문",12
"센터",12
"시기",12
"실적",12
"업계",12
"영상",12
"음악",12
"이외",12
"일반",12
"일원",12
"장난감",12
"장애",12
"재무",12
"전력",12
"전송",12
"조명",12
"주도",12
"지인",12
"진심",12
"차량",12
"채널",12
"체중",12
"테스트",12
"파",12
"감량",11
"기억",11
"끈기",11
"누군가",11
"단",11
"돈",11
"모듈",11
"목",11
"방",11
"배",11
"번의",11
"병",11
"병사",11
"보상",11
"상승",11
"서적",11
"성",11
"성향",11
"세대",11
"소스",11
"순서",11
"외부",11
"유럽",11
"유지",11
"의족",11
"이름",11
"이슈",11
"임",11
"임무",11
"자연",11
"자체",11
"작품",11
"전국",11
"접근",11
"조교",11
"중국어",11
"추억",11
"추천",11
"측면",11
"패턴",11
"프로세스",11
"필수",11
"현지",11
"활성",11
"가치관",10
"값",10
"계약",10
"공간",10
"극대",10
"나라",10
"난관",10
"남자",10
"단위",10
"단점",10
"당일",10
"데이터베이스",10
"동영상",10
"디자인",10
"로봇",10
"맛",10
"매뉴얼",10
"매니저",10
"메모",10
"복무",10
"부스",10
"분석력",10
"브랜드",10
"사이",10
"선수",10
"설정",10
"수강",10
"수정",10
"시너지",10
"시뮬레이션",10
"시설",10
"실",10
"실질",10
"실현",10
"심사",10
"아버지",10
"예선",10
"완성",10
"요소",10
"의사",10
"일도",10
"장학금",10
"정기",10
"조장",10
"주",10
"주인",10
"중간",10
"즐거움",10
"지표",10
"차세대",10
"첫날",10
"초기",10
"최신",10
"출전",10
"친목",10
"칭찬",10
"코딩",10
"키",10
"키워드",10
"통찰력",10
"편의",10
"평생",10
"플랜트",10
"햄스터",10
"확보",10
"회화",10
"후임",10
"흐름",10
"가입",9
"개별",9
"고생",9
"교통",9
"구축",9
"그래프",9
"기대",9
"나머지",9
"노하우",9
"독일",9
"러닝",9
"링",9
"마케터",9
"만",9
"멘토",9
"물질",9
"물품",9
"발상",9
"배경",9
"번호",9
"본선",9
"사업부",9
"생",9
"선후배",9
"수도",9
"수율",9
"스터디",9
"시대",9
"시야",9
"신문",9
"아래",9
"애정",9
"온라인",9
"올해",9
"외국",9
"요청",9
"우수한",9
"유저",9
"인력",9
"인사",9
"인터페이스",9
"인프라",9
"일부",9
"일상",9
"일의",9
"입학",9
"작성",9
"잡지",9
"저녁",9
"제대",9
"제한",9
"조절",9
"종합",9
"참가",9
"참석하",9
"초점",9
"캠프",9
"토익",9
"파티",9
"편집",9
"평일",9
"플립",9
"학생회",9
"학우",9
"합창",9
"행복",9
"헌신",9
"형태",9
"가스",8
"겨울",8
"경쟁",8
"계산",8
"공장",8
"구동",8
"그중",8
"금액",8
"깨달음",8
"낙하산",8
"남아",8
"대비",8
"듣기",8
"뜻",8
"량",8
"리듬",8
"마음가짐",8
"모집",8
"목소리",8
"뭐",8
"민원인",8
"바우처",8
"반복",8
"배치",8
"보증",8
"복수",8
"볼",8
"부여",8
"블로그",8
"비즈니스",8
"산",8
"생산량",8
"성실",8
"세부",8
"세상",8
"소대",8
"소리",8
"소식",8
"수요",8
"수집",8
"스노보드",8
"스마트폰",8
"스태프",8
"실행",8
"양",8
"어머니",8
"어플리케이션",8
"연수",8
"용돈",8
"용액",8
"유학",8
"은",8
"인식하",8
"입상",8
"자유",8
"작동",8
"장",8
"적응력",8
"전반",8
"전시회",8
"제도",8
"종류",8
"주문",8
"주장",8
"주최",8
"증진",8
"직장",8
"진로",8
"진학",8
"창업",8
"창출",8
"촬영",8
"최대",8
"커뮤니케이션즈",8
"코스",8
"태도",8
"통계",8
"통신망",8
"툴",8
"특징",8
"티켓",8
"파악",8
"플랫폼",8
"하드웨어",8
"학과",8
"한편",8
"합격",8
"항",8
"협동",8
"협력하",8
"형식",8
"화면",8
"확인",8
"회",8
"후원금",8
"감정",7
"강",7
"개개인",7
"거리",7
"걱정",7
"경쟁사",7
"경진",7
"고가",7
"공구",7
"과거",7
"그만큼",7
"근처",7
"기관",7
"기법",7
"기분",7
"기수",7
"나이",7
"노래",7
"논리",7
"능동",7
"능률",7
"대구",7
"대학원",7
"도우미",7
"독서",7
"맞춤",7
"매력",7
"멘토링",7
"며칠",7
"명의",7
"믿음",7
"밑거름",7
"발",7
"발판",7
"보람",7
"복학",7
"본부",7
"비",7
"성가대",7
"성능",7
"소자",7
"수치",7
"숙소",7
"술자리",7
"신경",7
"아쉬움",7
"안정",7
"얘기",7
"연결",7
"옆",7
"외국어",7
"원동력",7
"원장",7
"위주",7
"위해선",7
"위험",7
"유모차",7
"인",7
"일본인",7
"자동",7
"자원",7
"잠",7
"전산",7
"절대",7
"정비",7
"조작",7
"조직원",7
"중",7
"즈",7
"직업",7
"집안",7
"집중",7
"처",7
"체제",7
"초반",7
"추진력",7
"충돌",7
"칵테일",7
"쾌거",7
"클라이언트",7
"타깃",7
"통제",7
"편리",7
"평균",7
"폭",7
"표현",7
"프로모션",7
"학술",7
"한국인",7
"행정",7
"호주",7
"화공",7
"활용",7
"가공",6
"감독",6
"감동",6
"강도",6
"개념",6
"거동",6
"건",6
"건설",6
"검토",6
"공격",6
"공급",6
"공대",6
"관리자",6
"관찰",6
"교훈",6
"권한",6
"그룹",6
"금융",6
"기판",6
"기호",6
"김치",6
"깊이",6
"날짜",6
"남",6
"남성",6
"다운",6
"단가",6
"답",6
"대관",6
"대본",6
"대응",6
"대중",6
"도구",6
"도로",6
"도매",6
"도서관",6
"도어",6
"동반자",6
"동선",6
"드론",6
"라이딩",6
"레고",6
"레스토랑",6
"리서치",6
"마무리",6
"마우스",6
"무게",6
"문구",6
"문의",6
"물",6
"미디어",6
"미세",6
"민원",6
"민원실",6
"발목",6
"발음",6
"배터리",6
"범위",6
"보드",6
"보통",6
"복합",6
"부대",6
"비전",6
"사건",6
"사기",6
"사정",6
"상권",6
"샘플",6
"서핑",6
"선발",6
"선임",6
"섭외",6
"세미나",6
"소켓",6
"숫자",6
"슛",6
"시간대",6
"시선",6
"시행착오",6
"실업",6
"아무것",6
"아이템",6
"안내",6
"안드로이드",6
"여자",6
"영상제",6
"영화관",6
"예상",6
"예전",6
"욕심",6
"우선순위",6
"원래",6
"웨어러블",6
"위원",6
"유치",6
"유통",6
"유혹",6
"이미지",6
"이해도",6
"일본",6
"일지",6
"임원",6
"입맛",6
"자문",6
"자발",6
"자부심",6
"저항",6
"적",6
"적외선",6
"전공과목",6
"전망",6
"전역",6
"절반",6
"정규",6
"정상",6
"제어",6
"중요도",6
"중점",6
"중학교",6
"지능",6
"지점",6
"지향",6
"직관",6
"질",6
"초등학교",6
"초콜렛",6
"초콜릿",6
"최상",6
"최악",6
"출입",6
"카페",6
"커뮤니티",6
"컨설팅",6
"코팅",6
"쿠폰",6
"탈락",6
"태",6
"토렌트",6
"토지",6
"패기",6
"포기",6
"프로",6
"프로토콜",6
"플랜",6
"하나하나",6
"학문",6
"한인",6
"호텔",6
"화",6
"후회",6
"휘슬",6
"휴대폰",6
"희생",6
"가까이",5
"가열",5
"가정",5
"감명",5
"감시",5
"강화",5
"걸음",5
"격려",5
"결합",5
"계급",5
"계층",5
"고등학생",5
"골프",5
"공감",5
"공헌",5
"관객",5
"관계자",5
"관람객",5
"구두",5
"그곳",5
"그날",5
"근로",5
"근본",5
"글",5
"긴장",5
"길이",5
"나무판자",5
"날개",5
"내의",5
"다음날",5
"대답",5
"대한민국",5
"도금",5
"도시",5
"도출",5
"독립",5
"돌발",5
"딜러",5
"라즈",5
"랩",5
"레지스터",5
"로그",5
"리",5
"리그",5
"리눅스",5
"마감",5
"마찰",5
"만남",5
"만점",5
"말하기",5
"매일",5
"면접",5
"면제",5
"목적지",5
"미",5
"바",5
"박수",5
"반대",5
"방침",5
"밴드",5
"법인",5
"별로",5
"보탬",5
"보행",5
"보험",5
"복지",5
"본인",5
"부담감",5
"부장",5
"부회장",5
"분담",5
"불신",5
"브레이크",5
"블루",5
"비교",5
"사무실",5
"사전",5
"사진",5
"사태",5
"사회생활",5
"살",5
"상당",5
"상호",5
"생선",5
"선택지",5
"선행",5
"설명서",5
"설치",5
"섬유",5
"성취",5
"소비",5
"소속",5
"손잡이",5
"수단",5
"수비",5
"수학",5
"스마트",5
"스포츠",5
"시범",5
"시식",5
"실시",5
"실행력",5
"심도",5
"양보",5
"연관",5
"연구소",5
"연주",5
"엽서",5
"영국",5
"오류",5
"용기",5
"운용",5
"워드",5
"원가",5
"월급",5
"유기",5
"육상",5
"의도",5
"이성",5
"이용",5
"인도네시아",5
"인터뷰",5
"인턴사원",5
"일치",5
"입시",5
"자랑",5
"작전",5
"잠재",5
"장거리",5
"장님",5
"장려상",5
"장애우",5
"장치",5
"재단",5
"재생",5
"재학",5
"적극",5
"적용",5
"전날",5
"전달",5
"전처리",5
"절",5
"점유율",5
"점장",5
"정책",5
"제출",5
"조가",5
"조화",5
"존재",5
"주위",5
"주차",5
"주체",5
"증폭기",5
"지게차",5
"진단",5
"진동",5
"집단",5
"집행",5
"차질",5
"청소",5
"청중",5
"체육",5
"초",5
"최소",5
"축",5
"충족",5
"치킨",5
"카우치",5
"커머스",5
"커피",5
"크기",5
"클릭",5
"투스",5
"투표",5
"팀웍",5
"판촉",5
"패션",5
"편의점",5
"표",5
"프레젠테이션",5
"학창",5
"합의",5
"합의점",5
"향후",5
"현상",5
"호평",5
"화장품",5
"화합물",5
"휠체어",5
"휴가",5
"휴학",5
"가상",4
"각오",4
"간식",4
"간접",4
"감성",4
"강산",4
"개의",4
"개최",4
"건물주",4
"겉",4
"격",4
"결속력",4
"경로",4
"경시",4
"경향",4
"계단",4
"계속",4
"계좌",4
"고객사",4
"고난",4
"고리",4
"고무",4
"고용",4
"고충",4
"곡",4
"골프장",4
"공강",4
"공고",4
"공무원",4
"공법",4
"공사",4
"공통점",4
"과로",4
"과태료",4
"과학",4
"국내외",4
"그림",4
"극",4
"근력",4
"금전",4
"기쁨",4
"기숙사",4
"꽃",4
"낙석",4
"남지",4
"내기",4
"냉각",4
"노트",4
"논의",4
"농도",4
"눈물",4
"눈치",4
"뉴스",4
"니",4
"다각",4
"다름",4
"다양",4
"단기",4
"단락",4
"달리기",4
"당",4
"대",4
"대기",4
"대로",4
"대립",4
"대민",4
"대사",4
"도식",4
"독단",4
"동문",4
"동의",4
"동향",4
"드라마",4
"등록",4
"등록금",4
"디딤돌",4
"디테일",4
"라이브러리",4
"런닝",4
"레",4
"리더쉽",4
"리스트",4
"리허설",4
"마디",4
"마이닝",4
"마이크로",4
"마트",4
"매매",4
"맹인",4
"면담",4
"모니터링",4
"모델링",4
"모범",4
"모사",4
"무",4
"무리",4
"무선",4
"무슬림",4
"바나나",4
"바람",4
"바퀴",4
"박람회",4
"박막",4
"밖",4
"반면",4
"발생",4
"발전소",4
"밥",4
"방송",4
"방송국",4
"백화점",4
"버스",4
"버전",4
"베리",4
"벤처",4
"병원",4
"보수",4
"보조",4
"보충",4
"본격",4
"분량",4
"불안감",4
"불편",4
"비중",4
"사내",4
"사단",4
"사랑",4
"사용법",4
"사회학",4
"사후",4
"상용",4
"생산품",4
"석유",4
"선입견",4
"설계도",4
"션",4
"소극적",4
"소형",4
"손가락",4
"손금",4
"수능",4
"수원",4
"순위",4
"쉬",4
"스케치",4
"스타일",4
"스토리",4
"스톰",4
"습도",4
"습득",4
"시그마",4
"시편",4
"식사",4
"신규",4
"신청서",4
"실내",4
"실무자",4
"실험실",4
"아동",4
"안구",4
"알고리즘",4
"압력",4
"압박",4
"애완동물",4
"야간",4
"약점",4
"양의",4
"어학",4
"여성",4
"여유",4
"여학생",4
"역대",4
"연",4
"연극",4
"연령대",4
"연설",4
"염두",4
"영광",4
"영문",4
"예측",4
"오전",4
"완성품",4
"외의",4
"우승",4
"운동장",4
"워킹",4
"원격",4
"원부",4
"융합",4
"음료",4
"음성",4
"음식점",4
"응답",4
"의료",4
"의욕",4
"이동",4
"이벤트",4
"이하",4
"인간",4
"인공",4
"인기",4
"인도",4
"인연",4
"인트라넷",4
"일련",4
"일본어",4
"입력",4
"잡기",4
"장기",4
"재래시장",4
"재미",4
"전공의",4
"전과",4
"전시",4
"전통",4
"절감",4
"점검",4
"접목",4
"정",4
"정돈",4
"정치",4
"제안서",4
"제약",4
"조각",4
"종목",4
"종이",4
"주도하",4
"주민",4
"주요",4
"주점",4
"중도",4
"중합",4
"증강",4
"증대",4
"지각",4
"지도하",4
"지원자",4
"지장",4
"지지",4
"지친",4
"지하철",4
"직책",4
"직후",4
"진출",4
"창의력",4
"채팅",4
"철학",4
"청년",4
"체육학",4
"추구",4
"출발",4
"출시",4
"출품",4
"충격",4
"취득",4
"친밀",4
"칩",4
"카드",4
"카메라",4
"카탈로그",4
"커플",4
"케미칼",4
"코너",4
"코엑스",4
"쿠바",4
"클럽",4
"타임",4
"탈",4
"탈퇴",4
"탐방",4
"탓",4
"태양",4
"텐트",4
"토",4
"통",4
"통일",4
"통화",4
"트랙",4
"특급",4
"특별상",4
"특정",4
"틀이",4
"틱",4
"파견",4
"파리",4
"판매량",4
"펀드",4
"편견",4
"평상",4
"평점",4
"포상",4
"폰",4
"표준",4
"프로세서",4
"플라스틱",4
"피해",4
"핀테",4
"하시",4
"학위",4
"할인",4
"해석",4
"현직",4
"협동심",4
"형",4
"호응",4
"홀",4
"홈페이지",4
"화상",4
"화합",4
"회계",4
"회성",4
"희망",4
"가구",3
"가량",3
"가르침",3
"가이드",3
"각도",3
"간섭",3
"감각",3
"감사",3
"강의실",3
"강행군",3
"거래",3
"거부",3
"거부감",3
"건의",3
"게시판",3
"결제",3
"경력",3
"경비",3
"경사로",3
"경영자",3
"경쟁자",3
"경주",3
"계열",3
"고갈",3
"고민한",3
"고통",3
"공연장",3
"공원",3
"공익",3
"공학도",3
"과장",3
"관",3
"교량",3
"교범",3
"교체",3
"국",3
"군인",3
"극복",3
"근무자",3
"기",3
"기술력",3
"기여",3
"기차",3
"긴장감",3
"꼴찌",3
"나중",3
"날씨",3
"남학생",3
"내구",3
"내비",3
"네이버",3
"노출",3
"느",3
"느낌",3
"다",3
"다리",3
"다방면",3
"다이어트",3
"단순",3
"단어",3
"단축",3
"단합",3
"당첨",3
"대포",3
"대피",3
"도난",3
"도서",3
"독보",3
"독학",3
"동",3
"동력",3
"동력기",3
"동일",3
"디지털",3
"땀",3
"라",3
"락",3
"랜딩",3
"램",3
"리스크",3
"마",3
"망",3
"망설임",3
"매물",3
"매출액",3
"머리",3
"메이크업",3
"면",3
"면회",3
"명단",3
"명예",3
"모금",3
"모노",3
"모빌",3
"무단",3
"무료",3
"문",3
"문외한",3
"물성",3
"물체",3
"미백",3
"미분",3
"미지",3
"발령",3
"발로",3
"발성",3
"방문자",3
"방진",3
"방해",3
"배송",3
"배트",3
"뱅크",3
"번이",3
"번호판",3
"벤치",3
"벽",3
"복습",3
"본사",3
"봉사단",3
"봉사자",3
"부부",3
"부원",3
"부위",3
"부정",3
"부천",3
"부탁",3
"부활",3
"분기",3
"분대장",3
"불가능",3
"불평",3
"불화",3
"뷔페",3
"비디오",3
"비만",3
"비밀",3
"비행",3
"비행기",3
"빛",3
"사면",3
"사무",3
"사업체",3
"사적",3
"상담가",3
"새내기",3
"색깔",3
"생성",3
"서기",3
"서울대학교",3
"선구자",3
"선물",3
"선수권",3
"선진",3
"선출",3
"선호도",3
"설득력",3
"성룡",3
"성분",3
"센스",3
"소",3
"소대장",3
"소방차",3
"소셜",3
"소수",3
"소음",3
"소중한",3
"손길",3
"손실",3
"솔선수범",3
"수료",3
"수립",3
"숙련자",3
"순환",3
"숨",3
"스케줄",3
"스켈레톤",3
"스크린",3
"시간표",3
"시민",3
"시일",3
"식단",3
"식품",3
"신념",3
"신선도",3
"신장",3
"신호",3
"실기",3
"심리",3
"싸움",3
"아시안",3
"아일랜드",3
"아카데미",3
"아파트",3
"알바",3
"애견",3
"액체",3
"야광",3
"야외",3
"양질",3
"어린",3
"어린이",3
"얼굴",3
"엑셀",3
"엔지니어링",3
"여기저기",3
"여행지",3
"역",3
"연계",3
"연예인",3
"연장",3
"열의",3
"영역",3
"영향력",3
"오늘",3
"오랫동안",3
"오케스트라",3
"오프라인",3
"오해",3
"완성도",3
"완주",3
"완판",3
"외식",3
"외형",3
"요원",3
"욕구",3
"용어",3
"운",3
"운송",3
"운영비",3
"원서",3
"웨이퍼",3
"유",3
"육성",3
"응대",3
"이기",3
"이노베이션",3
"이용자",3
"이탈리아",3
"이틀",3
"인센티브",3
"인정",3
"인지도",3
"인천",3
"일관",3
"일쑤",3
"일해",3
"임시",3
"임원진",3
"입구",3
"입자",3
"자격",3
"자질",3
"작정",3
"잘못",3
"장르",3
"장애물",3
"장이",3
"장정",3
"저편",3
"저하",3
"전극",3
"전단",3
"전도",3
"전문성",3
"전보",3
"전사",3
"전원",3
"전쟁",3
"전해",3
"전환점",3
"절약",3
"점포",3
"접수",3
"정성",3
"정식",3
"정유업",3
"정의",3
"정이",3
"정확도",3
"제휴",3
"조로",3
"조율",3
"존중",3
"좌담회",3
"좌절감",3
"주기",3
"주문량",3
"주시",3
"주인아주머니",3
"주자",3
"주제도",3
"주행",3
"중요시",3
"증류",3
"지배",3
"지사",3
"지시",3
"지팡이",3
"진짜",3
"집중력",3
"차별점",3
"차이점",3
"차체",3
"창고",3
"채식주의자",3
"채찍",3
"첨단",3
"첫번",3
"초심",3
"초음파",3
"초창기",3
"초청",3
"총괄",3
"총학생회",3
"최소한",3
"추세",3
"추진",3
"취미",3
"취지",3
"측정",3
"친화력",3
"캐릭터",3
"캠퍼스",3
"컨텐츠",3
"케어",3
"코리안",3
"콘서트",3
"콘셉트",3
"콜라",3
"크래프트",3
"타이젠",3
"타협",3
"통과",3
"통합",3
"트래픽",3
"특색",3
"특유",3
"특이",3
"특전사",3
"티로",3
"팁",3
"파블로",3
"파트너",3
"판",3
"페로",3
"편지",3
"평가일",3
"포럼",3
"포부",3
"포함",3
"폭파",3
"폴더",3
"피",3
"피로",3
"핀",3
"필기",3
"하나라",3
"하루하루",3
"하위",3
"학번",3
"학술회",3
"한국어",3
"한동안",3
"한치",3
"함보",3
"함양",3
"합",3
"합창단",3
"해병",3
"해지기",3
"핵",3
"헌혈증",3
"헝가리",3
"헬스장",3
"현금",3
"현업",3
"현황",3
"협상",3
"협찬",3
"호기심",3
"환승",3
"회비",3
"회장단",3
"회전",3
"후부",3
"후원자",3
"휴식",3
"휴일",3
"가면",2
"가슴",2
"가운데",2
"가이드라인",2
"감소",2
"감응",2
"감지",2
"강사",2
"강아지",2
"강연",2
"강제",2
"강좌",2
"강하",2
"개구리",2
"개론",2
"개발진",2
"개정",2
"개편",2
"객실",2
"갱",2
"거기",2
"거절",2
"건강",2
"건반",2
"견과",2
"결실",2
"경연",2
"계",2
"계열사",2
"계통",2
"계획도",2
"계획서",2
"계획표",2
"고",2
"고깃집",2
"고도화",2
"고등부",2
"고속",2
"고온",2
"고학",2
"고향",2
"골격",2
"공과",2
"공인",2
"공자",2
"공통",2
"공학회",2
"과대",2
"과언",2
"과일",2
"관광",2
"관광객",2
"관람",2
"관련하",2
"관습",2
"관심사",2
"관중",2
"관행",2
"광역시",2
"광원",2
"광장",2
"광주",2
"교",2
"교재",2
"교통편",2
"구간",2
"구경",2
"구글",2
"구리",2
"구매자",2
"구비",2
"구인",2
"구조물",2
"군부대",2
"권유",2
"귀",2
"귀가",2
"규정",2
"그다음",2
"그레이드",2
"그릇",2
"그린벨트",2
"그분",2
"극장",2
"근거",2
"근성",2
"금요일",2
"급",2
"기동",2
"기록",2
"기립",2
"기말",2
"기부",2
"기부금",2
"기아",2
"기자재",2
"기지국",2
"기한",2
"기획력",2
"기획부장",2
"김",2
"나노",2
"나선",2
"나태",2
"낭비",2
"낮",2
"내실",2
"내역",2
"내열",2
"내외",2
"내일",2
"냉장고",2
"넘버",2
"네루다",2
"노",2
"노량진",2
"노트북",2
"녹음",2
"놀이",2
"놀이터",2
"누나",2
"눈높이",2
"뉴",2
"니켈",2
"다다",2
"다독",2
"단결",2
"단기간",2
"단독",2
"단속",2
"단시간",2
"단편",2
"당근",2
"당하",2
"대감",2
"대다수",2
"대만",2
"대미",2
"대사관",2
"대야",2
"대여",2
"대의",2
"대입",2
"대장",2
"대책",2
"덕목",2
"도마",2
"도면",2
"독거노인",2
"독일어",2
"독창",2
"동경",2
"동네",2
"동물",2
"동반",2
"동산",2
"동생",2
"동양인",2
"동작",2
"동탄",2
"돼지고기",2
"뒷부분",2
"듀얼",2
"드릴",2
"득점",2
"디바",2
"딜레이",2
"땅",2
"또래",2
"띠",2
"라마단",2
"란",2
"레일",2
"로또",2
"리더십",2
"리드",2
"마드리드",2
"마스터",2
"마스터스",2
"마찬가지",2
"마초",2
"막",2
"말자",2
"맡",2
"매사",2
"매입",2
"매점",2
"머릿속",2
"머신",2
"먼저",2
"메커니즘",2
"면허",2
"명동",2
"명목",2
"명에",2
"명함",2
"모드",2
"모양",2
"모의시험",2
"모일",2
"몬스터",2
"무급",2
"무도",2
"문법",2
"문자",2
"문항",2
"문화생활",2
"뮤직",2
"미션",2
"바꾸기",2
"바닥",2
"바르셀로나",2
"반영",2
"반영한",2
"발굴",2
"발달",2
"방면",2
"방석",2
"방정식",2
"방지",2
"배가",2
"배전",2
"배트맨",2
"배합",2
"백",2
"백수",2
"백인",2
"밴드부",2
"버거",2
"버팀목",2
"번도",2
"번역",2
"베드",2
"베이스",2
"변경",2
"변수로",2
"별",2
"별도",2
"병합",2
"보고",2
"보고자",2
"보신",2
"보안성",2
"보일",2
"보장",2
"보조금",2
"보컬",2
"보편",2
"복",2
"복고",2
"복장",2
"봄",2
"부르기",2
"부상",2
"부수",2
"부식",2
"부양",2
"부재",2
"분배",2
"분식",2
"분업",2
"불량",2
"불안",2
"불협화음",2
"비난",2
"비닐",2
"비율",2
"비자",2
"비추미",2
"비판",2
"빈도",2
"빨간색",2
"빨강",2
"사교",2
"사단장",2
"사막",2
"사망",2
"사상",2
"사색",2
"사설",2
"사안",2
"사업단",2
"사용량",2
"사이사이",2
"사주",2
"사회자",2
"삭제",2
"산티아고",2
"상금",2
"상기",2
"상반기",2
"상생",2
"상업",2
"상환",2
"새벽녘",2
"새벽잠",2
"생활신조",2
"샤워",2
"샵",2
"서고",2
"서류",2
"서브",2
"서포",2
"선대",2
"선두",2
"선로",2
"선율",2
"선제",2
"설명",2
"섭취",2
"성당",2
"성인",2
"성지",2
"성황",2
"세명",2
"세트",2
"셔틀",2
"소감",2
"소개",2
"소대원",2
"소매",2
"소모",2
"소송",2
"소심",2
"손익",2
"쇼핑",2
"수강자",2
"수급자",2
"수득",2
"수량",2
"수비수",2
"수소문",2
"수원시",2
"수유",2
"수입",2
"수지",2
"수축",2
"숙달",2
"숙련도",2
"순례",2
"순발력",2
"순이익",2
"숲",2
"쉼터",2
"슈퍼",2
"스케일",2
"스크립트",2
"스트립",2
"스티커",2
"스페셜리스트",2
"슬라이드",2
"승강장",2
"승인",2
"승자",2
"시나리오",2
"시니어",2
"시연",2
"시연회",2
"시인",2
"시중",2
"시합",2
"식욕",2
"식의",2
"신뢰도",2
"신분",2
"신속",2
"신조",2
"실마리",2
"실사",2
"실생활",2
"실전",2
"실정",2
"심화",2
"썰매장",2
"아랍인",2
"아산",2
"아시아",2
"아주머니",2
"아키",2
"아키텍처",2
"아프리카",2
"안타",2
"안테나",2
"압",2
"애사심",2
"앤젤",2
"야근",2
"양도",2
"양론",2
"양산",2
"양식",2
"양이",2
"양해",2
"어른",2
"업그레이드",2
"업로드",2
"에도",2
"에러",2
"에코",2
"엔드",2
"엔딩",2
"엔진",2
"엠티",2
"여대생",2
"여행자",2
"역경",2
"역사",2
"역지사지",2
"연간",2
"연구회",2
"연기",2
"연도",2
"연세대",2
"연속",2
"연장선",2
"연차",2
"연평도",2
"연합",2
"열",2
"열기",2
"열조",2
"영감",2
"영문학",2
"영화동",2
"예기",2
"예정",2
"오리발",2
"오염물",2
"오퍼레이터",2
"오프",2
"오픈",2
"오후",2
"옴",2
"완수",2
"왕복",2
"왕성한",2
"외관",2
"외교",2
"외로움",2
"외모",2
"외야수",2
"외향",2
"요금",2
"요령",2
"요리사",2
"요즘",2
"용량",2
"용품",2
"우려",2
"우리나라",2
"우물",2
"우여곡절",2
"운영자",2
"울산",2
"워",2
"워너비",2
"워크샵",2
"원의",2
"원천",2
"원칙",2
"월드",2
"윈",2
"윈도우",2
"유도",2
"유머",2
"유무",2
"유사",2
"유입",2
"유형",2
"음료수",2
"응시",2
"응용",2
"의구심",2
"의문",2
"이견",2
"이과",2
"이력",2
"익명",2
"인가",2
"인간관계",2
"인내력",2
"인내심",2
"인도학",2
"인맥",2
"인문",2
"인문학",2
"인자",2
"인종",2
"인증",2
"인지",2
"일대",2
"일반인",2
"일병",2
"일상생활",2
"일손",2
"일시",2
"일인",2
"임대",2
"임피던스",2
"입대",2
"입체",2
"자극",2
"자긍심",2
"자기중심",2
"자바",2
"자본주의",2
"자산",2
"자서전",2
"자영업",2
"자유형",2
"자존감",2
"자진",2
"자퇴",2
"작업장",2
"잠재력",2
"장남",2
"장년",2
"장단점",2
"장벽",2
"장의",2
"장학",2
"재능",2
"재무제표",2
"재물",2
"재수",2
"재정",2
"재해",2
"저가",2
"적정",2
"전단지",2
"전달력",2
"전문화",2
"전산실",2
"전산업",2
"전속력",2
"전지",2
"전투",2
"전파",2
"절기",2
"절망",2
"점심",2
"점심시간",2
"정유",2
"정육",2
"정장",2
"제때",2
"제시",2
"제의",2
"제조업",2
"조",2
"조사관",2
"조삼",2
"조성",2
"좌절",2
"주가",2
"주관하",2
"주력",2
"주립대",2
"주소",2
"주임",2
"주재원",2
"주차장",2
"주택",2
"줄넘기",2
"중간고사",2
"중국말",2
"중급",2
"중복",2
"중앙",2
"중인",2
"중형",2
"증발",2
"지갑",2
"지구력",2
"지급",2
"지난봄",2
"지난여름",2
"지난해",2
"지닌",2
"지리",2
"지수",2
"지역난방",2
"지체",2
"지하",2
"직장인",2
"직전",2
"직진",2
"진도",2
"진열",2
"진열장",2
"진취",2
"진화",2
"질타",2
"짐",2
"집념",2
"집적",2
"징수",2
"차단",2
"차례",2
"차상위",2
"차종",2
"차후",2
"착오",2
"참가자",2
"참석",2
"창구",2
"창조",2
"채점",2
"책장",2
"천만",2
"철도",2
"첨가제",2
"첫걸음",2
"첫인상",2
"청강",2
"체대",2
"체질",2
"체험",2
"체형",2
"초급",2
"초등학생",2
"초석",2
"총장",2
"총학생회장",2
"최대한",2
"추가점",2
"추첨",2
"추후",2
"출동",2
"출신",2
"춤",2
"충청도",2
"취침",2
"취향",2
"측위",2
"치열",2
"치지",2
"친분",2
"카투사",2
"칼럼",2
"캠핑",2
"캡",2
"컨버전스",2
"컨설턴트",2
"컨퍼런스",2
"컵",2
"케이스",2
"코칭",2
"콜럼버스",2
"퀄리티",2
"크림",2
"클립",2
"타겟",2
"타격",2
"타이틀",2
"타입",2
"태생",2
"터",2
"턱걸이",2
"테마",2
"테크노",2
"텍사스",2
"토미",2
"토폴로지",2
"토플",2
"투어",2
"투자금",2
"투지",2
"트레이닝",2
"트레이드",2
"특강",2
"티슈",2
"파고",2
"파쇄",2
"파일로",2
"판단력",2
"팔색조",2
"팔찌",2
"팩",2
"팸플릿",2
"페달",2
"페스티벌",2
"페이스북",2
"페이퍼",2
"평년",2
"평생직장",2
"평지",2
"폐",2
"포",2
"포격",2
"포맷",2
"포스코",2
"포장",2
"포트폴리오",2
"폭우",2
"폴리스티렌",2
"표면",2
"품목",2
"풍경",2
"프랑스",2
"프랑스어",2
"프레",2
"프레스",2
"플래시",2
"하우스",2
"하이라이트",2
"학교생활",2
"학회장",2
"한가지",2
"한강",2
"한국은행",2
"한국화학",2
"한글",2
"한미연합사",2
"한양대",2
"한자",2
"한정",2
"한지",2
"한학",2
"한해",2
"합성",2
"합장",2
"합주",2
"핫",2
"해군",2
"해답",2
"해양",2
"해외여행",2
"해커",2
"행사인",2
"행정병",2
"향수",2
"허락",2
"허리",2
"헬스",2
"현지인",2
"협력사",2
"협조",2
"혜택",2
"호스트",2
"호스팅",2
"호흡법",2
"홈",2
"화술",2
"활동비",2
"회의감",2
"회의실",2
"회칙",2
"획기적",2
"횟수",2
"후기",2
"후발",2
"후보",2
"휴대",2
"흥분",2
"new",1
"USB",1
"가교",1
"가독",1
"가로",1
"가설",1
"가속",1
"가수",1
"가입자",1
"가장자리",1
"가정환경",1
"가천",1
"각국",1
"간담회",1
"간부",1
"간트",1
"갈피",1
"감도",1
"감미료",1
"감상",1
"감점",1
"감탄사",1
"강단",1
"강세",1
"강요",1
"강철",1
"강팀",1
"갖가지",1
"개량",1
"개미",1
"개발업",1
"개봉",1
"개선책",1
"개설",1
"개성",1
"개수",1
"개인사",1
"개재",1
"개전",1
"개척",1
"개최지",1
"개폐기",1
"거래선",1
"거래처",1
"거리낌",1
"거리에서",1
"거주",1
"건물",1
"건이",1
"건축",1
"걷기",1
"걸",1
"검색어",1
"검안",1
"검증",1
"겁",1
"게이트",1
"게이트웨이",1
"격차",1
"견문",1
"견적",1
"결산",1
"결석",1
"결선",1
"결승전",1
"결의",1
"결재",1
"결점",1
"결함",1
"겸손",1
"경고",1
"경기도",1
"경영인",1
"경영학도",1
"경쟁률",1
"경제학",1
"경청",1
"경품",1
"계량",1
"계량기",1
"계면",1
"계발",1
"계산서",1
"계절",1
"계주",1
"고개",1
"고교",1
"고급",1
"고기",1
"고압",1
"고역",1
"고유",1
"고인",1
"고정관념",1
"고질",1
"고집",1
"고참",1
"고체",1
"고초",1
"곡선",1
"골",1
"골칫거리",1
"곱",1
"곳곳",1
"공감대",1
"공개",1
"공공",1
"공급량",1
"공동체",1
"공로",1
"공룡",1
"공백",1
"공병",1
"공병대",1
"공부방",1
"공사장",1
"공신",1
"공약",1
"공유기",1
"공유한",1
"공장장",1
"공적",1
"공정인",1
"공조",1
"공중",1
"공채",1
"공책",1
"공포",1
"공학실",1
"공학자",1
"공해",1
"과반",1
"과수",1
"과업",1
"과외",1
"과자",1
"과제물",1
"관광지",1
"관능",1
"관례",1
"관리법",1
"관여",1
"관의",1
"관재",1
"관절",1
"관해",1
"광경",1
"광교",1
"광학",1
"괴리감",1
"교가",1
"교감",1
"교과",1
"교과목",1
"교관",1
"교구",1
"교대",1
"교보문고",1
"교사",1
"교양",1
"교외",1
"교육부",1
"교정",1
"교직원",1
"교통량",1
"교통비",1
"구독",1
"구로",1
"구멍",1
"구석구석",1
"구성한",1
"구역",1
"구입",1
"구청",1
"구토",1
"국경",1
"국도",1
"국산",1
"국어",1
"국원",1
"국익",1
"국제전",1
"국제통",1
"국지",1
"군문",1
"군복",1
"군용",1
"궁금증",1
"궁리",1
"권익",1
"귀국",1
"귀사",1
"귀중품",1
"규명",1
"규율",1
"균일",1
"균형",1
"그라운드",1
"그리드",1
"그사이",1
"그쪽",1
"그해",1
"근래",1
"근로자",1
"근무지",1
"글귀",1
"글씨",1
"금",1
"금속",1
"금식",1
"금지",1
"급선무",1
"기구",1
"기금",1
"기념",1
"기념식",1
"기념일",1
"기념품",1
"기능자",1
"기대감",1
"기독교",1
"기량",1
"기름",1
"기본급",1
"기본기",1
"기본자세",1
"기상",1
"기성품",1
"기숙",1
"기술부",1
"기술자",1
"기업가",1
"기운",1
"기울기",1
"기저",1
"기적",1
"기출",1
"기회비용",1
"기획단",1
"기획서",1
"기획자",1
"긴급회의",1
"길거리",1
"길목",1
"길수",1
"김장",1
"깡",1
"꼴",1
"꾸중",1
"꿀",1
"끝맺음",1
"끼",1
"나나",1
"나누미",1
"나무",1
"나사",1
"나절",1
"낙",1
"낙제점",1
"난이도",1
"난항",1
"날들",1
"날인",1
"남구",1
"남녀",1
"남산",1
"남이",1
"납품",1
"내년",1
"내방",1
"내부자",1
"내성",1
"내야",1
"내자",1
"내재",1
"내화",1
"낼",1
"냄새",1
"냉면",1
"너머",1
"넉살",1
"네루",1
"네크",1
"네트워킹",1
"네트웍",1
"년도",1
"노사",1
"노선",1
"노후",1
"놀림",1
"높이",1
"누락",1
"눈가",1
"눈동자",1
"눈빛",1
"눈초리",1
"뉴질랜드",1
"능력자",1
"니체",1
"님",1
"다국적",1
"다년간",1
"다문화",1
"다발",1
"다수결",1
"다운타운",1
"다중",1
"다짐",1
"다큐멘터리",1
"다툼",1
"단골",1
"단골손님",1
"단과",1
"단과대",1
"단말기",1
"단추",1
"단칸방",1
"단칼",1
"담",1
"담당자",1
"담임",1
"담지",1
"답변",1
"답안지",1
"닷컴",1
"당도",1
"당면",1
"대대",1
"대대적",1
"대략",1
"대리",1
"대리점",1
"대면",1
"대박",1
"대변인",1
"대비책",1
"대상지",1
"대시",1
"대역",1
"대외비",1
"대인",1
"대자보",1
"대출",1
"대피소",1
"대행",1
"대행사",1
"대환",1
"댄스",1
"댓글",1
"덕이",1
"데드라인",1
"데스크",1
"데이트",1
"도달",1
"도로명",1
"도모",1
"도모에",1
"도발",1
"도보로",1
"도시락",1
"도안",1
"도약",1
"도입",1
"도착",1
"도표",1
"독식",1
"독자",1
"돈맛",1
"동기와",1
"동대문",1
"동메달",1
"동참",1
"동호회",1
"동호회원",1
"두께",1
"두서",1
"둔화",1
"뒤죽박죽",1
"뒷면",1
"뒷받침",1
"뒷전",1
"뒷풀이",1
"드라이브",1
"드럼",1
"등급",1
"등장",1
"등장인물",1
"디스크",1
"디스플레이",1
"딥",1
"따돌림",1
"딸",1
"떡볶이",1
"뚜루",1
"뜰",1
"라디오",1
"라오스",1
"라운지",1
"라이드",1
"라이벌",1
"램프",1
"러",1
"런던",1
"럼",1
"레오니다스",1
"레이션",1
"레이아웃",1
"레이트",1
"레지",1
"렌터카",1
"로고",1
"로드",1
"로마",1
"로망",1
"로비",1
"로직",1
"로테이션",1
"록",1
"롯데",1
"루게릭",1
"룰",1
"룸",1
"룸메이트",1
"률",1
"리가",1
"리도",1
"리딩",1
"리뷰",1
"리스",1
"리액션",1
"리프",1
"릴리",1
"립",1
"링크",1
"마구잡이",1
"마라톤",1
"마련",1
"마린",1
"마소",1
"마실",1
"마이크",1
"마이크론테크놀로지",1
"마찰력",1
"마케팅부",1
"마케팅사",1
"마켓",1
"막내",1
"막차",1
"막창",1
"만감",1
"만료",1
"만류",1
"만반",1
"만보",1
"만장일치",1
"만족감",1
"만학도",1
"말다툼",1
"말해",1
"맞벌이",1
"매개체",1
"매너",1
"매니아",1
"매월",1
"매체",1
"매치",1
"매트",1
"맥",1
"맥락",1
"맥주",1
"먹방",1
"멍",1
"메뉴얼",1
"메모지",1
"메신저",1
"메인",1
"멜",1
"멜로",1
"멤버",1
"멤버십",1
"면도기",1
"면목",1
"면세",1
"면세점",1
"면적",1
"면접관",1
"면접장",1
"멸치",1
"명령",1
"명망",1
"명맥",1
"명문",1
"명문대",1
"명세서",1
"명지대학교",1
"명칭",1
"몇일",1
"모뎀",1
"모래주머니",1
"모비",1
"모의고사",1
"모자",1
"모카",1
"모터쇼",1
"모토",1
"모험",1
"목걸이",1
"목록",1
"목살",1
"목적의식",1
"몫",1
"몰입",1
"몸매",1
"몸짓",1
"못",1
"무궁무진",1
"무기",1
"무더위",1
"무역학",1
"무용지물",1
"무채색",1
"문과",1
"문장",1
"문제지",1
"문화원장",1
"문화인",1
"물량",1
"물류비",1
"물리",1
"물망초",1
"미관",1
"미국인",1
"미군",1
"미니",1
"미드필더",1
"미들웨어",1
"미디어학",1
"미만",1
"미소",1
"미숙",1
"미아점",1
"믹스",1
"민",1
"민간인",1
"민족",1
"밀도",1
"밑그림",1
"밑바탕",1
"바다",1
"바보",1
"바운드",1
"바운스",1
"박사",1
"박쥐",1
"반도",1
"반발",1
"반발심",1
"반성",1
"반품",1
"반항",1
"발걸음",1
"발명",1
"발송",1
"발신",1
"발제",1
"발주",1
"발표자",1
"발품",1
"발휘",1
"밤새",1
"밤하늘",1
"방과",1
"방문객",1
"방송국장",1
"방수",1
"방음",1
"방적",1
"방출",1
"방편",1
"배관",1
"배달업",1
"배분",1
"배양",1
"배우",1
"배짱",1
"배짱이",1
"배포",1
"백범",1
"백사",1
"버그",1
"버릴",1
"버터",1
"번창",1
"벌",1
"벌칙",1
"범벅",1
"범용",1
"벙커",1
"베어링",1
"베이킹",1
"베트남",1
"벨트",1
"변",1
"변동",1
"변신",1
"변칙",1
"별개",1
"별명",1
"병기",1
"병역",1
"병영",1
"보관",1
"보답",1
"보물찾기",1
"보병",1
"보석",1
"보세",1
"보안관",1
"보조인",1
"보직",1
"보청기",1
"복귀",1
"복근",1
"복기",1
"복도",1
"복지관",1
"복판",1
"볶음밥",1
"본교",1
"본보기",1
"본질",1
"본체",1
"볼넷",1
"볼펜",1
"봉",1
"봉사단장",1
"부가",1
"부각",1
"부끄러움",1
"부끄럼",1
"부다페스트",1
"부대원",1
"부도",1
"부문",1
"부사관",1
"부산물",1
"부서원",1
"부서장",1
"부연",1
"부지기수",1
"부진",1
"부착",1
"부피",1
"북",1
"북경",1
"분노",1
"분류",1
"분석가",1
"분석법",1
"분석부",1
"분쟁",1
"분포",1
"분포도",1
"불굴",1
"불만도",1
"불망",1
"불여",1
"불의",1
"불화로",1
"불황",1
"붕괴",1
"붕대",1
"브라질",1
"브레인스토밍",1
"블랙",1
"블록",1
"비보",1
"비스",1
"비웃음",1
"비지니스",1
"비평",1
"비품",1
"비하",1
"비호",1
"빈곤",1
"빌딩",1
"빨간",1
"빼기",1
"뼈대",1
"사격",1
"사과",1
"사당",1
"사도",1
"사령부",1
"사립고",1
"사명감",1
"사발식",1
"사비",1
"사암",1
"사양",1
"사업자",1
"사우디",1
"사우디아라비아",1
"사유",1
"사이클",1
"사제",1
"사지",1
"사촌",1
"사출",1
"사회인",1
"산맥",1
"산화",1
"살리기",1
"삼겹살",1
"삼성",1
"삼성전자",1
"삼자",1
"삼천포",1
"상거래",1
"상관관계",1
"상병",1
"상부상조",1
"상비군",1
"상사",1
"상상",1
"상실감",1
"상영",1
"상영관",1
"상위",1
"상의",1
"상처",1
"상하",1
"상화",1
"새",1
"새로움",1
"새싹",1
"새야",1
"새참",1
"새천년관",1
"색지",1
"샛길",1
"생계",1
"생산력",1
"생존",1
"생체",1
"생활비",1
"서류철",1
"서부",1
"서비스업",1
"서술",1
"서울시",1
"서울시청",1
"서포터",1
"석",1
"선결",1
"선례",1
"선별",1
"선상",1
"선수단",1
"선수촌",1
"선악",1
"선임과",1
"선적",1
"선체",1
"설문지",1
"섬세",1
"성가",1
"성과급",1
"성과물",1
"성미",1
"성사",1
"성숙기",1
"성신",1
"성적표",1
"성질",1
"세가",1
"세기",1
"세분",1
"세이프",1
"세정",1
"셀프",1
"셜록",1
"셰프",1
"소개팅",1
"소금",1
"소기",1
"소나기",1
"소녀",1
"소다",1
"소득",1
"소문",1
"소비문화",1
"소외",1
"소유",1
"소유주",1
"소일거리",1
"소정",1
"소집",1
"소폭",1
"소프트",1
"소화",1
"속단",1
"속도감",1
"속력",1
"속성",1
"손거울",1
"손목",1
"손발",1
"손짓",1
"쇼",1
"수고",1
"수기",1
"수납",1
"수돗물",1
"수동",1
"수명",1
"수분",1
"수산",1
"수석",1
"수소",1
"수습기자",1
"수식",1
"수식어",1
"수용",1
"수원역",1
"수익금",1
"수저",1
"수주",1
"수차례",1
"수첩",1
"수평",1
"수포",1
"숙명여대",1
"숙식",1
"숙제",1
"순리",1
"순수",1
"순식간",1
"순조",1
"순차",1
"슈투트가르트",1
"슈퍼맨",1
"스낵바",1
"스몰",1
"스위스",1
"스위치",1
"스캔",1
"스케이트보드",1
"스쿨",1
"스키",1
"스타크래프트",1
"스타트",1
"스테이",1
"스텐실",1
"스텝",1
"스토어",1
"스톤",1
"스튜디오",1
"스파",1
"스페인어",1
"스펙트럼",1
"스핀",1
"슬레이브",1
"습격",1
"승객",1
"승계",1
"승리",1
"승부욕",1
"시간가량",1
"시골",1
"시공",1
"시내",1
"시라노",1
"시리즈",1
"시발점",1
"시상식",1
"시세",1
"시안",1
"시어",1
"시작점",1
"시점",1
"시제품",1
"시즌",1
"시집",1
"시청",1
"시트",1
"시험공부",1
"식",1
"식기",1
"식당직",1
"식별도",1
"식사량",1
"식사문",1
"식스",1
"식용",1
"신",1
"신경망",1
"신공",1
"신뢰감",1
"신성",1
"신의",1
"신임",1
"신조어",1
"신형",1
"신호등",1
"실리콘",1
"실린더",1
"실망감",1
"실무역",1
"실시간",1
"실의",1
"실종",1
"실직",1
"실탄",1
"심",1
"심리학",1
"심부름",1
"심정",1
"심혈",1
"십년지기",1
"십상",1
"쌓기",1
"썰매",1
"썸머",1
"쓰레기",1
"씬",1
"아들",1
"아랍",1
"아랍어",1
"아수라장",1
"아이디",1
"아이폰",1
"아크릴",1
"아킬레스건",1
"아트",1
"악",1
"악순환",1
"악습",1
"악의",1
"안건",1
"안건이",1
"안남",1
"안내서",1
"안목",1
"안부",1
"알뜰",1
"알루미늄",1
"알맹이",1
"암기",1
"암시",1
"압도",1
"압출",1
"앙상블",1
"애착심",1
"애초",1
"액상",1
"액션",1
"액수",1
"앨리스",1
"앵무새",1
"야구팀",1
"야식",1
"야전",1
"약해",1
"양분",1
"양성",1
"어도",1
"어둠",1
"어르신",1
"어머님",1
"어법",1
"어학원",1
"언급",1
"언니",1
"언론사",1
"언어문화",1
"업데이트",1
"업소",1
"업종",1
"업주",1
"엉덩이",1
"에세이",1
"에피소드",1
"엔론",1
"엔트리",1
"여건",1
"여과",1
"여럿",1
"여론",1
"여정",1
"역발상",1
"역방향",1
"역부족",1
"역학",1
"역활",1
"연구자",1
"연금술사",1
"연대장",1
"연동",1
"연등",1
"연등회",1
"연락관",1
"연락부",1
"연말",1
"연맹",1
"연세",1
"연애",1
"연합회",1
"열공",1
"열량",1
"열쇠",1
"열차",1
"염색",1
"염소",1
"염화나트륨",1
"영국식",1
"영국인",1
"영세",1
"영수증",1
"영업맨",1
"영업비",1
"영업인",1
"영작",1
"영화배우",1
"예고편",1
"예매",1
"예비",1
"예상하",1
"예약",1
"예제",1
"예행연습",1
"오기",1
"오답",1
"오래전",1
"오일",1
"오지랖",1
"오징어",1
"온고지신",1
"온오",1
"온종일",1
"옴니",1
"와중",1
"와해",1
"완벽",1
"완전",1
"완패",1
"완화",1
"왕",1
"왕따",1
"외고",1
"외장",1
"외적",1
"외주",1
"외출",1
"요가",1
"요건",1
"요오드",1
"요일",1
"용",1
"용도",1
"우",1
"우먼",1
"우산",1
"우수자",1
"우스",1
"우연",1
"우위",1
"우천",1
"우편물",1
"우호",1
"운전",1
"운전자",1
"울트라",1
"움",1
"움직",1
"웃음",1
"워크",1
"원고",1
"원론",1
"원시",1
"원어",1
"원유",1
"원주민",1
"원지",1
"원친",1
"원탁",1
"월세",1
"웨딩",1
"위례",1
"위로",1
"위반",1
"위생",1
"위생법",1
"위아래",1
"위원회",1
"위층",1
"윗",1
"유관",1
"유니버시아드",1
"유대",1
"유동",1
"유동성",1
"유령",1
"유리",1
"유명",1
"유선",1
"유연한",1
"유용",1
"유인",1
"유전",1
"유종",1
"유지비",1
"유추",1
"유치원",1
"유통업",1
"유해",1
"육군",1
"율",1
"은상",1
"은퇴",1
"은행동",1
"음원",1
"음향",1
"응원",1
"응접",1
"응집력",1
"의기소침",1
"의무",1
"의무감",1
"의문점",1
"의의",1
"의자",1
"의제",1
"의존",1
"의향",1
"이고",1
"이놈",1
"이동한",1
"이례",1
"이론지",1
"이매진",1
"이메일",1
"이모",1
"이바지",1
"이보",1
"이불",1
"이상일",1
"이색",1
"이수",1
"이용객",1
"이용료",1
"이윤",1
"이의",1
"이자",1
"이정표",1
"이직",1
"이탈",1
"이태",1
"이해관계",1
"이해관계자",1
"이행",1
"인격",1
"인구",1
"인내",1
"인대",1
"인디",1
"인물",1
"인본",1
"인사동",1
"인생관",1
"인솔",1
"인쇄",1
"인쇄비",1
"인수인계",1
"인테리어",1
"인하",1
"일괄",1
"일기",1
"일대일",1
"일등",1
"일렬",1
"일로",1
"일리",1
"일사분란",1
"일사천리",1
"일석이조",1
"일요일",1
"일일",1
"일자리",1
"일종",1
"일주",1
"일처",1
"일행",1
"일호",1
"임금",1
"임기",1
"임시방편",1
"입",1
"입선",1
"입출력",1
"잉글리시",1
"자가",1
"자국",1
"자극제",1
"자기주장",1
"자대",1
"자로",1
"자막",1
"자만",1
"자부",1
"자외선",1
"자유로",1
"자율",1
"자장면",1
"자제력",1
"자존심",1
"자투리",1
"작용",1
"잔심부름",1
"잔업",1
"잔여물",1
"잠꼬대",1
"장관",1
"장교",1
"장기간",1
"장난",1
"장남감",1
"장마철",1
"장면",1
"장병",1
"장사",1
"장시간",1
"장식",1
"장식물",1
"장저",1
"재",1
"재무부",1
"재산",1
"재질",1
"재치",1
"저널",1
"저부",1
"저온",1
"저자",1
"저조",1
"적금",1
"적기",1
"적도",1
"적부",1
"적성",1
"적의",1
"적지",1
"전공자",1
"전교",1
"전기공학과",1
"전기실",1
"전년도",1
"전당",1
"전대",1
"전력량",1
"전례",1
"전류",1
"전마",1
"전무",1
"전문대",1
"전문인",1
"전문점",1
"전방",1
"전산학",1
"전수",1
"전시회장",1
"전압",1
"전자기",1
"전자동",1
"전쟁터",1
"전적",1
"전제",1
"전투력",1
"전화위복",1
"절제력",1
"절충",1
"절충안",1
"절호",1
"젊은이",1
"젊은층",1
"점유",1
"점진",1
"접속",1
"접점",1
"접지",1
"접촉",1
"정년",1
"정량",1
"정반대",1
"정부",1
"정산",1
"정시",1
"정신력",1
"정예",1
"정원",1
"정유업체",1
"정제",1
"정체",1
"제목",1
"제스",1
"제습기",1
"제안자",1
"제자리걸음",1
"제작비",1
"제조법",1
"제조사",1
"제주도",1
"조건이",1
"조건하",1
"조기",1
"조도",1
"조립",1
"조립식",1
"조사지",1
"조성해",1
"조언자",1
"조정",1
"조직력",1
"조회",1
"족구",1
"존",1
"존댓말",1
"존재감",1
"졸고",1
"종",1
"종강",1
"종교",1
"종량제",1
"종이컵",1
"종일",1
"종자",1
"종족",1
"좌불안석",1
"좌우",1
"죄책감",1
"주거",1
"주관",1
"주립",1
"주마",1
"주머니",1
"주먹구구식",1
"주목",1
"주방",1
"주변인",1
"주사",1
"주석",1
"주저",1
"주전",1
"주정",1
"주지",1
"주황",1
"죽기",1
"줄",1
"줌",1
"중견",1
"중고",1
"중구난방",1
"중구난방식",1
"중국인",1
"중단",1
"중대",1
"중대장",1
"중립",1
"중상",1
"중순",1
"중시",1
"중심가",1
"중앙동",1
"중의",1
"중재하",1
"중퇴",1
"쥐구멍",1
"즉석식품",1
"증",1
"지게",1
"지경",1
"지대",1
"지름길",1
"지명",1
"지목",1
"지방",1
"지배력",1
"지배하",1
"지번",1
"지부",1
"지시한",1
"지원금",1
"지자기",1
"지적",1
"지정한",1
"지지대",1
"지출",1
"지킴",1
"지평",1
"지혜",1
"지휘",1
"직간접",1
"직성",1
"직업관",1
"진돗개",1
"진두지휘",1
"진전",1
"진주",1
"진현준",1
"진흙",1
"질산",1
"질의",1
"질의응답",1
"질풍노도",1
"집게",1
"집결지",1
"집합체",1
"집행부",1
"징",1
"찌지",1
"차고",1
"차단제",1
"차로",1
"차원",1
"차장",1
"차지",1
"차트",1
"찰나",1
"참고",1
"참모",1
"참석자",1
"창",1
"창시",1
"창업자",1
"창작물",1
"채권단",1
"채용",1
"책무",1
"책임자",1
"책자",1
"챌린지",1
"챔피언십",1
"처지",1
"천",1
"천안함",1
"천연",1
"철강",1
"첫차",1
"청결",1
"청량감",1
"청사진",1
"청정",1
"청주",1
"청화대학",1
"체",1
"체공",1
"체구",1
"체육부",1
"체전",1
"체크",1
"체크리스트",1
"체험장",1
"초급반",1
"초록",1
"초면",1
"초지",1
"촉각",1
"촉망",1
"촉매",1
"촌",1
"촛불",1
"총",1
"총력",1
"총무",1
"최단",1
"최대인",1
"최상위",1
"추리",1
"축구부",1
"축하",1
"출구",1
"출근",1
"출력",1
"출발선",1
"출원",1
"출처",1
"출퇴근",1
"충성",1
"충전",1
"충전기",1
"취약",1
"측정법",1
"치기",1
"친인척",1
"친척",1
"칠레",1
"칠성",1
"칠판",1
"침해",1
"카야",1
"카카오스토리",1
"카카오톡",1
"칼",1
"캐노피",1
"캔",1
"캠코더",1
"캠핑장",1
"커리어",1
"커리큘럼",1
"컨벤션",1
"컨셉",1
"컬럼",1
"컴",1
"컴포넌트",1
"컴플레인",1
"코더",1
"코발트",1
"코어",1
"코일",1
"코치",1
"코트",1
"콘테스트",1
"콤플렉스",1
"쿠션",1
"쿼터",1
"퀴즈",1
"클래스",1
"키워",1
"킬",1
"타격감",1
"타사",1
"타서",1
"타수",1
"타지",1
"탄소",1
"탄약",1
"탈영",1
"탈자",1
"탈지",1
"탐구",1
"탐색",1
"태블릿",1
"태평",1
"탭",1
"터전",1
"텀",1
"테",1
"테스팅",1
"테이블",1
"테일",1
"텍스트",1
"텔레",1
"토끼",1
"토론회",1
"토의",1
"톡",1
"톱",1
"통로",1
"통상",1
"통신료",1
"통신사",1
"통신업",1
"통의",1
"통장",1
"통제실",1
"통제하",1
"통증",1
"통지",1
"통찰",1
"통학",1
"퇴사",1
"퇴색",1
"투고",1
"투명",1
"투자자",1
"트레이너",1
"특단",1
"특례",1
"특이점",1
"틈새",1
"틈새시장",1
"티타늄",1
"파급력",1
"파손",1
"파업",1
"파이낸스",1
"파장",1
"판매원",1
"팜플렛",1
"팝",1
"팝송",1
"팝업",1
"패널",1
"패드",1
"패러다임",1
"패키지",1
"팬",1
"팽창",1
"퍼레이드",1
"퍼스널",1
"퍼포먼스",1
"펌웨어",1
"페로몬",1
"펜션",1
"펜스",1
"펜팔",1
"편",1
"편익",1
"편파",1
"평등",1
"평화방송",1
"폐쇄",1
"폐업",1
"포괄",1
"포름알데히드",1
"포신",1
"포장업",1
"포지션",1
"포크",1
"포탈",1
"포털",1
"포토",1
"포화",1
"폭발",1
"폭침",1
"폴로",1
"폴리머",1
"표기",1
"표시",1
"표시해",1
"표창",1
"푸념",1
"풀이",1
"품바",1
"풍",1
"풍로",1
"풍요",1
"프레임",1
"프로필",1
"프론트",1
"프리젠테이션",1
"프리토킹",1
"플레이",1
"플롯",1
"피레네",1
"피부",1
"피상",1
"피자",1
"피치",1
"핀란드",1
"필리핀",1
"하급",1
"하드",1
"하락",1
"하반기",1
"하버드",1
"하소연",1
"하중",1
"하지",1
"학계",1
"학교장",1
"학구열",1
"학급",1
"학사",1
"학성",1
"학술제",1
"학습관",1
"학습지",1
"학용품",1
"학원비",1
"학제",1
"한국식",1
"한나절",1
"한눈",1
"한때",1
"한방",1
"한숨",1
"한양대생",1
"한양대학교",1
"한쪽",1
"한참",1
"한학기",1
"할머니",1
"합금",1
"합숙",1
"핫바",1
"항공",1
"항공료",1
"항로",1
"항의",1
"해군부",1
"해남",1
"해달",1
"해드",1
"해로",1
"해병대",1
"해상",1
"해설",1
"해제",1
"해킹",1
"행거",1
"행사장",1
"행위",1
"행인",1
"행정학",1
"행태",1
"향",1
"허니",1
"허무",1
"허용",1
"허점",1
"현대",1
"현물",1
"현지화",1
"협약",1
"협의하",1
"협회",1
"형상",1
"형성",1
"형인",1
"형제",1
"형편",1
"호감",1
"호언장담",1
"호황",1
"호흡",1
"혹평",1
"혼",1
"혼란",1
"혼미",1
"홍",1
"홍대",1
"홍보물",1
"화력",1
"화물",1
"확률",1
"확산",1
"확장",1
"확충",1
"환",1
"환골탈태",1
"환불",1
"환상",1
"환영회",1
"환원",1
"환자",1
"환호",1
"활기",1
"활동자",1
"활등",1
"활력소",1
"황",1
"회생",1
"회선",1
"회피",1
"효자",1
"후반부",1
"후방",1
"후임자",1
"훈련소",1
"휴전",1
"흑인",1
"흠집",1
"희열",1
"히치하이킹",1
"힙합",1
